timestamp,temp_c
2018-01-01 00:15,6.598
2018-01-01 00:30,6.219
2018-01-01 00:45,5.841
2018-01-01 01:00,5.462
2018-01-01 01:15,-4.748
2018-01-01 01:30,-5.312
2018-01-01 01:45,-5.875
2018-01-01 02:00,-6.438
2018-01-01 02:15,-6.583
2018-01-01 02:30,-6.727
2018-01-01 02:45,-6.871
2018-01-01 03:00,-7.016
2018-01-01 03:15,-7.016
2018-01-01 03:30,-7.016
2018-01-01 03:45,-7.016
2018-01-01 04:00,-7.016
2018-01-01 04:15,-7.238
2018-01-01 04:30,-7.462
2018-01-01 04:45,-7.684
2018-01-01 05:00,-7.908
2018-01-01 05:15,-7.937
2018-01-01 05:30,-7.966
2018-01-01 05:45,-7.994
2018-01-01 06:00,-8.023
2018-01-01 06:15,-8.15
2018-01-01 06:30,-8.277
2018-01-01 06:45,-8.404
2018-01-01 07:00,-8.531
2018-01-01 07:15,-8.656
2018-01-01 07:30,-8.781
2018-01-01 07:45,-8.906
2018-01-01 08:00,-9.031
2018-01-01 08:15,-9.031
2018-01-01 08:30,-9.031
2018-01-01 08:45,-9.031
2018-01-01 09:00,-9.031
2018-01-01 09:15,-8.884
2018-01-01 09:30,-8.738
2018-01-01 09:45,-8.592
2018-01-01 10:00,-8.446
2018-01-01 10:15,-8.146
2018-01-01 10:30,-7.846
2018-01-01 10:45,-7.546
2018-01-01 11:00,-7.246
2018-01-01 11:15,-6.966
2018-01-01 11:30,-6.684
2018-01-01 11:45,-6.404
2018-01-01 12:00,-6.123
2018-01-01 12:15,-5.744
2018-01-01 12:30,-5.366
2018-01-01 12:45,-4.987
2018-01-01 13:00,-4.608
2018-01-01 13:15,-4.404
2018-01-01 13:30,-4.2
2018-01-01 13:45,-3.996
2018-01-01 14:00,-3.792
2018-01-01 14:15,-3.591
2018-01-01 14:30,-3.388
2018-01-01 14:45,-3.187
2018-01-01 15:00,-2.984
2018-01-01 15:15,-2.8
2018-01-01 15:30,-2.616
2018-01-01 15:45,-2.431
2018-01-01 16:00,-2.246
2018-01-01 16:15,-2.188
2018-01-01 16:30,-2.131
2018-01-01 16:45,-2.073
2018-01-01 17:00,-2.016
2018-01-01 17:15,-2.084
2018-01-01 17:30,-2.154
2018-01-01 17:45,-2.223
2018-01-01 18:00,-2.292
2018-01-01 18:15,-2.544
2018-01-01 18:30,-2.796
2018-01-01 18:45,-3.048
2018-01-01 19:00,-3.3
2018-01-01 19:15,-3.521
2018-01-01 19:30,-3.742
2018-01-01 19:45,-3.963
2018-01-01 20:00,-4.184
2018-01-01 20:15,-4.369
2018-01-01 20:30,-4.554
2018-01-01 20:45,-4.738
2018-01-01 21:00,-4.923
2018-01-01 21:15,-4.777
2018-01-01 21:30,-4.631
2018-01-01 21:45,-4.484
2018-01-01 22:00,-4.338
2018-01-01 22:15,-4.262
2018-01-01 22:30,-4.184
2018-01-01 22:45,-4.108
2018-01-01 23:00,-4.031
2018-01-01 23:15,-4.031
2018-01-01 23:30,-4.031
2018-01-01 23:45,-4.031
2018-01-02 00:00,-4.031
2018-01-02 00:15,-4.069
2018-01-02 00:30,-4.108
2018-01-02 00:45,-4.146
2018-01-02 01:00,-4.184
2018-01-02 01:15,-4.556
2018-01-02 01:30,-4.927
2018-01-02 01:45,-5.298
2018-01-02 02:00,-5.669
2018-01-02 02:15,-5.744
2018-01-02 02:30,-5.819
2018-01-02 02:45,-5.894
2018-01-02 03:00,-5.969
2018-01-02 03:15,-5.766
2018-01-02 03:30,-5.562
2018-01-02 03:45,-5.358
2018-01-02 04:00,-5.154
2018-01-02 04:15,-5.116
2018-01-02 04:30,-5.077
2018-01-02 04:45,-5.038
2018-01-02 05:00,-5.0
2018-01-02 05:15,-5.0
2018-01-02 05:30,-5.0
2018-01-02 05:45,-5.0
2018-01-02 06:00,-5.0
2018-01-02 06:15,-5.0
2018-01-02 06:30,-5.0
2018-01-02 06:45,-5.0
2018-01-02 07:00,-5.0
2018-01-02 07:15,-4.758
2018-01-02 07:30,-4.516
2018-01-02 07:45,-4.273
2018-01-02 08:00,-4.031
2018-01-02 08:15,-4.031
2018-01-02 08:30,-4.031
2018-01-02 08:45,-4.031
2018-01-02 09:00,-4.031
2018-01-02 09:15,-4.021
2018-01-02 09:30,-4.012
2018-01-02 09:45,-4.002
2018-01-02 10:00,-3.992
2018-01-02 10:15,-3.992
2018-01-02 10:30,-3.992
2018-01-02 10:45,-3.992
2018-01-02 11:00,-3.992
2018-01-02 11:15,-3.942
2018-01-02 11:30,-3.892
2018-01-02 11:45,-3.842
2018-01-02 12:00,-3.792
2018-01-02 12:15,-3.6
2018-01-02 12:30,-3.408
2018-01-02 12:45,-3.216
2018-01-02 13:00,-3.023
2018-01-02 13:15,-3.023
2018-01-02 13:30,-3.023
2018-01-02 13:45,-3.023
2018-01-02 14:00,-3.023
2018-01-02 14:15,-3.042
2018-01-02 14:30,-3.062
2018-01-02 14:45,-3.081
2018-01-02 15:00,-3.1
2018-01-02 15:15,-3.081
2018-01-02 15:30,-3.062
2018-01-02 15:45,-3.042
2018-01-02 16:00,-3.023
2018-01-02 16:15,-3.023
2018-01-02 16:30,-3.023
2018-01-02 16:45,-3.023
2018-01-02 17:00,-3.023
2018-01-02 17:15,-3.023
2018-01-02 17:30,-3.023
2018-01-02 17:45,-3.023
2018-01-02 18:00,-3.023
2018-01-02 18:15,-3.023
2018-01-02 18:30,-3.023
2018-01-02 18:45,-3.023
2018-01-02 19:00,-3.023
2018-01-02 19:15,-3.023
2018-01-02 19:30,-3.023
2018-01-02 19:45,-3.023
2018-01-02 20:00,-3.023
2018-01-02 20:15,-3.023
2018-01-02 20:30,-3.023
2018-01-02 20:45,-3.023
2018-01-02 21:00,-3.023
2018-01-02 21:15,-3.15
2018-01-02 21:30,-3.277
2018-01-02 21:45,-3.404
2018-01-02 22:00,-3.531
2018-01-02 22:15,-3.55
2018-01-02 22:30,-3.569
2018-01-02 22:45,-3.588
2018-01-02 23:00,-3.608
2018-01-02 23:15,-3.713
2018-01-02 23:30,-3.819
2018-01-02 23:45,-3.925
2018-01-03 00:00,-4.031
2018-01-03 00:15,-4.381
2018-01-03 00:30,-4.731
2018-01-03 00:45,-5.081
2018-01-03 01:00,-5.431
2018-01-03 01:15,-5.575
2018-01-03 01:30,-5.719
2018-01-03 01:45,-5.863
2018-01-03 02:00,-6.008
2018-01-03 02:15,-6.231
2018-01-03 02:30,-6.454
2018-01-03 02:45,-6.677
2018-01-03 03:00,-6.9
2018-01-03 03:15,-6.929
2018-01-03 03:30,-6.958
2018-01-03 03:45,-6.987
2018-01-03 04:00,-7.016
2018-01-03 04:15,-7.016
2018-01-03 04:30,-7.016
2018-01-03 04:45,-7.016
2018-01-03 05:00,-7.016
2018-01-03 05:15,-7.016
2018-01-03 05:30,-7.016
2018-01-03 05:45,-7.016
2018-01-03 06:00,-7.016
2018-01-03 06:15,-7.016
2018-01-03 06:30,-7.016
2018-01-03 06:45,-7.016
2018-01-03 07:00,-7.016
2018-01-03 07:15,-7.131
2018-01-03 07:30,-7.246
2018-01-03 07:45,-7.362
2018-01-03 08:00,-7.477
2018-01-03 08:15,-7.333
2018-01-03 08:30,-7.188
2018-01-03 08:45,-7.044
2018-01-03 09:00,-6.9
2018-01-03 09:15,-6.431
2018-01-03 09:30,-5.962
2018-01-03 09:45,-5.492
2018-01-03 10:00,-5.023
2018-01-03 10:15,-4.133
2018-01-03 10:30,-3.242
2018-01-03 10:45,-2.352
2018-01-03 11:00,-1.462
2018-01-03 11:15,-0.523
2018-01-03 11:30,0.416
2018-01-03 11:45,1.354
2018-01-03 12:00,2.292
2018-01-03 12:15,2.662
2018-01-03 12:30,3.031
2018-01-03 12:45,3.4
2018-01-03 13:00,3.769
2018-01-03 13:15,4.369
2018-01-03 13:30,4.969
2018-01-03 13:45,5.569
2018-01-03 14:00,6.169
2018-01-03 14:15,6.721
2018-01-03 14:30,7.273
2018-01-03 14:45,7.825
2018-01-03 15:00,8.377
2018-01-03 15:15,8.687
2018-01-03 15:30,8.996
2018-01-03 15:45,9.306
2018-01-03 16:00,9.616
2018-01-03 16:15,9.731
2018-01-03 16:30,9.846
2018-01-03 16:45,9.962
2018-01-03 17:00,10.077
2018-01-03 17:15,9.883
2018-01-03 17:30,9.688
2018-01-03 17:45,9.494
2018-01-03 18:00,9.3
2018-01-03 18:15,8.804
2018-01-03 18:30,8.308
2018-01-03 18:45,7.812
2018-01-03 19:00,7.316
2018-01-03 19:15,6.929
2018-01-03 19:30,6.542
2018-01-03 19:45,6.156
2018-01-03 20:00,5.769
2018-01-03 20:15,5.421
2018-01-03 20:30,5.073
2018-01-03 20:45,4.725
2018-01-03 21:00,4.377
2018-01-03 21:15,4.231
2018-01-03 21:30,4.084
2018-01-03 21:45,3.938
2018-01-03 22:00,3.792
2018-01-03 22:15,3.648
2018-01-03 22:30,3.504
2018-01-03 22:45,3.359
2018-01-03 23:00,3.216
2018-01-03 23:15,2.952
2018-01-03 23:30,2.688
2018-01-03 23:45,2.425
2018-01-04 00:00,2.162
2018-01-04 00:15,2.184
2018-01-04 00:30,2.208
2018-01-04 00:45,2.231
2018-01-04 01:00,2.254
2018-01-04 01:15,2.017
2018-01-04 01:30,1.781
2018-01-04 01:45,1.544
2018-01-04 02:00,1.308
2018-01-04 02:15,1.066
2018-01-04 02:30,0.823
2018-01-04 02:45,0.581
2018-01-04 03:00,0.338
2018-01-04 03:15,-0.038
2018-01-04 03:30,-0.416
2018-01-04 03:45,-0.792
2018-01-04 04:00,-1.169
2018-01-04 04:15,-1.012
2018-01-04 04:30,-0.854
2018-01-04 04:45,-0.696
2018-01-04 05:00,-0.538
2018-01-04 05:15,-0.5
2018-01-04 05:30,-0.462
2018-01-04 05:45,-0.423
2018-01-04 06:00,-0.384
2018-01-04 06:15,-0.406
2018-01-04 06:30,-0.427
2018-01-04 06:45,-0.448
2018-01-04 07:00,-0.469
2018-01-04 07:15,-0.673
2018-01-04 07:30,-0.877
2018-01-04 07:45,-1.081
2018-01-04 08:00,-1.284
2018-01-04 08:15,-1.333
2018-01-04 08:30,-1.381
2018-01-04 08:45,-1.429
2018-01-04 09:00,-1.477
2018-01-04 09:15,-1.075
2018-01-04 09:30,-0.673
2018-01-04 09:45,-0.271
2018-01-04 10:00,0.131
2018-01-04 10:15,0.808
2018-01-04 10:30,1.484
2018-01-04 10:45,2.162
2018-01-04 11:00,2.838
2018-01-04 11:15,3.352
2018-01-04 11:30,3.866
2018-01-04 11:45,4.379
2018-01-04 12:00,4.892
2018-01-04 12:15,5.308
2018-01-04 12:30,5.723
2018-01-04 12:45,6.138
2018-01-04 13:00,6.554
2018-01-04 13:15,6.959
2018-01-04 13:30,7.366
2018-01-04 13:45,7.771
2018-01-04 14:00,8.177
2018-01-04 14:15,8.35
2018-01-04 14:30,8.523
2018-01-04 14:45,8.696
2018-01-04 15:00,8.869
2018-01-04 15:15,9.106
2018-01-04 15:30,9.342
2018-01-04 15:45,9.579
2018-01-04 16:00,9.816
2018-01-04 16:15,9.938
2018-01-04 16:30,10.062
2018-01-04 16:45,10.184
2018-01-04 17:00,10.308
2018-01-04 17:15,10.046
2018-01-04 17:30,9.784
2018-01-04 17:45,9.523
2018-01-04 18:00,9.262
2018-01-04 18:15,8.962
2018-01-04 18:30,8.662
2018-01-04 18:45,8.362
2018-01-04 19:00,8.062
2018-01-04 19:15,7.809
2018-01-04 19:30,7.558
2018-01-04 19:45,7.306
2018-01-04 20:00,7.054
2018-01-04 20:15,6.966
2018-01-04 20:30,6.877
2018-01-04 20:45,6.788
2018-01-04 21:00,6.7
2018-01-04 21:15,6.467
2018-01-04 21:30,6.234
2018-01-04 21:45,6.002
2018-01-04 22:00,5.769
2018-01-04 22:15,5.498
2018-01-04 22:30,5.227
2018-01-04 22:45,4.956
2018-01-04 23:00,4.684
2018-01-04 23:15,4.512
2018-01-04 23:30,4.338
2018-01-04 23:45,4.166
2018-01-05 00:00,3.992
2018-01-05 00:15,3.846
2018-01-05 00:30,3.7
2018-01-05 00:45,3.554
2018-01-05 01:00,3.408
2018-01-05 01:15,3.388
2018-01-05 01:30,3.369
2018-01-05 01:45,3.35
2018-01-05 02:00,3.331
2018-01-05 02:15,3.292
2018-01-05 02:30,3.254
2018-01-05 02:45,3.216
2018-01-05 03:00,3.177
2018-01-05 03:15,3.091
2018-01-05 03:30,3.004
2018-01-05 03:45,2.917
2018-01-05 04:00,2.831
2018-01-05 04:15,2.762
2018-01-05 04:30,2.692
2018-01-05 04:45,2.623
2018-01-05 05:00,2.554
2018-01-05 05:15,2.419
2018-01-05 05:30,2.284
2018-01-05 05:45,2.15
2018-01-05 06:00,2.016
2018-01-05 06:15,1.975
2018-01-05 06:30,1.934
2018-01-05 06:45,1.894
2018-01-05 07:00,1.854
2018-01-05 07:15,1.884
2018-01-05 07:30,1.916
2018-01-05 07:45,1.946
2018-01-05 08:00,1.977
2018-01-05 08:15,1.812
2018-01-05 08:30,1.646
2018-01-05 08:45,1.481
2018-01-05 09:00,1.316
2018-01-05 09:15,1.677
2018-01-05 09:30,2.038
2018-01-05 09:45,2.4
2018-01-05 10:00,2.762
2018-01-05 10:15,3.809
2018-01-05 10:30,4.858
2018-01-05 10:45,5.906
2018-01-05 11:00,6.954
2018-01-05 11:15,8.173
2018-01-05 11:30,9.392
2018-01-05 11:45,10.612
2018-01-05 12:00,11.831
2018-01-05 12:15,12.323
2018-01-05 12:30,12.816
2018-01-05 12:45,13.308
2018-01-05 13:00,13.8
2018-01-05 13:15,14.313
2018-01-05 13:30,14.827
2018-01-05 13:45,15.341
2018-01-05 14:00,15.854
2018-01-05 14:15,16.019
2018-01-05 14:30,16.184
2018-01-05 14:45,16.35
2018-01-05 15:00,16.516
2018-01-05 15:15,16.631
2018-01-05 15:30,16.746
2018-01-05 15:45,16.862
2018-01-05 16:00,16.977
2018-01-05 16:15,17.017
2018-01-05 16:30,17.058
2018-01-05 16:45,17.098
2018-01-05 17:00,17.138
2018-01-05 17:15,17.144
2018-01-05 17:30,17.15
2018-01-05 17:45,17.156
2018-01-05 18:00,17.162
2018-01-05 18:15,16.454
2018-01-05 18:30,15.746
2018-01-05 18:45,15.038
2018-01-05 19:00,14.331
2018-01-05 19:15,13.994
2018-01-05 19:30,13.658
2018-01-05 19:45,13.321
2018-01-05 20:00,12.984
2018-01-05 20:15,12.654
2018-01-05 20:30,12.323
2018-01-05 20:45,11.992
2018-01-05 21:00,11.662
2018-01-05 21:15,11.304
2018-01-05 21:30,10.946
2018-01-05 21:45,10.588
2018-01-05 22:00,10.231
2018-01-05 22:15,9.881
2018-01-05 22:30,9.531
2018-01-05 22:45,9.181
2018-01-05 23:00,8.831
2018-01-05 23:15,8.629
2018-01-05 23:30,8.427
2018-01-05 23:45,8.225
2018-01-06 00:00,8.023
2018-01-06 00:15,7.838
2018-01-06 00:30,7.654
2018-01-06 00:45,7.469
2018-01-06 01:00,7.284
2018-01-06 01:15,7.208
2018-01-06 01:30,7.131
2018-01-06 01:45,7.054
2018-01-06 02:00,6.977
2018-01-06 02:15,6.842
2018-01-06 02:30,6.708
2018-01-06 02:45,6.573
2018-01-06 03:00,6.438
2018-01-06 03:15,6.194
2018-01-06 03:30,5.95
2018-01-06 03:45,5.706
2018-01-06 04:00,5.462
2018-01-06 04:15,5.229
2018-01-06 04:30,4.996
2018-01-06 04:45,4.763
2018-01-06 05:00,4.531
2018-01-06 05:15,4.425
2018-01-06 05:30,4.319
2018-01-06 05:45,4.213
2018-01-06 06:00,4.108
2018-01-06 06:15,4.079
2018-01-06 06:30,4.05
2018-01-06 06:45,4.021
2018-01-06 07:00,3.992
2018-01-06 07:15,3.837
2018-01-06 07:30,3.681
2018-01-06 07:45,3.525
2018-01-06 08:00,3.369
2018-01-06 08:15,3.283
2018-01-06 08:30,3.196
2018-01-06 08:45,3.109
2018-01-06 09:00,3.023
2018-01-06 09:15,3.413
2018-01-06 09:30,3.804
2018-01-06 09:45,4.194
2018-01-06 10:00,4.584
2018-01-06 10:15,5.379
2018-01-06 10:30,6.173
2018-01-06 10:45,6.967
2018-01-06 11:00,7.762
2018-01-06 11:15,8.633
2018-01-06 11:30,9.504
2018-01-06 11:45,10.375
2018-01-06 12:00,11.246
2018-01-06 12:15,12.062
2018-01-06 12:30,12.877
2018-01-06 12:45,13.692
2018-01-06 13:00,14.508
2018-01-06 13:15,14.971
2018-01-06 13:30,15.434
2018-01-06 13:45,15.898
2018-01-06 14:00,16.362
2018-01-06 14:15,16.575
2018-01-06 14:30,16.788
2018-01-06 14:45,17.002
2018-01-06 15:00,17.216
2018-01-06 15:15,17.408
2018-01-06 15:30,17.6
2018-01-06 15:45,17.792
2018-01-06 16:00,17.984
2018-01-06 16:15,17.994
2018-01-06 16:30,18.004
2018-01-06 16:45,18.013
2018-01-06 17:00,18.023
2018-01-06 17:15,17.896
2018-01-06 17:30,17.769
2018-01-06 17:45,17.642
2018-01-06 18:00,17.516
2018-01-06 18:15,17.098
2018-01-06 18:30,16.681
2018-01-06 18:45,16.263
2018-01-06 19:00,15.846
2018-01-06 19:15,15.431
2018-01-06 19:30,15.016
2018-01-06 19:45,14.6
2018-01-06 20:00,14.184
2018-01-06 20:15,14.146
2018-01-06 20:30,14.108
2018-01-06 20:45,14.069
2018-01-06 21:00,14.031
2018-01-06 21:15,14.069
2018-01-06 21:30,14.108
2018-01-06 21:45,14.146
2018-01-06 22:00,14.184
2018-01-06 22:15,14.146
2018-01-06 22:30,14.108
2018-01-06 22:45,14.069
2018-01-06 23:00,14.031
2018-01-06 23:15,14.021
2018-01-06 23:30,14.012
2018-01-06 23:45,14.002
2018-01-07 00:00,13.992
2018-01-07 00:15,13.884
2018-01-07 00:30,13.777
2018-01-07 00:45,13.669
2018-01-07 01:00,13.562
2018-01-07 01:15,13.427
2018-01-07 01:30,13.292
2018-01-07 01:45,13.158
2018-01-07 02:00,13.023
2018-01-07 02:15,13.023
2018-01-07 02:30,13.023
2018-01-07 02:45,13.023
2018-01-07 03:00,13.023
2018-01-07 03:15,13.007
2018-01-07 03:30,12.992
2018-01-07 03:45,12.976
2018-01-07 04:00,12.96
2018-01-07 04:15,12.966
2018-01-07 04:30,12.972
2018-01-07 04:45,12.978
2018-01-07 05:00,12.984
2018-01-07 05:15,12.858
2018-01-07 05:30,12.731
2018-01-07 05:45,12.604
2018-01-07 06:00,12.477
2018-01-07 06:15,12.352
2018-01-07 06:30,12.227
2018-01-07 06:45,12.102
2018-01-07 07:00,11.977
2018-01-07 07:15,11.946
2018-01-07 07:30,11.916
2018-01-07 07:45,11.884
2018-01-07 08:00,11.854
2018-01-07 08:15,11.644
2018-01-07 08:30,11.434
2018-01-07 08:45,11.224
2018-01-07 09:00,11.014
2018-01-07 09:15,11.178
2018-01-07 09:30,11.342
2018-01-07 09:45,11.506
2018-01-07 10:00,11.669
2018-01-07 10:15,11.756
2018-01-07 10:30,11.842
2018-01-07 10:45,11.929
2018-01-07 11:00,12.016
2018-01-07 11:15,12.123
2018-01-07 11:30,12.231
2018-01-07 11:45,12.338
2018-01-07 12:00,12.446
2018-01-07 12:15,12.641
2018-01-07 12:30,12.834
2018-01-07 12:45,13.029
2018-01-07 13:00,13.223
2018-01-07 13:15,13.533
2018-01-07 13:30,13.842
2018-01-07 13:45,14.152
2018-01-07 14:00,14.462
2018-01-07 14:15,14.887
2018-01-07 14:30,15.313
2018-01-07 14:45,15.738
2018-01-07 15:00,16.164
2018-01-07 15:15,16.367
2018-01-07 15:30,16.571
2018-01-07 15:45,16.774
2018-01-07 16:00,16.977
2018-01-07 16:15,16.972
2018-01-07 16:30,16.967
2018-01-07 16:45,16.962
2018-01-07 17:00,16.957
2018-01-07 17:15,16.816
2018-01-07 17:30,16.675
2018-01-07 17:45,16.533
2018-01-07 18:00,16.392
2018-01-07 18:15,16.267
2018-01-07 18:30,16.142
2018-01-07 18:45,16.017
2018-01-07 19:00,15.892
2018-01-07 19:15,15.834
2018-01-07 19:30,15.777
2018-01-07 19:45,15.719
2018-01-07 20:00,15.662
2018-01-07 20:15,15.369
2018-01-07 20:30,15.077
2018-01-07 20:45,14.784
2018-01-07 21:00,14.492
2018-01-07 21:15,14.375
2018-01-07 21:30,14.258
2018-01-07 21:45,14.141
2018-01-07 22:00,14.023
2018-01-07 22:15,13.531
2018-01-07 22:30,13.038
2018-01-07 22:45,12.546
2018-01-07 23:00,12.054
2018-01-07 23:15,11.859
2018-01-07 23:30,11.666
2018-01-07 23:45,11.471
2018-01-08 00:00,11.277
2018-01-08 00:15,11.181
2018-01-08 00:30,11.084
2018-01-08 00:45,10.988
2018-01-08 01:00,10.892
2018-01-08 01:15,10.669
2018-01-08 01:30,10.446
2018-01-08 01:45,10.223
2018-01-08 02:00,10.0
2018-01-08 02:15,9.748
2018-01-08 02:30,9.496
2018-01-08 02:45,9.244
2018-01-08 03:00,8.992
2018-01-08 03:15,8.759
2018-01-08 03:30,8.527
2018-01-08 03:45,8.294
2018-01-08 04:00,8.062
2018-01-08 04:15,7.791
2018-01-08 04:30,7.519
2018-01-08 04:45,7.248
2018-01-08 05:00,6.977
2018-01-08 05:15,6.977
2018-01-08 05:30,6.977
2018-01-08 05:45,6.977
2018-01-08 06:00,6.977
2018-01-08 06:15,6.821
2018-01-08 06:30,6.666
2018-01-08 06:45,6.509
2018-01-08 07:00,6.354
2018-01-08 07:15,6.131
2018-01-08 07:30,5.908
2018-01-08 07:45,5.684
2018-01-08 08:00,5.462
2018-01-08 08:15,5.492
2018-01-08 08:30,5.523
2018-01-08 08:45,5.554
2018-01-08 09:00,5.584
2018-01-08 09:15,5.808
2018-01-08 09:30,6.031
2018-01-08 09:45,6.254
2018-01-08 10:00,6.477
2018-01-08 10:15,6.913
2018-01-08 10:30,7.35
2018-01-08 10:45,7.787
2018-01-08 11:00,8.223
2018-01-08 11:15,8.804
2018-01-08 11:30,9.384
2018-01-08 11:45,9.966
2018-01-08 12:00,10.546
2018-01-08 12:15,10.875
2018-01-08 12:30,11.204
2018-01-08 12:45,11.533
2018-01-08 13:00,11.862
2018-01-08 13:15,12.25
2018-01-08 13:30,12.638
2018-01-08 13:45,13.027
2018-01-08 14:00,13.416
2018-01-08 14:15,13.784
2018-01-08 14:30,14.154
2018-01-08 14:45,14.523
2018-01-08 15:00,14.892
2018-01-08 15:15,15.191
2018-01-08 15:30,15.488
2018-01-08 15:45,15.787
2018-01-08 16:00,16.084
2018-01-08 16:15,16.25
2018-01-08 16:30,16.416
2018-01-08 16:45,16.581
2018-01-08 17:00,16.746
2018-01-08 17:15,16.687
2018-01-08 17:30,16.627
2018-01-08 17:45,16.567
2018-01-08 18:00,16.508
2018-01-08 18:15,15.769
2018-01-08 18:30,15.031
2018-01-08 18:45,14.292
2018-01-08 19:00,13.554
2018-01-08 19:15,13.052
2018-01-08 19:30,12.55
2018-01-08 19:45,12.048
2018-01-08 20:00,11.546
2018-01-08 20:15,11.546
2018-01-08 20:30,11.546
2018-01-08 20:45,11.546
2018-01-08 21:00,11.546
2018-01-08 21:15,11.091
2018-01-08 21:30,10.634
2018-01-08 21:45,10.179
2018-01-08 22:00,9.723
2018-01-08 22:15,9.509
2018-01-08 22:30,9.296
2018-01-08 22:45,9.083
2018-01-08 23:00,8.869
2018-01-08 23:15,8.559
2018-01-08 23:30,8.25
2018-01-08 23:45,7.941
2018-01-09 00:00,7.631
2018-01-09 00:15,7.506
2018-01-09 00:30,7.381
2018-01-09 00:45,7.256
2018-01-09 01:00,7.131
2018-01-09 01:15,6.898
2018-01-09 01:30,6.666
2018-01-09 01:45,6.433
2018-01-09 02:00,6.2
2018-01-09 02:15,6.123
2018-01-09 02:30,6.046
2018-01-09 02:45,5.969
2018-01-09 03:00,5.892
2018-01-09 03:15,5.484
2018-01-09 03:30,5.077
2018-01-09 03:45,4.669
2018-01-09 04:00,4.262
2018-01-09 04:15,4.387
2018-01-09 04:30,4.512
2018-01-09 04:45,4.637
2018-01-09 05:00,4.762
2018-01-09 05:15,4.634
2018-01-09 05:30,4.508
2018-01-09 05:45,4.381
2018-01-09 06:00,4.254
2018-01-09 06:15,4.034
2018-01-09 06:30,3.816
2018-01-09 06:45,3.596
2018-01-09 07:00,3.377
2018-01-09 07:15,3.519
2018-01-09 07:30,3.662
2018-01-09 07:45,3.804
2018-01-09 08:00,3.946
2018-01-09 08:15,3.708
2018-01-09 08:30,3.469
2018-01-09 08:45,3.231
2018-01-09 09:00,2.992
2018-01-09 09:15,3.352
2018-01-09 09:30,3.712
2018-01-09 09:45,4.071
2018-01-09 10:00,4.431
2018-01-09 10:15,5.194
2018-01-09 10:30,5.958
2018-01-09 10:45,6.721
2018-01-09 11:00,7.484
2018-01-09 11:15,8.067
2018-01-09 11:30,8.65
2018-01-09 11:45,9.233
2018-01-09 12:00,9.816
2018-01-09 12:15,10.387
2018-01-09 12:30,10.958
2018-01-09 12:45,11.529
2018-01-09 13:00,12.1
2018-01-09 13:15,12.487
2018-01-09 13:30,12.873
2018-01-09 13:45,13.259
2018-01-09 14:00,13.646
2018-01-09 14:15,14.092
2018-01-09 14:30,14.538
2018-01-09 14:45,14.984
2018-01-09 15:00,15.431
2018-01-09 15:15,15.625
2018-01-09 15:30,15.819
2018-01-09 15:45,16.013
2018-01-09 16:00,16.208
2018-01-09 16:15,16.342
2018-01-09 16:30,16.477
2018-01-09 16:45,16.612
2018-01-09 17:00,16.746
2018-01-09 17:15,16.442
2018-01-09 17:30,16.138
2018-01-09 17:45,15.834
2018-01-09 18:00,15.531
2018-01-09 18:15,14.746
2018-01-09 18:30,13.962
2018-01-09 18:45,13.177
2018-01-09 19:00,12.392
2018-01-09 19:15,11.879
2018-01-09 19:30,11.366
2018-01-09 19:45,10.852
2018-01-09 20:00,10.338
2018-01-09 20:15,9.913
2018-01-09 20:30,9.488
2018-01-09 20:45,9.063
2018-01-09 21:00,8.638
2018-01-09 21:15,8.469
2018-01-09 21:30,8.299
2018-01-09 21:45,8.129
2018-01-09 22:00,7.96
2018-01-09 22:15,7.976
2018-01-09 22:30,7.992
2018-01-09 22:45,8.007
2018-01-09 23:00,8.023
2018-01-09 23:15,8.013
2018-01-09 23:30,8.004
2018-01-09 23:45,7.994
2018-01-10 00:00,7.984
2018-01-10 00:15,7.963
2018-01-10 00:30,7.942
2018-01-10 00:45,7.921
2018-01-10 01:00,7.9
2018-01-10 01:15,7.921
2018-01-10 01:30,7.942
2018-01-10 01:45,7.963
2018-01-10 02:00,7.984
2018-01-10 02:15,7.994
2018-01-10 02:30,8.004
2018-01-10 02:45,8.013
2018-01-10 03:00,8.023
2018-01-10 03:15,8.054
2018-01-10 03:30,8.084
2018-01-10 03:45,8.116
2018-01-10 04:00,8.146
2018-01-10 04:15,8.358
2018-01-10 04:30,8.569
2018-01-10 04:45,8.781
2018-01-10 05:00,8.992
2018-01-10 05:15,9.002
2018-01-10 05:30,9.012
2018-01-10 05:45,9.021
2018-01-10 06:00,9.031
2018-01-10 06:15,9.021
2018-01-10 06:30,9.012
2018-01-10 06:45,9.002
2018-01-10 07:00,8.992
2018-01-10 07:15,8.992
2018-01-10 07:30,8.992
2018-01-10 07:45,8.992
2018-01-10 08:00,8.992
2018-01-10 08:15,8.992
2018-01-10 08:30,8.992
2018-01-10 08:45,8.992
2018-01-10 09:00,8.992
2018-01-10 09:15,9.002
2018-01-10 09:30,9.012
2018-01-10 09:45,9.021
2018-01-10 10:00,9.031
2018-01-10 10:15,9.177
2018-01-10 10:30,9.323
2018-01-10 10:45,9.469
2018-01-10 11:00,9.616
2018-01-10 11:15,9.896
2018-01-10 11:30,10.177
2018-01-10 11:45,10.458
2018-01-10 12:00,10.738
2018-01-10 12:15,10.856
2018-01-10 12:30,10.973
2018-01-10 12:45,11.091
2018-01-10 13:00,11.208
2018-01-10 13:15,11.391
2018-01-10 13:30,11.573
2018-01-10 13:45,11.756
2018-01-10 14:00,11.938
2018-01-10 14:15,12.123
2018-01-10 14:30,12.308
2018-01-10 14:45,12.492
2018-01-10 15:00,12.677
2018-01-10 15:15,12.924
2018-01-10 15:30,13.171
2018-01-10 15:45,13.417
2018-01-10 16:00,13.664
2018-01-10 16:15,14.172
2018-01-10 16:30,14.678
2018-01-10 16:45,15.186
2018-01-10 17:00,15.693
2018-01-10 17:15,16.014
2018-01-10 17:30,16.335
2018-01-10 17:45,16.656
2018-01-10 18:00,16.977
2018-01-10 18:15,16.763
2018-01-10 18:30,16.55
2018-01-10 18:45,16.337
2018-01-10 19:00,16.123
2018-01-10 19:15,15.831
2018-01-10 19:30,15.538
2018-01-10 19:45,15.246
2018-01-10 20:00,14.954
2018-01-10 20:15,14.683
2018-01-10 20:30,14.412
2018-01-10 20:45,14.141
2018-01-10 21:00,13.869
2018-01-10 21:15,13.648
2018-01-10 21:30,13.427
2018-01-10 21:45,13.206
2018-01-10 22:00,12.984
2018-01-10 22:15,12.858
2018-01-10 22:30,12.731
2018-01-10 22:45,12.604
2018-01-10 23:00,12.477
2018-01-10 23:15,12.4
2018-01-10 23:30,12.323
2018-01-10 23:45,12.246
2018-01-11 00:00,12.169
2018-01-11 00:15,12.325
2018-01-11 00:30,12.481
2018-01-11 00:45,12.637
2018-01-11 01:00,12.792
2018-01-11 01:15,13.248
2018-01-11 01:30,13.704
2018-01-11 01:45,14.159
2018-01-11 02:00,14.616
2018-01-11 02:15,14.7
2018-01-11 02:30,14.784
2018-01-11 02:45,14.869
2018-01-11 03:00,14.954
2018-01-11 03:15,14.713
2018-01-11 03:30,14.473
2018-01-11 03:45,14.233
2018-01-11 04:00,13.992
2018-01-11 04:15,13.942
2018-01-11 04:30,13.892
2018-01-11 04:45,13.842
2018-01-11 05:00,13.792
2018-01-11 05:15,13.716
2018-01-11 05:30,13.638
2018-01-11 05:45,13.562
2018-01-11 06:00,13.484
2018-01-11 06:15,13.309
2018-01-11 06:30,13.134
2018-01-11 06:45,12.959
2018-01-11 07:00,12.784
2018-01-11 07:15,12.544
2018-01-11 07:30,12.304
2018-01-11 07:45,12.063
2018-01-11 08:00,11.823
2018-01-11 08:15,11.871
2018-01-11 08:30,11.919
2018-01-11 08:45,11.967
2018-01-11 09:00,12.016
2018-01-11 09:15,12.356
2018-01-11 09:30,12.696
2018-01-11 09:45,13.037
2018-01-11 10:00,13.377
2018-01-11 10:15,13.742
2018-01-11 10:30,14.108
2018-01-11 10:45,14.473
2018-01-11 11:00,14.838
2018-01-11 11:15,13.789
2018-01-11 11:30,12.741
2018-01-11 11:45,11.692
2018-01-11 12:00,10.643
2018-01-11 12:15,10.173
2018-01-11 12:30,9.703
2018-01-11 12:45,9.234
2018-01-11 13:00,8.764
2018-01-11 13:15,8.383
2018-01-11 13:30,8.001
2018-01-11 13:45,7.62
2018-01-11 14:00,7.238
2018-01-11 14:15,6.852
2018-01-11 14:30,6.466
2018-01-11 14:45,6.079
2018-01-11 15:00,5.692
2018-01-11 15:15,5.267
2018-01-11 15:30,4.842
2018-01-11 15:45,4.417
2018-01-11 16:00,3.992
2018-01-11 16:15,3.992
2018-01-11 16:30,3.992
2018-01-11 16:45,3.992
2018-01-11 17:00,3.992
2018-01-11 17:15,3.75
2018-01-11 17:30,3.508
2018-01-11 17:45,3.266
2018-01-11 18:00,3.023
2018-01-11 18:15,3.023
2018-01-11 18:30,3.023
2018-01-11 18:45,3.023
2018-01-11 19:00,3.023
2018-01-11 19:15,3.013
2018-01-11 19:30,3.004
2018-01-11 19:45,2.994
2018-01-11 20:00,2.984
2018-01-11 20:15,2.762
2018-01-11 20:30,2.538
2018-01-11 20:45,2.316
2018-01-11 21:00,2.092
2018-01-11 21:15,2.063
2018-01-11 21:30,2.034
2018-01-11 21:45,2.006
2018-01-11 22:00,1.977
2018-01-11 22:15,1.869
2018-01-11 22:30,1.762
2018-01-11 22:45,1.654
2018-01-11 23:00,1.546
2018-01-11 23:15,1.294
2018-01-11 23:30,1.042
2018-01-11 23:45,0.791
2018-01-12 00:00,0.538
2018-01-12 00:15,0.258
2018-01-12 00:30,-0.023
2018-01-12 00:45,-0.304
2018-01-12 01:00,-0.584
2018-01-12 01:15,-0.759
2018-01-12 01:30,-0.934
2018-01-12 01:45,-1.109
2018-01-12 02:00,-1.284
2018-01-12 02:15,-1.467
2018-01-12 02:30,-1.65
2018-01-12 02:45,-1.833
2018-01-12 03:00,-2.016
2018-01-12 03:15,-2.248
2018-01-12 03:30,-2.481
2018-01-12 03:45,-2.713
2018-01-12 04:00,-2.946
2018-01-12 04:15,-2.966
2018-01-12 04:30,-2.984
2018-01-12 04:45,-3.004
2018-01-12 05:00,-3.023
2018-01-12 05:15,-3.188
2018-01-12 05:30,-3.354
2018-01-12 05:45,-3.519
2018-01-12 06:00,-3.684
2018-01-12 06:15,-3.762
2018-01-12 06:30,-3.838
2018-01-12 06:45,-3.916
2018-01-12 07:00,-3.992
2018-01-12 07:15,-4.002
2018-01-12 07:30,-4.012
2018-01-12 07:45,-4.021
2018-01-12 08:00,-4.031
2018-01-12 08:15,-4.031
2018-01-12 08:30,-4.031
2018-01-12 08:45,-4.031
2018-01-12 09:00,-4.031
2018-01-12 09:15,-3.952
2018-01-12 09:30,-3.873
2018-01-12 09:45,-3.794
2018-01-12 10:00,-3.716
2018-01-12 10:15,-3.377
2018-01-12 10:30,-3.038
2018-01-12 10:45,-2.7
2018-01-12 11:00,-2.362
2018-01-12 11:15,-1.817
2018-01-12 11:30,-1.273
2018-01-12 11:45,-0.729
2018-01-12 12:00,-0.184
2018-01-12 12:15,0.358
2018-01-12 12:30,0.9
2018-01-12 12:45,1.442
2018-01-12 13:00,1.984
2018-01-12 13:15,2.508
2018-01-12 13:30,3.031
2018-01-12 13:45,3.554
2018-01-12 14:00,4.077
2018-01-12 14:15,4.483
2018-01-12 14:30,4.888
2018-01-12 14:45,5.294
2018-01-12 15:00,5.7
2018-01-12 15:15,5.991
2018-01-12 15:30,6.281
2018-01-12 15:45,6.571
2018-01-12 16:00,6.862
2018-01-12 16:15,7.152
2018-01-12 16:30,7.442
2018-01-12 16:45,7.733
2018-01-12 17:00,8.023
2018-01-12 17:15,7.994
2018-01-12 17:30,7.966
2018-01-12 17:45,7.937
2018-01-12 18:00,7.908
2018-01-12 18:15,7.419
2018-01-12 18:30,6.931
2018-01-12 18:45,6.442
2018-01-12 19:00,5.954
2018-01-12 19:15,5.502
2018-01-12 19:30,5.05
2018-01-12 19:45,4.598
2018-01-12 20:00,4.146
2018-01-12 20:15,3.837
2018-01-12 20:30,3.527
2018-01-12 20:45,3.217
2018-01-12 21:00,2.908
2018-01-12 21:15,2.625
2018-01-12 21:30,2.342
2018-01-12 21:45,2.059
2018-01-12 22:00,1.777
2018-01-12 22:15,1.584
2018-01-12 22:30,1.392
2018-01-12 22:45,1.2
2018-01-12 23:00,1.008
2018-01-12 23:15,0.929
2018-01-12 23:30,0.85
2018-01-12 23:45,0.771
2018-01-13 00:00,0.692
2018-01-13 00:15,0.479
2018-01-13 00:30,0.266
2018-01-13 00:45,0.052
2018-01-13 01:00,-0.162
2018-01-13 01:15,-0.442
2018-01-13 01:30,-0.723
2018-01-13 01:45,-1.004
2018-01-13 02:00,-1.284
2018-01-13 02:15,-1.458
2018-01-13 02:30,-1.631
2018-01-13 02:45,-1.804
2018-01-13 03:00,-1.977
2018-01-13 03:15,-1.967
2018-01-13 03:30,-1.958
2018-01-13 03:45,-1.948
2018-01-13 04:00,-1.938
2018-01-13 04:15,-1.958
2018-01-13 04:30,-1.977
2018-01-13 04:45,-1.996
2018-01-13 05:00,-2.016
2018-01-13 05:15,-2.016
2018-01-13 05:30,-2.016
2018-01-13 05:45,-2.016
2018-01-13 06:00,-2.016
2018-01-13 06:15,-2.084
2018-01-13 06:30,-2.154
2018-01-13 06:45,-2.223
2018-01-13 07:00,-2.292
2018-01-13 07:15,-2.466
2018-01-13 07:30,-2.638
2018-01-13 07:45,-2.812
2018-01-13 08:00,-2.984
2018-01-13 08:15,-2.966
2018-01-13 08:30,-2.946
2018-01-13 08:45,-2.927
2018-01-13 09:00,-2.908
2018-01-13 09:15,-2.616
2018-01-13 09:30,-2.323
2018-01-13 09:45,-2.031
2018-01-13 10:00,-1.738
2018-01-13 10:15,-1.156
2018-01-13 10:30,-0.573
2018-01-13 10:45,0.009
2018-01-13 11:00,0.592
2018-01-13 11:15,1.037
2018-01-13 11:30,1.481
2018-01-13 11:45,1.925
2018-01-13 12:00,2.369
2018-01-13 12:15,2.738
2018-01-13 12:30,3.108
2018-01-13 12:45,3.477
2018-01-13 13:00,3.846
2018-01-13 13:15,4.367
2018-01-13 13:30,4.888
2018-01-13 13:45,5.409
2018-01-13 14:00,5.931
2018-01-13 14:15,6.338
2018-01-13 14:30,6.746
2018-01-13 14:45,7.154
2018-01-13 15:00,7.562
2018-01-13 15:15,7.716
2018-01-13 15:30,7.869
2018-01-13 15:45,8.023
2018-01-13 16:00,8.177
2018-01-13 16:15,8.342
2018-01-13 16:30,8.508
2018-01-13 16:45,8.673
2018-01-13 17:00,8.838
2018-01-13 17:15,8.663
2018-01-13 17:30,8.488
2018-01-13 17:45,8.313
2018-01-13 18:00,8.138
2018-01-13 18:15,7.887
2018-01-13 18:30,7.634
2018-01-13 18:45,7.383
2018-01-13 19:00,7.131
2018-01-13 19:15,6.966
2018-01-13 19:30,6.8
2018-01-13 19:45,6.634
2018-01-13 20:00,6.469
2018-01-13 20:15,6.225
2018-01-13 20:30,5.981
2018-01-13 20:45,5.737
2018-01-13 21:00,5.492
2018-01-13 21:15,4.952
2018-01-13 21:30,4.412
2018-01-13 21:45,3.871
2018-01-13 22:00,3.331
2018-01-13 22:15,3.341
2018-01-13 22:30,3.35
2018-01-13 22:45,3.359
2018-01-13 23:00,3.369
2018-01-13 23:15,3.196
2018-01-13 23:30,3.023
2018-01-13 23:45,2.85
2018-01-14 00:00,2.677
2018-01-14 00:15,2.627
2018-01-14 00:30,2.577
2018-01-14 00:45,2.527
2018-01-14 01:00,2.477
2018-01-14 01:15,2.362
2018-01-14 01:30,2.246
2018-01-14 01:45,2.131
2018-01-14 02:00,2.016
2018-01-14 02:15,1.841
2018-01-14 02:30,1.666
2018-01-14 02:45,1.491
2018-01-14 03:00,1.316
2018-01-14 03:15,1.258
2018-01-14 03:30,1.2
2018-01-14 03:45,1.142
2018-01-14 04:00,1.084
2018-01-14 04:15,1.037
2018-01-14 04:30,0.988
2018-01-14 04:45,0.941
2018-01-14 05:00,0.892
2018-01-14 05:15,0.804
2018-01-14 05:30,0.716
2018-01-14 05:45,0.627
2018-01-14 06:00,0.538
2018-01-14 06:15,0.442
2018-01-14 06:30,0.346
2018-01-14 06:45,0.25
2018-01-14 07:00,0.154
2018-01-14 07:15,-0.05
2018-01-14 07:30,-0.254
2018-01-14 07:45,-0.458
2018-01-14 08:00,-0.662
2018-01-14 08:15,-0.767
2018-01-14 08:30,-0.873
2018-01-14 08:45,-0.979
2018-01-14 09:00,-1.084
2018-01-14 09:15,-0.684
2018-01-14 09:30,-0.284
2018-01-14 09:45,0.116
2018-01-14 10:00,0.516
2018-01-14 10:15,1.116
2018-01-14 10:30,1.716
2018-01-14 10:45,2.316
2018-01-14 11:00,2.916
2018-01-14 11:15,3.623
2018-01-14 11:30,4.331
2018-01-14 11:45,5.038
2018-01-14 12:00,5.746
2018-01-14 12:15,6.327
2018-01-14 12:30,6.908
2018-01-14 12:45,7.488
2018-01-14 13:00,8.069
2018-01-14 13:15,8.592
2018-01-14 13:30,9.116
2018-01-14 13:45,9.638
2018-01-14 14:00,10.162
2018-01-14 14:15,10.567
2018-01-14 14:30,10.973
2018-01-14 14:45,11.379
2018-01-14 15:00,11.784
2018-01-14 15:15,12.046
2018-01-14 15:30,12.308
2018-01-14 15:45,12.569
2018-01-14 16:00,12.831
2018-01-14 16:15,12.879
2018-01-14 16:30,12.927
2018-01-14 16:45,12.975
2018-01-14 17:00,13.023
2018-01-14 17:15,13.013
2018-01-14 17:30,13.004
2018-01-14 17:45,12.994
2018-01-14 18:00,12.984
2018-01-14 18:15,12.438
2018-01-14 18:30,11.892
2018-01-14 18:45,11.346
2018-01-14 19:00,10.8
2018-01-14 19:15,10.416
2018-01-14 19:30,10.031
2018-01-14 19:45,9.646
2018-01-14 20:00,9.262
2018-01-14 20:15,9.242
2018-01-14 20:30,9.223
2018-01-14 20:45,9.204
2018-01-14 21:00,9.184
2018-01-14 21:15,8.884
2018-01-14 21:30,8.584
2018-01-14 21:45,8.284
2018-01-14 22:00,7.984
2018-01-14 22:15,7.954
2018-01-14 22:30,7.923
2018-01-14 22:45,7.892
2018-01-14 23:00,7.862
2018-01-14 23:15,7.494
2018-01-14 23:30,7.127
2018-01-14 23:45,6.759
2018-01-15 00:00,6.392
2018-01-15 00:15,6.287
2018-01-15 00:30,6.181
2018-01-15 00:45,6.075
2018-01-15 01:00,5.969
2018-01-15 01:15,5.804
2018-01-15 01:30,5.638
2018-01-15 01:45,5.473
2018-01-15 02:00,5.308
2018-01-15 02:15,5.134
2018-01-15 02:30,4.962
2018-01-15 02:45,4.788
2018-01-15 03:00,4.616
2018-01-15 03:15,5.023
2018-01-15 03:30,5.431
2018-01-15 03:45,5.838
2018-01-15 04:00,6.246
2018-01-15 04:15,6.263
2018-01-15 04:30,6.281
2018-01-15 04:45,6.298
2018-01-15 05:00,6.316
2018-01-15 05:15,6.013
2018-01-15 05:30,5.712
2018-01-15 05:45,5.409
2018-01-15 06:00,5.108
2018-01-15 06:15,4.663
2018-01-15 06:30,4.219
2018-01-15 06:45,3.775
2018-01-15 07:00,3.331
2018-01-15 07:15,3.177
2018-01-15 07:30,3.023
2018-01-15 07:45,2.869
2018-01-15 08:00,2.716
2018-01-15 08:15,2.85
2018-01-15 08:30,2.984
2018-01-15 08:45,3.119
2018-01-15 09:00,3.254
2018-01-15 09:15,3.519
2018-01-15 09:30,3.784
2018-01-15 09:45,4.05
2018-01-15 10:00,4.316
2018-01-15 10:15,5.256
2018-01-15 10:30,6.196
2018-01-15 10:45,7.137
2018-01-15 11:00,8.077
2018-01-15 11:15,8.996
2018-01-15 11:30,9.916
2018-01-15 11:45,10.834
2018-01-15 12:00,11.754
2018-01-15 12:15,11.954
2018-01-15 12:30,12.154
2018-01-15 12:45,12.354
2018-01-15 13:00,12.554
2018-01-15 13:15,12.691
2018-01-15 13:30,12.827
2018-01-15 13:45,12.963
2018-01-15 14:00,13.1
2018-01-15 14:15,13.246
2018-01-15 14:30,13.392
2018-01-15 14:45,13.538
2018-01-15 15:00,13.684
2018-01-15 15:15,13.871
2018-01-15 15:30,14.058
2018-01-15 15:45,14.244
2018-01-15 16:00,14.431
2018-01-15 16:15,13.898
2018-01-15 16:30,13.366
2018-01-15 16:45,12.833
2018-01-15 17:00,12.3
2018-01-15 17:15,11.346
2018-01-15 17:30,10.392
2018-01-15 17:45,9.438
2018-01-15 18:00,8.484
2018-01-15 18:15,8.116
2018-01-15 18:30,7.746
2018-01-15 18:45,7.377
2018-01-15 19:00,7.008
2018-01-15 19:15,6.583
2018-01-15 19:30,6.158
2018-01-15 19:45,5.733
2018-01-15 20:00,5.308
2018-01-15 20:15,4.998
2018-01-15 20:30,4.688
2018-01-15 20:45,4.379
2018-01-15 21:00,4.069
2018-01-15 21:15,3.662
2018-01-15 21:30,3.254
2018-01-15 21:45,2.846
2018-01-15 22:00,2.438
2018-01-15 22:15,2.148
2018-01-15 22:30,1.858
2018-01-15 22:45,1.567
2018-01-15 23:00,1.277
2018-01-15 23:15,0.85
2018-01-15 23:30,0.423
2018-01-15 23:45,-0.004
2018-01-16 00:00,-0.431
2018-01-16 00:15,-0.673
2018-01-16 00:30,-0.916
2018-01-16 00:45,-1.158
2018-01-16 01:00,-1.4
2018-01-16 01:15,-1.738
2018-01-16 01:30,-2.077
2018-01-16 01:45,-2.416
2018-01-16 02:00,-2.754
2018-01-16 02:15,-2.909
2018-01-16 02:30,-3.066
2018-01-16 02:45,-3.221
2018-01-16 03:00,-3.377
2018-01-16 03:15,-3.541
2018-01-16 03:30,-3.704
2018-01-16 03:45,-3.867
2018-01-16 04:00,-4.031
2018-01-16 04:15,-4.196
2018-01-16 04:30,-4.362
2018-01-16 04:45,-4.527
2018-01-16 05:00,-4.692
2018-01-16 05:15,-4.769
2018-01-16 05:30,-4.846
2018-01-16 05:45,-4.923
2018-01-16 06:00,-5.0
2018-01-16 06:15,-5.077
2018-01-16 06:30,-5.154
2018-01-16 06:45,-5.231
2018-01-16 07:00,-5.308
2018-01-16 07:15,-5.473
2018-01-16 07:30,-5.638
2018-01-16 07:45,-5.804
2018-01-16 08:00,-5.969
2018-01-16 08:15,-6.048
2018-01-16 08:30,-6.127
2018-01-16 08:45,-6.206
2018-01-16 09:00,-6.284
2018-01-16 09:15,-6.487
2018-01-16 09:30,-6.688
2018-01-16 09:45,-6.891
2018-01-16 10:00,-7.092
2018-01-16 10:15,-7.052
2018-01-16 10:30,-7.012
2018-01-16 10:45,-6.971
2018-01-16 11:00,-6.931
2018-01-16 11:15,-6.709
2018-01-16 11:30,-6.488
2018-01-16 11:45,-6.267
2018-01-16 12:00,-6.046
2018-01-16 12:15,-5.966
2018-01-16 12:30,-5.884
2018-01-16 12:45,-5.804
2018-01-16 13:00,-5.723
2018-01-16 13:15,-5.173
2018-01-16 13:30,-4.623
2018-01-16 13:45,-4.073
2018-01-16 14:00,-3.523
2018-01-16 14:15,-3.312
2018-01-16 14:30,-3.1
2018-01-16 14:45,-2.888
2018-01-16 15:00,-2.677
2018-01-16 15:15,-2.502
2018-01-16 15:30,-2.327
2018-01-16 15:45,-2.152
2018-01-16 16:00,-1.977
2018-01-16 16:15,-1.812
2018-01-16 16:30,-1.646
2018-01-16 16:45,-1.481
2018-01-16 17:00,-1.316
2018-01-16 17:15,-1.238
2018-01-16 17:30,-1.162
2018-01-16 17:45,-1.084
2018-01-16 18:00,-1.008
2018-01-16 18:15,-1.271
2018-01-16 18:30,-1.534
2018-01-16 18:45,-1.798
2018-01-16 19:00,-2.062
2018-01-16 19:15,-2.487
2018-01-16 19:30,-2.912
2018-01-16 19:45,-3.337
2018-01-16 20:00,-3.762
2018-01-16 20:15,-4.083
2018-01-16 20:30,-4.404
2018-01-16 20:45,-4.725
2018-01-16 21:00,-5.046
2018-01-16 21:15,-5.337
2018-01-16 21:30,-5.627
2018-01-16 21:45,-5.917
2018-01-16 22:00,-6.208
2018-01-16 22:15,-6.4
2018-01-16 22:30,-6.592
2018-01-16 22:45,-6.784
2018-01-16 23:00,-6.977
2018-01-16 23:15,-7.219
2018-01-16 23:30,-7.462
2018-01-16 23:45,-7.704
2018-01-17 00:00,-7.946
2018-01-17 00:15,-8.131
2018-01-17 00:30,-8.316
2018-01-17 00:45,-8.5
2018-01-17 01:00,-8.684
2018-01-17 01:15,-8.929
2018-01-17 01:30,-9.173
2018-01-17 01:45,-9.417
2018-01-17 02:00,-9.662
2018-01-17 02:15,-9.542
2018-01-17 02:30,-9.423
2018-01-17 02:45,-9.304
2018-01-17 03:00,-9.184
2018-01-17 03:15,-9.273
2018-01-17 03:30,-9.362
2018-01-17 03:45,-9.45
2018-01-17 04:00,-9.538
2018-01-17 04:15,-9.634
2018-01-17 04:30,-9.731
2018-01-17 04:45,-9.827
2018-01-17 05:00,-9.923
2018-01-17 05:15,-9.923
2018-01-17 05:30,-9.923
2018-01-17 05:45,-9.923
2018-01-17 06:00,-9.923
2018-01-17 06:15,-9.904
2018-01-17 06:30,-9.884
2018-01-17 06:45,-9.866
2018-01-17 07:00,-9.846
2018-01-17 07:15,-9.981
2018-01-17 07:30,-10.116
2018-01-17 07:45,-10.25
2018-01-17 08:00,-10.384
2018-01-17 08:15,-10.269
2018-01-17 08:30,-10.154
2018-01-17 08:45,-10.038
2018-01-17 09:00,-9.923
2018-01-17 09:15,-9.573
2018-01-17 09:30,-9.223
2018-01-17 09:45,-8.873
2018-01-17 10:00,-8.523
2018-01-17 10:15,-8.038
2018-01-17 10:30,-7.554
2018-01-17 10:45,-7.069
2018-01-17 11:00,-6.584
2018-01-17 11:15,-6.129
2018-01-17 11:30,-5.673
2018-01-17 11:45,-5.217
2018-01-17 12:00,-4.762
2018-01-17 12:15,-4.219
2018-01-17 12:30,-3.677
2018-01-17 12:45,-3.134
2018-01-17 13:00,-2.592
2018-01-17 13:15,-2.263
2018-01-17 13:30,-1.934
2018-01-17 13:45,-1.606
2018-01-17 14:00,-1.277
2018-01-17 14:15,-0.919
2018-01-17 14:30,-0.562
2018-01-17 14:45,-0.204
2018-01-17 15:00,0.154
2018-01-17 15:15,0.417
2018-01-17 15:30,0.681
2018-01-17 15:45,0.944
2018-01-17 16:00,1.208
2018-01-17 16:15,1.4
2018-01-17 16:30,1.592
2018-01-17 16:45,1.784
2018-01-17 17:00,1.977
2018-01-17 17:15,1.977
2018-01-17 17:30,1.977
2018-01-17 17:45,1.977
2018-01-17 18:00,1.977
2018-01-17 18:15,1.744
2018-01-17 18:30,1.512
2018-01-17 18:45,1.279
2018-01-17 19:00,1.046
2018-01-17 19:15,0.629
2018-01-17 19:30,0.212
2018-01-17 19:45,-0.206
2018-01-17 20:00,-0.623
2018-01-17 20:15,-0.738
2018-01-17 20:30,-0.854
2018-01-17 20:45,-0.969
2018-01-17 21:00,-1.084
2018-01-17 21:15,-1.317
2018-01-17 21:30,-1.55
2018-01-17 21:45,-1.783
2018-01-17 22:00,-2.016
2018-01-17 22:15,-2.287
2018-01-17 22:30,-2.558
2018-01-17 22:45,-2.829
2018-01-17 23:00,-3.1
2018-01-17 23:15,-3.294
2018-01-17 23:30,-3.488
2018-01-17 23:45,-3.683
2018-01-18 00:00,-3.877
2018-01-18 00:15,-3.877
2018-01-18 00:30,-3.877
2018-01-18 00:45,-3.877
2018-01-18 01:00,-3.877
2018-01-18 01:15,-3.934
2018-01-18 01:30,-3.992
2018-01-18 01:45,-4.05
2018-01-18 02:00,-4.108
2018-01-18 02:15,-4.184
2018-01-18 02:30,-4.262
2018-01-18 02:45,-4.338
2018-01-18 03:00,-4.416
2018-01-18 03:15,-4.438
2018-01-18 03:30,-4.462
2018-01-18 03:45,-4.484
2018-01-18 04:00,-4.508
2018-01-18 04:15,-4.873
2018-01-18 04:30,-5.238
2018-01-18 04:45,-5.604
2018-01-18 05:00,-5.969
2018-01-18 05:15,-5.95
2018-01-18 05:30,-5.931
2018-01-18 05:45,-5.912
2018-01-18 06:00,-5.892
2018-01-18 06:15,-6.037
2018-01-18 06:30,-6.181
2018-01-18 06:45,-6.325
2018-01-18 07:00,-6.469
2018-01-18 07:15,-6.519
2018-01-18 07:30,-6.569
2018-01-18 07:45,-6.619
2018-01-18 08:00,-6.669
2018-01-18 08:15,-6.708
2018-01-18 08:30,-6.746
2018-01-18 08:45,-6.784
2018-01-18 09:00,-6.823
2018-01-18 09:15,-6.442
2018-01-18 09:30,-6.062
2018-01-18 09:45,-5.681
2018-01-18 10:00,-5.3
2018-01-18 10:15,-4.379
2018-01-18 10:30,-3.458
2018-01-18 10:45,-2.537
2018-01-18 11:00,-1.616
2018-01-18 11:15,-0.667
2018-01-18 11:30,0.281
2018-01-18 11:45,1.229
2018-01-18 12:00,2.177
2018-01-18 12:15,2.992
2018-01-18 12:30,3.808
2018-01-18 12:45,4.623
2018-01-18 13:00,5.438
2018-01-18 13:15,5.863
2018-01-18 13:30,6.288
2018-01-18 13:45,6.713
2018-01-18 14:00,7.138
2018-01-18 14:15,7.448
2018-01-18 14:30,7.758
2018-01-18 14:45,8.067
2018-01-18 15:00,8.377
2018-01-18 15:15,8.473
2018-01-18 15:30,8.569
2018-01-18 15:45,8.666
2018-01-18 16:00,8.762
2018-01-18 16:15,8.644
2018-01-18 16:30,8.527
2018-01-18 16:45,8.409
2018-01-18 17:00,8.292
2018-01-18 17:15,8.002
2018-01-18 17:30,7.712
2018-01-18 17:45,7.421
2018-01-18 18:00,7.131
2018-01-18 18:15,6.937
2018-01-18 18:30,6.742
2018-01-18 18:45,6.548
2018-01-18 19:00,6.354
2018-01-18 19:15,5.956
2018-01-18 19:30,5.558
2018-01-18 19:45,5.159
2018-01-18 20:00,4.762
2018-01-18 20:15,4.337
2018-01-18 20:30,3.912
2018-01-18 20:45,3.487
2018-01-18 21:00,3.062
2018-01-18 21:15,2.829
2018-01-18 21:30,2.596
2018-01-18 21:45,2.363
2018-01-18 22:00,2.131
2018-01-18 22:15,1.984
2018-01-18 22:30,1.838
2018-01-18 22:45,1.692
2018-01-18 23:00,1.546
2018-01-18 23:15,1.421
2018-01-18 23:30,1.296
2018-01-18 23:45,1.171
2018-01-19 00:00,1.046
2018-01-19 00:15,0.876
2018-01-19 00:30,0.705
2018-01-19 00:45,0.534
2018-01-19 01:00,0.364
2018-01-19 01:15,0.242
2018-01-19 01:30,0.121
2018-01-19 01:45,-0.002
2018-01-19 02:00,-0.123
2018-01-19 02:15,-0.284
2018-01-19 02:30,-0.446
2018-01-19 02:45,-0.608
2018-01-19 03:00,-0.769
2018-01-19 03:15,-0.431
2018-01-19 03:30,-0.092
2018-01-19 03:45,0.246
2018-01-19 04:00,0.584
2018-01-19 04:15,0.803
2018-01-19 04:30,1.021
2018-01-19 04:45,1.239
2018-01-19 05:00,1.457
2018-01-19 05:15,1.452
2018-01-19 05:30,1.448
2018-01-19 05:45,1.443
2018-01-19 06:00,1.438
2018-01-19 06:15,1.534
2018-01-19 06:30,1.631
2018-01-19 06:45,1.727
2018-01-19 07:00,1.823
2018-01-19 07:15,1.794
2018-01-19 07:30,1.766
2018-01-19 07:45,1.737
2018-01-19 08:00,1.708
2018-01-19 08:15,2.177
2018-01-19 08:30,2.647
2018-01-19 08:45,3.116
2018-01-19 09:00,3.586
2018-01-19 09:15,4.222
2018-01-19 09:30,4.858
2018-01-19 09:45,5.494
2018-01-19 10:00,6.131
2018-01-19 10:15,6.577
2018-01-19 10:30,7.023
2018-01-19 10:45,7.469
2018-01-19 11:00,7.916
2018-01-19 11:15,8.333
2018-01-19 11:30,8.75
2018-01-19 11:45,9.167
2018-01-19 12:00,9.584
2018-01-19 12:15,10.122
2018-01-19 12:30,10.66
2018-01-19 12:45,11.198
2018-01-19 13:00,11.736
2018-01-19 13:15,12.156
2018-01-19 13:30,12.576
2018-01-19 13:45,12.996
2018-01-19 14:00,13.416
2018-01-19 14:15,13.734
2018-01-19 14:30,14.054
2018-01-19 14:45,14.373
2018-01-19 15:00,14.692
2018-01-19 15:15,14.719
2018-01-19 15:30,14.746
2018-01-19 15:45,14.773
2018-01-19 16:00,14.8
2018-01-19 16:15,14.646
2018-01-19 16:30,14.492
2018-01-19 16:45,14.338
2018-01-19 17:00,14.184
2018-01-19 17:15,13.913
2018-01-19 17:30,13.642
2018-01-19 17:45,13.371
2018-01-19 18:00,13.1
2018-01-19 18:15,13.081
2018-01-19 18:30,13.062
2018-01-19 18:45,13.042
2018-01-19 19:00,13.023
2018-01-19 19:15,12.994
2018-01-19 19:30,12.966
2018-01-19 19:45,12.937
2018-01-19 20:00,12.908
2018-01-19 20:15,12.675
2018-01-19 20:30,12.442
2018-01-19 20:45,12.209
2018-01-19 21:00,11.977
2018-01-19 21:15,11.808
2018-01-19 21:30,11.638
2018-01-19 21:45,11.469
2018-01-19 22:00,11.3
2018-01-19 22:15,11.4
2018-01-19 22:30,11.5
2018-01-19 22:45,11.6
2018-01-19 23:00,11.7
2018-01-19 23:15,11.779
2018-01-19 23:30,11.858
2018-01-19 23:45,11.937
2018-01-20 00:00,12.016
2018-01-20 00:15,12.016
2018-01-20 00:30,12.016
2018-01-20 00:45,12.016
2018-01-20 01:00,12.016
2018-01-20 01:15,12.01
2018-01-20 01:30,12.004
2018-01-20 01:45,11.998
2018-01-20 02:00,11.993
2018-01-20 02:15,11.993
2018-01-20 02:30,11.993
2018-01-20 02:45,11.993
2018-01-20 03:00,11.993
2018-01-20 03:15,12.002
2018-01-20 03:30,12.011
2018-01-20 03:45,12.019
2018-01-20 04:00,12.028
2018-01-20 04:15,12.248
2018-01-20 04:30,12.468
2018-01-20 04:45,12.688
2018-01-20 05:00,12.908
2018-01-20 05:15,12.927
2018-01-20 05:30,12.946
2018-01-20 05:45,12.966
2018-01-20 06:00,12.984
2018-01-20 06:15,12.877
2018-01-20 06:30,12.769
2018-01-20 06:45,12.662
2018-01-20 07:00,12.554
2018-01-20 07:15,12.409
2018-01-20 07:30,12.266
2018-01-20 07:45,12.121
2018-01-20 08:00,11.977
2018-01-20 08:15,11.792
2018-01-20 08:30,11.608
2018-01-20 08:45,11.423
2018-01-20 09:00,11.238
2018-01-20 09:15,11.434
2018-01-20 09:30,11.631
2018-01-20 09:45,11.827
2018-01-20 10:00,12.023
2018-01-20 10:15,12.556
2018-01-20 10:30,13.088
2018-01-20 10:45,13.621
2018-01-20 11:00,14.154
2018-01-20 11:15,14.677
2018-01-20 11:30,15.2
2018-01-20 11:45,15.723
2018-01-20 12:00,16.246
2018-01-20 12:15,16.712
2018-01-20 12:30,17.177
2018-01-20 12:45,17.642
2018-01-20 13:00,18.108
2018-01-20 13:15,18.892
2018-01-20 13:30,19.677
2018-01-20 13:45,20.462
2018-01-20 14:00,21.246
2018-01-20 14:15,21.652
2018-01-20 14:30,22.058
2018-01-20 14:45,22.463
2018-01-20 15:00,22.869
2018-01-20 15:15,23.121
2018-01-20 15:30,23.373
2018-01-20 15:45,23.625
2018-01-20 16:00,23.877
2018-01-20 16:15,23.867
2018-01-20 16:30,23.858
2018-01-20 16:45,23.848
2018-01-20 17:00,23.838
2018-01-20 17:15,23.663
2018-01-20 17:30,23.488
2018-01-20 17:45,23.313
2018-01-20 18:00,23.138
2018-01-20 18:15,22.769
2018-01-20 18:30,22.4
2018-01-20 18:45,22.031
2018-01-20 19:00,21.662
2018-01-20 19:15,21.167
2018-01-20 19:30,20.673
2018-01-20 19:45,20.179
2018-01-20 20:00,19.684
2018-01-20 20:15,19.298
2018-01-20 20:30,18.912
2018-01-20 20:45,18.525
2018-01-20 21:00,18.138
2018-01-20 21:15,17.798
2018-01-20 21:30,17.458
2018-01-20 21:45,17.117
2018-01-20 22:00,16.777
2018-01-20 22:15,16.575
2018-01-20 22:30,16.373
2018-01-20 22:45,16.171
2018-01-20 23:00,15.969
2018-01-20 23:15,15.981
2018-01-20 23:30,15.992
2018-01-20 23:45,16.003
2018-01-21 00:00,16.014
2018-01-21 00:15,16.188
2018-01-21 00:30,16.361
2018-01-21 00:45,16.534
2018-01-21 01:00,16.708
2018-01-21 01:15,16.95
2018-01-21 01:30,17.192
2018-01-21 01:45,17.434
2018-01-21 02:00,17.677
2018-01-21 02:15,17.754
2018-01-21 02:30,17.831
2018-01-21 02:45,17.908
2018-01-21 03:00,17.984
2018-01-21 03:15,17.742
2018-01-21 03:30,17.5
2018-01-21 03:45,17.258
2018-01-21 04:00,17.016
2018-01-21 04:15,17.019
2018-01-21 04:30,17.022
2018-01-21 04:45,17.025
2018-01-21 05:00,17.028
2018-01-21 05:15,17.019
2018-01-21 05:30,17.011
2018-01-21 05:45,17.002
2018-01-21 06:00,16.993
2018-01-21 06:15,17.002
2018-01-21 06:30,17.011
2018-01-21 06:45,17.019
2018-01-21 07:00,17.028
2018-01-21 07:15,17.019
2018-01-21 07:30,17.011
2018-01-21 07:45,17.002
2018-01-21 08:00,16.993
2018-01-21 08:15,16.998
2018-01-21 08:30,17.004
2018-01-21 08:45,17.01
2018-01-21 09:00,17.016
2018-01-21 09:15,17.337
2018-01-21 09:30,17.658
2018-01-21 09:45,17.979
2018-01-21 10:00,18.3
2018-01-21 10:15,18.804
2018-01-21 10:30,19.308
2018-01-21 10:45,19.812
2018-01-21 11:00,20.316
2018-01-21 11:15,20.608
2018-01-21 11:30,20.901
2018-01-21 11:45,21.193
2018-01-21 12:00,21.486
2018-01-21 12:15,21.658
2018-01-21 12:30,21.829
2018-01-21 12:45,22.002
2018-01-21 13:00,22.173
2018-01-21 13:15,22.273
2018-01-21 13:30,22.372
2018-01-21 13:45,22.472
2018-01-21 14:00,22.572
2018-01-21 14:15,22.684
2018-01-21 14:30,22.797
2018-01-21 14:45,22.91
2018-01-21 15:00,23.023
2018-01-21 15:15,23.119
2018-01-21 15:30,23.216
2018-01-21 15:45,23.312
2018-01-21 16:00,23.408
2018-01-21 16:15,22.986
2018-01-21 16:30,22.564
2018-01-21 16:45,22.143
2018-01-21 17:00,21.722
2018-01-21 17:15,21.263
2018-01-21 17:30,20.803
2018-01-21 17:45,20.344
2018-01-21 18:00,19.886
2018-01-21 18:15,19.669
2018-01-21 18:30,19.453
2018-01-21 18:45,19.238
2018-01-21 19:00,19.022
2018-01-21 19:15,19.12
2018-01-21 19:30,19.218
2018-01-21 19:45,19.317
2018-01-21 20:00,19.416
2018-01-21 20:15,19.319
2018-01-21 20:30,19.223
2018-01-21 20:45,19.127
2018-01-21 21:00,19.031
2018-01-21 21:15,19.059
2018-01-21 21:30,19.088
2018-01-21 21:45,19.117
2018-01-21 22:00,19.146
2018-01-21 22:15,18.806
2018-01-21 22:30,18.466
2018-01-21 22:45,18.125
2018-01-21 23:00,17.784
2018-01-21 23:15,17.533
2018-01-21 23:30,17.281
2018-01-21 23:45,17.029
2018-01-22 00:00,16.777
2018-01-22 00:15,16.575
2018-01-22 00:30,16.373
2018-01-22 00:45,16.171
2018-01-22 01:00,15.969
2018-01-22 01:15,15.766
2018-01-22 01:30,15.562
2018-01-22 01:45,15.358
2018-01-22 02:00,15.154
2018-01-22 02:15,14.863
2018-01-22 02:30,14.573
2018-01-22 02:45,14.283
2018-01-22 03:00,13.992
2018-01-22 03:15,13.642
2018-01-22 03:30,13.292
2018-01-22 03:45,12.942
2018-01-22 04:00,12.592
2018-01-22 04:15,12.029
2018-01-22 04:30,11.466
2018-01-22 04:45,10.902
2018-01-22 05:00,10.338
2018-01-22 05:15,9.827
2018-01-22 05:30,9.316
2018-01-22 05:45,8.804
2018-01-22 06:00,8.292
2018-01-22 06:15,8.146
2018-01-22 06:30,8.0
2018-01-22 06:45,7.854
2018-01-22 07:00,7.708
2018-01-22 07:15,7.525
2018-01-22 07:30,7.342
2018-01-22 07:45,7.159
2018-01-22 08:00,6.977
2018-01-22 08:15,6.862
2018-01-22 08:30,6.746
2018-01-22 08:45,6.631
2018-01-22 09:00,6.516
2018-01-22 09:15,6.738
2018-01-22 09:30,6.962
2018-01-22 09:45,7.184
2018-01-22 10:00,7.408
2018-01-22 10:15,7.902
2018-01-22 10:30,8.396
2018-01-22 10:45,8.891
2018-01-22 11:00,9.384
2018-01-22 11:15,9.946
2018-01-22 11:30,10.508
2018-01-22 11:45,11.069
2018-01-22 12:00,11.631
2018-01-22 12:15,12.067
2018-01-22 12:30,12.504
2018-01-22 12:45,12.941
2018-01-22 13:00,13.377
2018-01-22 13:15,13.744
2018-01-22 13:30,14.112
2018-01-22 13:45,14.479
2018-01-22 14:00,14.846
2018-01-22 14:15,15.137
2018-01-22 14:30,15.427
2018-01-22 14:45,15.717
2018-01-22 15:00,16.008
2018-01-22 15:15,16.008
2018-01-22 15:30,16.008
2018-01-22 15:45,16.008
2018-01-22 16:00,16.008
2018-01-22 16:15,15.998
2018-01-22 16:30,15.988
2018-01-22 16:45,15.979
2018-01-22 17:00,15.969
2018-01-22 17:15,15.881
2018-01-22 17:30,15.792
2018-01-22 17:45,15.704
2018-01-22 18:00,15.616
2018-01-22 18:15,15.198
2018-01-22 18:30,14.781
2018-01-22 18:45,14.363
2018-01-22 19:00,13.946
2018-01-22 19:15,13.627
2018-01-22 19:30,13.308
2018-01-22 19:45,12.988
2018-01-22 20:00,12.669
2018-01-22 20:15,12.167
2018-01-22 20:30,11.666
2018-01-22 20:45,11.163
2018-01-22 21:00,10.662
2018-01-22 21:15,10.204
2018-01-22 21:30,9.746
2018-01-22 21:45,9.288
2018-01-22 22:00,8.831
2018-01-22 22:15,8.425
2018-01-22 22:30,8.019
2018-01-22 22:45,7.613
2018-01-22 23:00,7.208
2018-01-22 23:15,6.908
2018-01-22 23:30,6.608
2018-01-22 23:45,6.308
2018-01-23 00:00,6.008
2018-01-23 00:15,5.948
2018-01-23 00:30,5.888
2018-01-23 00:45,5.829
2018-01-23 01:00,5.769
2018-01-23 01:15,5.431
2018-01-23 01:30,5.092
2018-01-23 01:45,4.754
2018-01-23 02:00,4.416
2018-01-23 02:15,4.425
2018-01-23 02:30,4.434
2018-01-23 02:45,4.444
2018-01-23 03:00,4.454
2018-01-23 03:15,4.444
2018-01-23 03:30,4.434
2018-01-23 03:45,4.425
2018-01-23 04:00,4.416
2018-01-23 04:15,4.259
2018-01-23 04:30,4.104
2018-01-23 04:45,3.948
2018-01-23 05:00,3.792
2018-01-23 05:15,3.688
2018-01-23 05:30,3.584
2018-01-23 05:45,3.481
2018-01-23 06:00,3.377
2018-01-23 06:15,3.423
2018-01-23 06:30,3.469
2018-01-23 06:45,3.516
2018-01-23 07:00,3.562
2018-01-23 07:15,3.348
2018-01-23 07:30,3.134
2018-01-23 07:45,2.921
2018-01-23 08:00,2.708
2018-01-23 08:15,2.525
2018-01-23 08:30,2.342
2018-01-23 08:45,2.159
2018-01-23 09:00,1.977
2018-01-23 09:15,2.483
2018-01-23 09:30,2.988
2018-01-23 09:45,3.494
2018-01-23 10:00,4.0
2018-01-23 10:15,4.619
2018-01-23 10:30,5.238
2018-01-23 10:45,5.858
2018-01-23 11:00,6.477
2018-01-23 11:15,7.012
2018-01-23 11:30,7.546
2018-01-23 11:45,8.081
2018-01-23 12:00,8.616
2018-01-23 12:15,9.254
2018-01-23 12:30,9.892
2018-01-23 12:45,10.531
2018-01-23 13:00,11.169
2018-01-23 13:15,11.606
2018-01-23 13:30,12.042
2018-01-23 13:45,12.479
2018-01-23 14:00,12.916
2018-01-23 14:15,13.167
2018-01-23 14:30,13.419
2018-01-23 14:45,13.671
2018-01-23 15:00,13.923
2018-01-23 15:15,14.146
2018-01-23 15:30,14.369
2018-01-23 15:45,14.592
2018-01-23 16:00,14.816
2018-01-23 16:15,15.104
2018-01-23 16:30,15.392
2018-01-23 16:45,15.681
2018-01-23 17:00,15.969
2018-01-23 17:15,15.969
2018-01-23 17:30,15.969
2018-01-23 17:45,15.969
2018-01-23 18:00,15.969
2018-01-23 18:15,15.502
2018-01-23 18:30,15.034
2018-01-23 18:45,14.567
2018-01-23 19:00,14.1
2018-01-23 19:15,13.704
2018-01-23 19:30,13.308
2018-01-23 19:45,12.912
2018-01-23 20:00,12.516
2018-01-23 20:15,11.904
2018-01-23 20:30,11.292
2018-01-23 20:45,10.681
2018-01-23 21:00,10.069
2018-01-23 21:15,9.673
2018-01-23 21:30,9.277
2018-01-23 21:45,8.881
2018-01-23 22:00,8.484
2018-01-23 22:15,8.127
2018-01-23 22:30,7.769
2018-01-23 22:45,7.412
2018-01-23 23:00,7.054
2018-01-23 23:15,6.721
2018-01-23 23:30,6.388
2018-01-23 23:45,6.056
2018-01-24 00:00,5.723
2018-01-24 00:15,5.492
2018-01-24 00:30,5.262
2018-01-24 00:45,5.031
2018-01-24 01:00,4.8
2018-01-24 01:15,4.598
2018-01-24 01:30,4.396
2018-01-24 01:45,4.194
2018-01-24 02:00,3.992
2018-01-24 02:15,3.808
2018-01-24 02:30,3.623
2018-01-24 02:45,3.438
2018-01-24 03:00,3.254
2018-01-24 03:15,3.156
2018-01-24 03:30,3.058
2018-01-24 03:45,2.959
2018-01-24 04:00,2.862
2018-01-24 04:15,2.873
2018-01-24 04:30,2.884
2018-01-24 04:45,2.896
2018-01-24 05:00,2.908
2018-01-24 05:15,2.831
2018-01-24 05:30,2.754
2018-01-24 05:45,2.677
2018-01-24 06:00,2.6
2018-01-24 06:15,2.463
2018-01-24 06:30,2.327
2018-01-24 06:45,2.191
2018-01-24 07:00,2.054
2018-01-24 07:15,1.862
2018-01-24 07:30,1.669
2018-01-24 07:45,1.477
2018-01-24 08:00,1.284
2018-01-24 08:15,1.234
2018-01-24 08:30,1.184
2018-01-24 08:45,1.134
2018-01-24 09:00,1.084
2018-01-24 09:15,1.398
2018-01-24 09:30,1.712
2018-01-24 09:45,2.025
2018-01-24 10:00,2.338
2018-01-24 10:15,3.548
2018-01-24 10:30,4.758
2018-01-24 10:45,5.967
2018-01-24 11:00,7.177
2018-01-24 11:15,7.973
2018-01-24 11:30,8.769
2018-01-24 11:45,9.566
2018-01-24 12:00,10.362
2018-01-24 12:15,11.117
2018-01-24 12:30,11.873
2018-01-24 12:45,12.629
2018-01-24 13:00,13.384
2018-01-24 13:15,13.848
2018-01-24 13:30,14.312
2018-01-24 13:45,14.775
2018-01-24 14:00,15.238
2018-01-24 14:15,15.519
2018-01-24 14:30,15.8
2018-01-24 14:45,16.081
2018-01-24 15:00,16.362
2018-01-24 15:15,16.506
2018-01-24 15:30,16.65
2018-01-24 15:45,16.794
2018-01-24 16:00,16.938
2018-01-24 16:15,17.079
2018-01-24 16:30,17.219
2018-01-24 16:45,17.359
2018-01-24 17:00,17.5
2018-01-24 17:15,17.5
2018-01-24 17:30,17.5
2018-01-24 17:45,17.5
2018-01-24 18:00,17.5
2018-01-24 18:15,17.125
2018-01-24 18:30,16.75
2018-01-24 18:45,16.375
2018-01-24 19:00,16.0
2018-01-24 19:15,15.729
2018-01-24 19:30,15.458
2018-01-24 19:45,15.188
2018-01-24 20:00,14.917
2018-01-24 20:15,14.479
2018-01-24 20:30,14.042
2018-01-24 20:45,13.604
2018-01-24 21:00,13.167
2018-01-24 21:15,12.667
2018-01-24 21:30,12.167
2018-01-24 21:45,11.667
2018-01-24 22:00,11.167
2018-01-24 22:15,10.875
2018-01-24 22:30,10.583
2018-01-24 22:45,10.292
2018-01-24 23:00,10.0
2018-01-24 23:15,9.796
2018-01-24 23:30,9.592
2018-01-24 23:45,9.388
2018-01-25 00:00,9.184
2018-01-25 00:15,9.137
2018-01-25 00:30,9.088
2018-01-25 00:45,9.041
2018-01-25 01:00,8.992
2018-01-25 01:15,8.721
2018-01-25 01:30,8.45
2018-01-25 01:45,8.179
2018-01-25 02:00,7.908
2018-01-25 02:15,7.908
2018-01-25 02:30,7.908
2018-01-25 02:45,7.908
2018-01-25 03:00,7.908
2018-01-25 03:15,7.694
2018-01-25 03:30,7.481
2018-01-25 03:45,7.267
2018-01-25 04:00,7.054
2018-01-25 04:15,6.908
2018-01-25 04:30,6.762
2018-01-25 04:45,6.616
2018-01-25 05:00,6.469
2018-01-25 05:15,6.423
2018-01-25 05:30,6.377
2018-01-25 05:45,6.331
2018-01-25 06:00,6.284
2018-01-25 06:15,6.331
2018-01-25 06:30,6.377
2018-01-25 06:45,6.423
2018-01-25 07:00,6.469
2018-01-25 07:15,6.325
2018-01-25 07:30,6.181
2018-01-25 07:45,6.037
2018-01-25 08:00,5.892
2018-01-25 08:15,5.658
2018-01-25 08:30,5.423
2018-01-25 08:45,5.188
2018-01-25 09:00,4.954
2018-01-25 09:15,5.056
2018-01-25 09:30,5.158
2018-01-25 09:45,5.259
2018-01-25 10:00,5.362
2018-01-25 10:15,6.496
2018-01-25 10:30,7.631
2018-01-25 10:45,8.766
2018-01-25 11:00,9.9
2018-01-25 11:15,10.975
2018-01-25 11:30,12.05
2018-01-25 11:45,13.125
2018-01-25 12:00,14.2
2018-01-25 12:15,14.846
2018-01-25 12:30,15.492
2018-01-25 12:45,16.138
2018-01-25 13:00,16.784
2018-01-25 13:15,17.183
2018-01-25 13:30,17.581
2018-01-25 13:45,17.979
2018-01-25 14:00,18.377
2018-01-25 14:15,18.559
2018-01-25 14:30,18.742
2018-01-25 14:45,18.925
2018-01-25 15:00,19.108
2018-01-25 15:15,19.331
2018-01-25 15:30,19.554
2018-01-25 15:45,19.777
2018-01-25 16:00,20.0
2018-01-25 16:15,19.931
2018-01-25 16:30,19.862
2018-01-25 16:45,19.792
2018-01-25 17:00,19.723
2018-01-25 17:15,19.491
2018-01-25 17:30,19.258
2018-01-25 17:45,19.025
2018-01-25 18:00,18.792
2018-01-25 18:15,18.384
2018-01-25 18:30,17.977
2018-01-25 18:45,17.569
2018-01-25 19:00,17.162
2018-01-25 19:15,16.717
2018-01-25 19:30,16.273
2018-01-25 19:45,15.829
2018-01-25 20:00,15.384
2018-01-25 20:15,15.154
2018-01-25 20:30,14.923
2018-01-25 20:45,14.692
2018-01-25 21:00,14.462
2018-01-25 21:15,14.5
2018-01-25 21:30,14.538
2018-01-25 21:45,14.577
2018-01-25 22:00,14.616
2018-01-25 22:15,14.712
2018-01-25 22:30,14.808
2018-01-25 22:45,14.904
2018-01-25 23:00,15.0
2018-01-25 23:15,14.758
2018-01-25 23:30,14.516
2018-01-25 23:45,14.273
2018-01-26 00:00,14.031
2018-01-26 00:15,13.612
2018-01-26 00:30,13.192
2018-01-26 00:45,12.773
2018-01-26 01:00,12.354
2018-01-26 01:15,11.941
2018-01-26 01:30,11.527
2018-01-26 01:45,11.113
2018-01-26 02:00,10.7
2018-01-26 02:15,10.767
2018-01-26 02:30,10.834
2018-01-26 02:45,10.902
2018-01-26 03:00,10.969
2018-01-26 03:15,10.969
2018-01-26 03:30,10.969
2018-01-26 03:45,10.969
2018-01-26 04:00,10.969
2018-01-26 04:15,10.979
2018-01-26 04:30,10.988
2018-01-26 04:45,10.998
2018-01-26 05:00,11.008
2018-01-26 05:15,11.008
2018-01-26 05:30,11.008
2018-01-26 05:45,11.008
2018-01-26 06:00,11.008
2018-01-26 06:15,11.008
2018-01-26 06:30,11.008
2018-01-26 06:45,11.008
2018-01-26 07:00,11.008
2018-01-26 07:15,11.009
2018-01-26 07:30,11.011
2018-01-26 07:45,11.013
2018-01-26 08:00,11.014
2018-01-26 08:15,11.013
2018-01-26 08:30,11.011
2018-01-26 08:45,11.009
2018-01-26 09:00,11.008
2018-01-26 09:15,11.009
2018-01-26 09:30,11.011
2018-01-26 09:45,11.013
2018-01-26 10:00,11.014
2018-01-26 10:15,11.063
2018-01-26 10:30,11.111
2018-01-26 10:45,11.159
2018-01-26 11:00,11.208
2018-01-26 11:15,11.409
2018-01-26 11:30,11.612
2018-01-26 11:45,11.813
2018-01-26 12:00,12.016
2018-01-26 12:15,12.267
2018-01-26 12:30,12.519
2018-01-26 12:45,12.771
2018-01-26 13:00,13.023
2018-01-26 13:15,13.275
2018-01-26 13:30,13.527
2018-01-26 13:45,13.779
2018-01-26 14:00,14.031
2018-01-26 14:15,14.196
2018-01-26 14:30,14.362
2018-01-26 14:45,14.527
2018-01-26 15:00,14.692
2018-01-26 15:15,14.996
2018-01-26 15:30,15.3
2018-01-26 15:45,15.603
2018-01-26 16:00,15.907
2018-01-26 16:15,16.156
2018-01-26 16:30,16.403
2018-01-26 16:45,16.652
2018-01-26 17:00,16.9
2018-01-26 17:15,16.929
2018-01-26 17:30,16.958
2018-01-26 17:45,16.987
2018-01-26 18:00,17.016
2018-01-26 18:15,17.006
2018-01-26 18:30,16.996
2018-01-26 18:45,16.987
2018-01-26 19:00,16.977
2018-01-26 19:15,16.881
2018-01-26 19:30,16.785
2018-01-26 19:45,16.689
2018-01-26 20:00,16.593
2018-01-26 20:15,16.864
2018-01-26 20:30,17.135
2018-01-26 20:45,17.406
2018-01-26 21:00,17.677
2018-01-26 21:15,17.754
2018-01-26 21:30,17.831
2018-01-26 21:45,17.908
2018-01-26 22:00,17.984
2018-01-26 22:15,17.984
2018-01-26 22:30,17.984
2018-01-26 22:45,17.984
2018-01-26 23:00,17.984
2018-01-26 23:15,17.981
2018-01-26 23:30,17.978
2018-01-26 23:45,17.975
2018-01-27 00:00,17.972
2018-01-27 00:15,17.848
2018-01-27 00:30,17.724
2018-01-27 00:45,17.601
2018-01-27 01:00,17.477
2018-01-27 01:15,17.352
2018-01-27 01:30,17.227
2018-01-27 01:45,17.102
2018-01-27 02:00,16.977
2018-01-27 02:15,16.973
2018-01-27 02:30,16.968
2018-01-27 02:45,16.964
2018-01-27 03:00,16.96
2018-01-27 03:15,16.964
2018-01-27 03:30,16.968
2018-01-27 03:45,16.973
2018-01-27 04:00,16.977
2018-01-27 04:15,16.977
2018-01-27 04:30,16.977
2018-01-27 04:45,16.977
2018-01-27 05:00,16.977
2018-01-27 05:15,16.9
2018-01-27 05:30,16.823
2018-01-27 05:45,16.746
2018-01-27 06:00,16.669
2018-01-27 06:15,16.523
2018-01-27 06:30,16.377
2018-01-27 06:45,16.231
2018-01-27 07:00,16.084
2018-01-27 07:15,15.948
2018-01-27 07:30,15.812
2018-01-27 07:45,15.675
2018-01-27 08:00,15.538
2018-01-27 08:15,15.257
2018-01-27 08:30,14.976
2018-01-27 08:45,14.696
2018-01-27 09:00,14.414
2018-01-27 09:15,14.295
2018-01-27 09:30,14.176
2018-01-27 09:45,14.057
2018-01-27 10:00,13.938
2018-01-27 10:15,13.564
2018-01-27 10:30,13.192
2018-01-27 10:45,12.819
2018-01-27 11:00,12.446
2018-01-27 11:15,12.796
2018-01-27 11:30,13.144
2018-01-27 11:45,13.494
2018-01-27 12:00,13.843
2018-01-27 12:15,14.357
2018-01-27 12:30,14.872
2018-01-27 12:45,15.386
2018-01-27 13:00,15.9
2018-01-27 13:15,16.107
2018-01-27 13:30,16.314
2018-01-27 13:45,16.522
2018-01-27 14:00,16.728
2018-01-27 14:15,16.959
2018-01-27 14:30,17.189
2018-01-27 14:45,17.419
2018-01-27 15:00,17.65
2018-01-27 15:15,17.938
2018-01-27 15:30,18.225
2018-01-27 15:45,18.513
2018-01-27 16:00,18.8
2018-01-27 16:15,18.848
2018-01-27 16:30,18.896
2018-01-27 16:45,18.944
2018-01-27 17:00,18.992
2018-01-27 17:15,18.866
2018-01-27 17:30,18.738
2018-01-27 17:45,18.612
2018-01-27 18:00,18.484
2018-01-27 18:15,18.173
2018-01-27 18:30,17.862
2018-01-27 18:45,17.55
2018-01-27 19:00,17.238
2018-01-27 19:15,16.569
2018-01-27 19:30,15.9
2018-01-27 19:45,15.231
2018-01-27 20:00,14.562
2018-01-27 20:15,14.079
2018-01-27 20:30,13.596
2018-01-27 20:45,13.113
2018-01-27 21:00,12.631
2018-01-27 21:15,12.341
2018-01-27 21:30,12.05
2018-01-27 21:45,11.759
2018-01-27 22:00,11.469
2018-01-27 22:15,11.344
2018-01-27 22:30,11.219
2018-01-27 22:45,11.094
2018-01-27 23:00,10.969
2018-01-27 23:15,10.542
2018-01-27 23:30,10.116
2018-01-27 23:45,9.688
2018-01-28 00:00,9.262
2018-01-28 00:15,8.971
2018-01-28 00:30,8.681
2018-01-28 00:45,8.391
2018-01-28 01:00,8.1
2018-01-28 01:15,8.081
2018-01-28 01:30,8.062
2018-01-28 01:45,8.042
2018-01-28 02:00,8.023
2018-01-28 02:15,7.925
2018-01-28 02:30,7.827
2018-01-28 02:45,7.729
2018-01-28 03:00,7.631
2018-01-28 03:15,7.263
2018-01-28 03:30,6.896
2018-01-28 03:45,6.529
2018-01-28 04:00,6.162
2018-01-28 04:15,6.066
2018-01-28 04:30,5.969
2018-01-28 04:45,5.873
2018-01-28 05:00,5.777
2018-01-28 05:15,5.825
2018-01-28 05:30,5.873
2018-01-28 05:45,5.921
2018-01-28 06:00,5.969
2018-01-28 06:15,5.638
2018-01-28 06:30,5.308
2018-01-28 06:45,4.977
2018-01-28 07:00,4.646
2018-01-28 07:15,4.502
2018-01-28 07:30,4.358
2018-01-28 07:45,4.213
2018-01-28 08:00,4.069
2018-01-28 08:15,3.817
2018-01-28 08:30,3.566
2018-01-28 08:45,3.313
2018-01-28 09:00,3.062
2018-01-28 09:15,3.588
2018-01-28 09:30,4.116
2018-01-28 09:45,4.642
2018-01-28 10:00,5.169
2018-01-28 10:15,6.158
2018-01-28 10:30,7.146
2018-01-28 10:45,8.134
2018-01-28 11:00,9.123
2018-01-28 11:15,9.944
2018-01-28 11:30,10.766
2018-01-28 11:45,11.587
2018-01-28 12:00,12.408
2018-01-28 12:15,12.962
2018-01-28 12:30,13.516
2018-01-28 12:45,14.069
2018-01-28 13:00,14.623
2018-01-28 13:15,15.134
2018-01-28 13:30,15.646
2018-01-28 13:45,16.158
2018-01-28 14:00,16.669
2018-01-28 14:15,16.902
2018-01-28 14:30,17.134
2018-01-28 14:45,17.367
2018-01-28 15:00,17.6
2018-01-28 15:15,17.871
2018-01-28 15:30,18.142
2018-01-28 15:45,18.413
2018-01-28 16:00,18.684
2018-01-28 16:15,18.821
2018-01-28 16:30,18.958
2018-01-28 16:45,19.094
2018-01-28 17:00,19.231
2018-01-28 17:15,19.191
2018-01-28 17:30,19.15
2018-01-28 17:45,19.109
2018-01-28 18:00,19.069
2018-01-28 18:15,18.719
2018-01-28 18:30,18.369
2018-01-28 18:45,18.019
2018-01-28 19:00,17.669
2018-01-28 19:15,16.988
2018-01-28 19:30,16.308
2018-01-28 19:45,15.627
2018-01-28 20:00,14.946
2018-01-28 20:15,14.6
2018-01-28 20:30,14.254
2018-01-28 20:45,13.908
2018-01-28 21:00,13.562
2018-01-28 21:15,13.117
2018-01-28 21:30,12.673
2018-01-28 21:45,12.229
2018-01-28 22:00,11.784
2018-01-28 22:15,11.446
2018-01-28 22:30,11.108
2018-01-28 22:45,10.769
2018-01-28 23:00,10.431
2018-01-28 23:15,10.438
2018-01-28 23:30,10.446
2018-01-28 23:45,10.454
2018-01-29 00:00,10.462
2018-01-29 00:15,9.919
2018-01-29 00:30,9.377
2018-01-29 00:45,8.834
2018-01-29 01:00,8.292
2018-01-29 01:15,8.031
2018-01-29 01:30,7.769
2018-01-29 01:45,7.508
2018-01-29 02:00,7.246
2018-01-29 02:15,6.977
2018-01-29 02:30,6.708
2018-01-29 02:45,6.438
2018-01-29 03:00,6.169
2018-01-29 03:15,6.525
2018-01-29 03:30,6.881
2018-01-29 03:45,7.237
2018-01-29 04:00,7.592
2018-01-29 04:15,7.167
2018-01-29 04:30,6.742
2018-01-29 04:45,6.317
2018-01-29 05:00,5.892
2018-01-29 05:15,5.658
2018-01-29 05:30,5.423
2018-01-29 05:45,5.188
2018-01-29 06:00,4.954
2018-01-29 06:15,4.723
2018-01-29 06:30,4.492
2018-01-29 06:45,4.262
2018-01-29 07:00,4.031
2018-01-29 07:15,3.933
2018-01-29 07:30,3.834
2018-01-29 07:45,3.737
2018-01-29 08:00,3.638
2018-01-29 08:15,3.444
2018-01-29 08:30,3.25
2018-01-29 08:45,3.056
2018-01-29 09:00,2.862
2018-01-29 09:15,2.902
2018-01-29 09:30,2.942
2018-01-29 09:45,2.983
2018-01-29 10:00,3.023
2018-01-29 10:15,3.313
2018-01-29 10:30,3.604
2018-01-29 10:45,3.894
2018-01-29 11:00,4.184
2018-01-29 11:15,4.808
2018-01-29 11:30,5.431
2018-01-29 11:45,6.054
2018-01-29 12:00,6.677
2018-01-29 12:15,7.083
2018-01-29 12:30,7.488
2018-01-29 12:45,7.894
2018-01-29 13:00,8.3
2018-01-29 13:15,8.852
2018-01-29 13:30,9.404
2018-01-29 13:45,9.956
2018-01-29 14:00,10.508
2018-01-29 14:15,10.916
2018-01-29 14:30,11.323
2018-01-29 14:45,11.731
2018-01-29 15:00,12.138
2018-01-29 15:15,12.359
2018-01-29 15:30,12.581
2018-01-29 15:45,12.802
2018-01-29 16:00,13.023
2018-01-29 16:15,13.188
2018-01-29 16:30,13.354
2018-01-29 16:45,13.519
2018-01-29 17:00,13.684
2018-01-29 17:15,13.577
2018-01-29 17:30,13.469
2018-01-29 17:45,13.362
2018-01-29 18:00,13.254
2018-01-29 18:15,12.952
2018-01-29 18:30,12.65
2018-01-29 18:45,12.348
2018-01-29 19:00,12.046
2018-01-29 19:15,11.417
2018-01-29 19:30,10.788
2018-01-29 19:45,10.159
2018-01-29 20:00,9.531
2018-01-29 20:15,9.358
2018-01-29 20:30,9.184
2018-01-29 20:45,9.012
2018-01-29 21:00,8.838
2018-01-29 21:15,8.673
2018-01-29 21:30,8.508
2018-01-29 21:45,8.342
2018-01-29 22:00,8.177
2018-01-29 22:15,8.041
2018-01-29 22:30,7.904
2018-01-29 22:45,7.767
2018-01-29 23:00,7.631
2018-01-29 23:15,7.467
2018-01-29 23:30,7.304
2018-01-29 23:45,7.141
2018-01-30 00:00,6.977
2018-01-30 00:15,6.766
2018-01-30 00:30,6.554
2018-01-30 00:45,6.342
2018-01-30 01:00,6.131
2018-01-30 01:15,5.837
2018-01-30 01:30,5.542
2018-01-30 01:45,5.248
2018-01-30 02:00,4.954
2018-01-30 02:15,4.663
2018-01-30 02:30,4.373
2018-01-30 02:45,4.083
2018-01-30 03:00,3.792
2018-01-30 03:15,3.727
2018-01-30 03:30,3.662
2018-01-30 03:45,3.596
2018-01-30 04:00,3.531
2018-01-30 04:15,3.306
2018-01-30 04:30,3.081
2018-01-30 04:45,2.856
2018-01-30 05:00,2.631
2018-01-30 05:15,2.681
2018-01-30 05:30,2.731
2018-01-30 05:45,2.781
2018-01-30 06:00,2.831
2018-01-30 06:15,2.677
2018-01-30 06:30,2.523
2018-01-30 06:45,2.369
2018-01-30 07:00,2.216
2018-01-30 07:15,2.125
2018-01-30 07:30,2.034
2018-01-30 07:45,1.944
2018-01-30 08:00,1.854
2018-01-30 08:15,1.681
2018-01-30 08:30,1.508
2018-01-30 08:45,1.334
2018-01-30 09:00,1.162
2018-01-30 09:15,1.504
2018-01-30 09:30,1.846
2018-01-30 09:45,2.188
2018-01-30 10:00,2.531
2018-01-30 10:15,3.471
2018-01-30 10:30,4.412
2018-01-30 10:45,5.352
2018-01-30 11:00,6.292
2018-01-30 11:15,6.988
2018-01-30 11:30,7.684
2018-01-30 11:45,8.381
2018-01-30 12:00,9.077
2018-01-30 12:15,9.716
2018-01-30 12:30,10.354
2018-01-30 12:45,10.992
2018-01-30 13:00,11.631
2018-01-30 13:15,12.234
2018-01-30 13:30,12.838
2018-01-30 13:45,13.442
2018-01-30 14:00,14.046
2018-01-30 14:15,14.673
2018-01-30 14:30,15.3
2018-01-30 14:45,15.927
2018-01-30 15:00,16.554
2018-01-30 15:15,16.758
2018-01-30 15:30,16.962
2018-01-30 15:45,17.166
2018-01-30 16:00,17.369
2018-01-30 16:15,17.552
2018-01-30 16:30,17.734
2018-01-30 16:45,17.917
2018-01-30 17:00,18.1
2018-01-30 17:15,18.071
2018-01-30 17:30,18.042
2018-01-30 17:45,18.013
2018-01-30 18:00,17.984
2018-01-30 18:15,17.721
2018-01-30 18:30,17.458
2018-01-30 18:45,17.194
2018-01-30 19:00,16.931
2018-01-30 19:15,16.563
2018-01-30 19:30,16.196
2018-01-30 19:45,15.829
2018-01-30 20:00,15.462
2018-01-30 20:15,15.133
2018-01-30 20:30,14.804
2018-01-30 20:45,14.475
2018-01-30 21:00,14.146
2018-01-30 21:15,13.904
2018-01-30 21:30,13.662
2018-01-30 21:45,13.419
2018-01-30 22:00,13.177
2018-01-30 22:15,13.138
2018-01-30 22:30,13.1
2018-01-30 22:45,13.062
2018-01-30 23:00,13.023
2018-01-30 23:15,13.013
2018-01-30 23:30,13.004
2018-01-30 23:45,12.994
2018-01-31 00:00,12.984
2018-01-31 00:15,12.774
2018-01-31 00:30,12.563
2018-01-31 00:45,12.352
2018-01-31 01:00,12.142
2018-01-31 01:15,11.944
2018-01-31 01:30,11.748
2018-01-31 01:45,11.551
2018-01-31 02:00,11.354
2018-01-31 02:15,11.244
2018-01-31 02:30,11.135
2018-01-31 02:45,11.026
2018-01-31 03:00,10.917
2018-01-31 03:15,10.803
2018-01-31 03:30,10.689
2018-01-31 03:45,10.576
2018-01-31 04:00,10.462
2018-01-31 04:15,10.277
2018-01-31 04:30,10.092
2018-01-31 04:45,9.908
2018-01-31 05:00,9.723
2018-01-31 05:15,9.423
2018-01-31 05:30,9.123
2018-01-31 05:45,8.823
2018-01-31 06:00,8.523
2018-01-31 06:15,8.398
2018-01-31 06:30,8.273
2018-01-31 06:45,8.148
2018-01-31 07:00,8.023
2018-01-31 07:15,8.013
2018-01-31 07:30,8.004
2018-01-31 07:45,7.994
2018-01-31 08:00,7.984
2018-01-31 08:15,7.994
2018-01-31 08:30,8.004
2018-01-31 08:45,8.013
2018-01-31 09:00,8.023
2018-01-31 09:15,8.394
2018-01-31 09:30,8.766
2018-01-31 09:45,9.137
2018-01-31 10:00,9.508
2018-01-31 10:15,10.213
2018-01-31 10:30,10.919
2018-01-31 10:45,11.625
2018-01-31 11:00,12.331
2018-01-31 11:15,13.156
2018-01-31 11:30,13.981
2018-01-31 11:45,14.806
2018-01-31 12:00,15.631
2018-01-31 12:15,16.423
2018-01-31 12:30,17.216
2018-01-31 12:45,18.008
2018-01-31 13:00,18.8
2018-01-31 13:15,19.383
2018-01-31 13:30,19.966
2018-01-31 13:45,20.548
2018-01-31 14:00,21.131
2018-01-31 14:15,21.517
2018-01-31 14:30,21.904
2018-01-31 14:45,22.291
2018-01-31 15:00,22.677
2018-01-31 15:15,23.104
2018-01-31 15:30,23.531
2018-01-31 15:45,23.958
2018-01-31 16:00,24.384
2018-01-31 16:15,24.538
2018-01-31 16:30,24.692
2018-01-31 16:45,24.846
2018-01-31 17:00,25.0
2018-01-31 17:15,24.748
2018-01-31 17:30,24.496
2018-01-31 17:45,24.244
2018-01-31 18:00,23.992
2018-01-31 18:15,23.729
2018-01-31 18:30,23.466
2018-01-31 18:45,23.202
2018-01-31 19:00,22.938
2018-01-31 19:15,22.484
2018-01-31 19:30,22.031
2018-01-31 19:45,21.577
2018-01-31 20:00,21.123
2018-01-31 20:15,20.629
2018-01-31 20:30,20.134
2018-01-31 20:45,19.641
2018-01-31 21:00,19.146
2018-01-31 21:15,18.806
2018-01-31 21:30,18.466
2018-01-31 21:45,18.125
2018-01-31 22:00,17.784
2018-01-31 22:15,17.602
2018-01-31 22:30,17.419
2018-01-31 22:45,17.237
2018-01-31 23:00,17.054
2018-01-31 23:15,16.984
2018-01-31 23:30,16.916
2018-01-31 23:45,16.846
2018-02-01 00:00,16.777
2018-02-01 00:15,16.575
2018-02-01 00:30,16.373
2018-02-01 00:45,16.171
2018-02-01 01:00,15.969
2018-02-01 01:15,15.969
2018-02-01 01:30,15.969
2018-02-01 01:45,15.969
2018-02-01 02:00,15.969
2018-02-01 02:15,15.734
2018-02-01 02:30,15.5
2018-02-01 02:45,15.266
2018-02-01 03:00,15.031
2018-02-01 03:15,14.654
2018-02-01 03:30,14.277
2018-02-01 03:45,13.9
2018-02-01 04:00,13.523
2018-02-01 04:15,13.242
2018-02-01 04:30,12.962
2018-02-01 04:45,12.681
2018-02-01 05:00,12.4
2018-02-01 05:15,12.1
2018-02-01 05:30,11.8
2018-02-01 05:45,11.5
2018-02-01 06:00,11.2
2018-02-01 06:15,10.771
2018-02-01 06:30,10.342
2018-02-01 06:45,9.913
2018-02-01 07:00,9.484
2018-02-01 07:15,9.294
2018-02-01 07:30,9.104
2018-02-01 07:45,8.913
2018-02-01 08:00,8.723
2018-02-01 08:15,8.819
2018-02-01 08:30,8.916
2018-02-01 08:45,9.012
2018-02-01 09:00,9.108
2018-02-01 09:15,8.983
2018-02-01 09:30,8.858
2018-02-01 09:45,8.733
2018-02-01 10:00,8.608
2018-02-01 10:15,8.821
2018-02-01 10:30,9.034
2018-02-01 10:45,9.248
2018-02-01 11:00,9.462
2018-02-01 11:15,10.169
2018-02-01 11:30,10.877
2018-02-01 11:45,11.584
2018-02-01 12:00,12.292
2018-02-01 12:15,12.827
2018-02-01 12:30,13.362
2018-02-01 12:45,13.896
2018-02-01 13:00,14.431
2018-02-01 13:15,14.913
2018-02-01 13:30,15.396
2018-02-01 13:45,15.879
2018-02-01 14:00,16.362
2018-02-01 14:15,16.709
2018-02-01 14:30,17.058
2018-02-01 14:45,17.406
2018-02-01 15:00,17.754
2018-02-01 15:15,17.859
2018-02-01 15:30,17.966
2018-02-01 15:45,18.071
2018-02-01 16:00,18.177
2018-02-01 16:15,18.129
2018-02-01 16:30,18.081
2018-02-01 16:45,18.033
2018-02-01 17:00,17.984
2018-02-01 17:15,17.616
2018-02-01 17:30,17.246
2018-02-01 17:45,16.877
2018-02-01 18:00,16.508
2018-02-01 18:15,15.983
2018-02-01 18:30,15.458
2018-02-01 18:45,14.933
2018-02-01 19:00,14.408
2018-02-01 19:15,13.954
2018-02-01 19:30,13.5
2018-02-01 19:45,13.046
2018-02-01 20:00,12.592
2018-02-01 20:15,12.321
2018-02-01 20:30,12.05
2018-02-01 20:45,11.779
2018-02-01 21:00,11.508
2018-02-01 21:15,11.304
2018-02-01 21:30,11.1
2018-02-01 21:45,10.896
2018-02-01 22:00,10.692
2018-02-01 22:15,10.412
2018-02-01 22:30,10.131
2018-02-01 22:45,9.85
2018-02-01 23:00,9.569
2018-02-01 23:15,9.288
2018-02-01 23:30,9.008
2018-02-01 23:45,8.727
2018-02-02 00:00,8.446
2018-02-02 00:15,8.194
2018-02-02 00:30,7.942
2018-02-02 00:45,7.691
2018-02-02 01:00,7.438
2018-02-02 01:15,7.081
2018-02-02 01:30,6.723
2018-02-02 01:45,6.366
2018-02-02 02:00,6.008
2018-02-02 02:15,5.725
2018-02-02 02:30,5.442
2018-02-02 02:45,5.159
2018-02-02 03:00,4.877
2018-02-02 03:15,4.462
2018-02-02 03:30,4.046
2018-02-02 03:45,3.631
2018-02-02 04:00,3.216
2018-02-02 04:15,2.944
2018-02-02 04:30,2.673
2018-02-02 04:45,2.402
2018-02-02 05:00,2.131
2018-02-02 05:15,1.869
2018-02-02 05:30,1.608
2018-02-02 05:45,1.346
2018-02-02 06:00,1.084
2018-02-02 06:15,0.948
2018-02-02 06:30,0.812
2018-02-02 06:45,0.675
2018-02-02 07:00,0.538
2018-02-02 07:15,0.538
2018-02-02 07:30,0.538
2018-02-02 07:45,0.538
2018-02-02 08:00,0.538
2018-02-02 08:15,0.502
2018-02-02 08:30,0.466
2018-02-02 08:45,0.429
2018-02-02 09:00,0.392
2018-02-02 09:15,0.683
2018-02-02 09:30,0.973
2018-02-02 09:45,1.263
2018-02-02 10:00,1.554
2018-02-02 10:15,1.941
2018-02-02 10:30,2.327
2018-02-02 10:45,2.713
2018-02-02 11:00,3.1
2018-02-02 11:15,3.509
2018-02-02 11:30,3.919
2018-02-02 11:45,4.329
2018-02-02 12:00,4.738
2018-02-02 12:15,5.25
2018-02-02 12:30,5.762
2018-02-02 12:45,6.273
2018-02-02 13:00,6.784
2018-02-02 13:15,7.25
2018-02-02 13:30,7.716
2018-02-02 13:45,8.181
2018-02-02 14:00,8.646
2018-02-02 14:15,9.054
2018-02-02 14:30,9.462
2018-02-02 14:45,9.869
2018-02-02 15:00,10.277
2018-02-02 15:15,10.567
2018-02-02 15:30,10.858
2018-02-02 15:45,11.148
2018-02-02 16:00,11.438
2018-02-02 16:15,11.583
2018-02-02 16:30,11.727
2018-02-02 16:45,11.871
2018-02-02 17:00,12.016
2018-02-02 17:15,11.956
2018-02-02 17:30,11.896
2018-02-02 17:45,11.837
2018-02-02 18:00,11.777
2018-02-02 18:15,11.506
2018-02-02 18:30,11.234
2018-02-02 18:45,10.963
2018-02-02 19:00,10.692
2018-02-02 19:15,10.325
2018-02-02 19:30,9.958
2018-02-02 19:45,9.591
2018-02-02 20:00,9.223
2018-02-02 20:15,9.096
2018-02-02 20:30,8.969
2018-02-02 20:45,8.842
2018-02-02 21:00,8.716
2018-02-02 21:15,8.571
2018-02-02 21:30,8.427
2018-02-02 21:45,8.283
2018-02-02 22:00,8.138
2018-02-02 22:15,8.1
2018-02-02 22:30,8.062
2018-02-02 22:45,8.023
2018-02-02 23:00,7.984
2018-02-02 23:15,7.954
2018-02-02 23:30,7.923
2018-02-02 23:45,7.892
2018-02-03 00:00,7.862
2018-02-03 00:15,7.688
2018-02-03 00:30,7.516
2018-02-03 00:45,7.342
2018-02-03 01:00,7.169
2018-02-03 01:15,7.131
2018-02-03 01:30,7.092
2018-02-03 01:45,7.054
2018-02-03 02:00,7.016
2018-02-03 02:15,7.006
2018-02-03 02:30,6.996
2018-02-03 02:45,6.987
2018-02-03 03:00,6.977
2018-02-03 03:15,6.927
2018-02-03 03:30,6.877
2018-02-03 03:45,6.827
2018-02-03 04:00,6.777
2018-02-03 04:15,6.681
2018-02-03 04:30,6.584
2018-02-03 04:45,6.488
2018-02-03 05:00,6.392
2018-02-03 05:15,6.287
2018-02-03 05:30,6.181
2018-02-03 05:45,6.075
2018-02-03 06:00,5.969
2018-02-03 06:15,5.969
2018-02-03 06:30,5.969
2018-02-03 06:45,5.969
2018-02-03 07:00,5.969
2018-02-03 07:15,5.969
2018-02-03 07:30,5.969
2018-02-03 07:45,5.969
2018-02-03 08:00,5.969
2018-02-03 08:15,5.959
2018-02-03 08:30,5.95
2018-02-03 08:45,5.941
2018-02-03 09:00,5.931
2018-02-03 09:15,6.144
2018-02-03 09:30,6.358
2018-02-03 09:45,6.571
2018-02-03 10:00,6.784
2018-02-03 10:15,7.338
2018-02-03 10:30,7.892
2018-02-03 10:45,8.446
2018-02-03 11:00,9.0
2018-02-03 11:15,9.562
2018-02-03 11:30,10.123
2018-02-03 11:45,10.684
2018-02-03 12:00,11.246
2018-02-03 12:15,11.613
2018-02-03 12:30,11.981
2018-02-03 12:45,12.348
2018-02-03 13:00,12.716
2018-02-03 13:15,13.121
2018-02-03 13:30,13.527
2018-02-03 13:45,13.933
2018-02-03 14:00,14.338
2018-02-03 14:15,14.419
2018-02-03 14:30,14.5
2018-02-03 14:45,14.581
2018-02-03 15:00,14.662
2018-02-03 15:15,14.425
2018-02-03 15:30,14.188
2018-02-03 15:45,13.952
2018-02-03 16:00,13.716
2018-02-03 16:15,13.562
2018-02-03 16:30,13.408
2018-02-03 16:45,13.254
2018-02-03 17:00,13.1
2018-02-03 17:15,13.548
2018-02-03 17:30,13.996
2018-02-03 17:45,14.444
2018-02-03 18:00,14.892
2018-02-03 18:15,15.016
2018-02-03 18:30,15.138
2018-02-03 18:45,15.262
2018-02-03 19:00,15.384
2018-02-03 19:15,15.046
2018-02-03 19:30,14.708
2018-02-03 19:45,14.369
2018-02-03 20:00,14.031
2018-02-03 20:15,13.991
2018-02-03 20:30,13.95
2018-02-03 20:45,13.909
2018-02-03 21:00,13.869
2018-02-03 21:15,13.617
2018-02-03 21:30,13.366
2018-02-03 21:45,13.113
2018-02-03 22:00,12.862
2018-02-03 22:15,12.456
2018-02-03 22:30,12.05
2018-02-03 22:45,11.644
2018-02-03 23:00,11.238
2018-02-03 23:15,11.133
2018-02-03 23:30,11.027
2018-02-03 23:45,10.921
2018-02-04 00:00,10.816
2018-02-04 00:15,10.725
2018-02-04 00:30,10.634
2018-02-04 00:45,10.544
2018-02-04 01:00,10.454
2018-02-04 01:15,10.087
2018-02-04 01:30,9.72
2018-02-04 01:45,9.353
2018-02-04 02:00,8.986
2018-02-04 02:15,9.036
2018-02-04 02:30,9.085
2018-02-04 02:45,9.135
2018-02-04 03:00,9.184
2018-02-04 03:15,9.061
2018-02-04 03:30,8.936
2018-02-04 03:45,8.812
2018-02-04 04:00,8.688
2018-02-04 04:15,8.343
2018-02-04 04:30,7.999
2018-02-04 04:45,7.655
2018-02-04 05:00,7.311
2018-02-04 05:15,7.355
2018-02-04 05:30,7.399
2018-02-04 05:45,7.443
2018-02-04 06:00,7.487
2018-02-04 06:15,7.843
2018-02-04 06:30,8.199
2018-02-04 06:45,8.556
2018-02-04 07:00,8.912
2018-02-04 07:15,9.011
2018-02-04 07:30,9.11
2018-02-04 07:45,9.209
2018-02-04 08:00,9.308
2018-02-04 08:15,9.617
2018-02-04 08:30,9.925
2018-02-04 08:45,10.234
2018-02-04 09:00,10.543
2018-02-04 09:15,10.728
2018-02-04 09:30,10.914
2018-02-04 09:45,11.099
2018-02-04 10:00,11.284
2018-02-04 10:15,11.526
2018-02-04 10:30,11.767
2018-02-04 10:45,12.009
2018-02-04 11:00,12.25
2018-02-04 11:15,12.674
2018-02-04 11:30,13.098
2018-02-04 11:45,13.523
2018-02-04 12:00,13.947
2018-02-04 12:15,14.404
2018-02-04 12:30,14.862
2018-02-04 12:45,15.319
2018-02-04 13:00,15.777
2018-02-04 13:15,16.048
2018-02-04 13:30,16.319
2018-02-04 13:45,16.591
2018-02-04 14:00,16.862
2018-02-04 14:15,17.152
2018-02-04 14:30,17.442
2018-02-04 14:45,17.733
2018-02-04 15:00,18.023
2018-02-04 15:15,18.275
2018-02-04 15:30,18.527
2018-02-04 15:45,18.779
2018-02-04 16:00,19.031
2018-02-04 16:15,19.069
2018-02-04 16:30,19.108
2018-02-04 16:45,19.146
2018-02-04 17:00,19.184
2018-02-04 17:15,18.883
2018-02-04 17:30,18.581
2018-02-04 17:45,18.279
2018-02-04 18:00,17.977
2018-02-04 18:15,16.725
2018-02-04 18:30,15.473
2018-02-04 18:45,14.221
2018-02-04 19:00,12.969
2018-02-04 19:15,11.866
2018-02-04 19:30,10.762
2018-02-04 19:45,9.658
2018-02-04 20:00,8.554
2018-02-04 20:15,8.042
2018-02-04 20:30,7.531
2018-02-04 20:45,7.019
2018-02-04 21:00,6.508
2018-02-04 21:15,6.062
2018-02-04 21:30,5.616
2018-02-04 21:45,5.169
2018-02-04 22:00,4.723
2018-02-04 22:15,4.337
2018-02-04 22:30,3.95
2018-02-04 22:45,3.563
2018-02-04 23:00,3.177
2018-02-04 23:15,3.002
2018-02-04 23:30,2.827
2018-02-04 23:45,2.652
2018-02-05 00:00,2.477
2018-02-05 00:15,2.283
2018-02-05 00:30,2.088
2018-02-05 00:45,1.894
2018-02-05 01:00,1.7
2018-02-05 01:15,1.206
2018-02-05 01:30,0.712
2018-02-05 01:45,0.217
2018-02-05 02:00,-0.277
2018-02-05 02:15,-0.606
2018-02-05 02:30,-0.934
2018-02-05 02:45,-1.263
2018-02-05 03:00,-1.592
2018-02-05 03:15,-1.767
2018-02-05 03:30,-1.942
2018-02-05 03:45,-2.117
2018-02-05 04:00,-2.292
2018-02-05 04:15,-2.475
2018-02-05 04:30,-2.658
2018-02-05 04:45,-2.841
2018-02-05 05:00,-3.023
2018-02-05 05:15,-3.227
2018-02-05 05:30,-3.431
2018-02-05 05:45,-3.634
2018-02-05 06:00,-3.838
2018-02-05 06:15,-3.887
2018-02-05 06:30,-3.934
2018-02-05 06:45,-3.983
2018-02-05 07:00,-4.031
2018-02-05 07:15,-4.1
2018-02-05 07:30,-4.169
2018-02-05 07:45,-4.238
2018-02-05 08:00,-4.308
2018-02-05 08:15,-4.238
2018-02-05 08:30,-4.169
2018-02-05 08:45,-4.1
2018-02-05 09:00,-4.031
2018-02-05 09:15,-3.846
2018-02-05 09:30,-3.662
2018-02-05 09:45,-3.477
2018-02-05 10:00,-3.292
2018-02-05 10:15,-2.957
2018-02-05 10:30,-2.621
2018-02-05 10:45,-2.286
2018-02-05 11:00,-1.95
2018-02-05 11:15,-1.655
2018-02-05 11:30,-1.359
2018-02-05 11:45,-1.064
2018-02-05 12:00,-0.769
2018-02-05 12:15,-0.363
2018-02-05 12:30,0.042
2018-02-05 12:45,0.448
2018-02-05 13:00,0.854
2018-02-05 13:15,1.144
2018-02-05 13:30,1.434
2018-02-05 13:45,1.725
2018-02-05 14:00,2.016
2018-02-05 14:15,2.317
2018-02-05 14:30,2.619
2018-02-05 14:45,2.921
2018-02-05 15:00,3.223
2018-02-05 15:15,3.475
2018-02-05 15:30,3.727
2018-02-05 15:45,3.979
2018-02-05 16:00,4.231
2018-02-05 16:15,4.706
2018-02-05 16:30,5.181
2018-02-05 16:45,5.656
2018-02-05 17:00,6.131
2018-02-05 17:15,6.371
2018-02-05 17:30,6.612
2018-02-05 17:45,6.852
2018-02-05 18:00,7.092
2018-02-05 18:15,7.296
2018-02-05 18:30,7.5
2018-02-05 18:45,7.704
2018-02-05 19:00,7.908
2018-02-05 19:15,7.613
2018-02-05 19:30,7.318
2018-02-05 19:45,7.023
2018-02-05 20:00,6.728
2018-02-05 20:15,6.722
2018-02-05 20:30,6.714
2018-02-05 20:45,6.707
2018-02-05 21:00,6.7
2018-02-05 21:15,6.527
2018-02-05 21:30,6.354
2018-02-05 21:45,6.181
2018-02-05 22:00,6.008
2018-02-05 22:15,5.812
2018-02-05 22:30,5.616
2018-02-05 22:45,5.419
2018-02-05 23:00,5.223
2018-02-05 23:15,4.517
2018-02-05 23:30,3.812
2018-02-05 23:45,3.106
2018-02-06 00:00,2.4
2018-02-06 00:15,2.4
2018-02-06 00:30,2.4
2018-02-06 00:45,2.4
2018-02-06 01:00,2.4
2018-02-06 01:15,2.244
2018-02-06 01:30,2.088
2018-02-06 01:45,1.933
2018-02-06 02:00,1.777
2018-02-06 02:15,1.719
2018-02-06 02:30,1.662
2018-02-06 02:45,1.604
2018-02-06 03:00,1.546
2018-02-06 03:15,1.663
2018-02-06 03:30,1.781
2018-02-06 03:45,1.898
2018-02-06 04:00,2.016
2018-02-06 04:15,2.006
2018-02-06 04:30,1.996
2018-02-06 04:45,1.987
2018-02-06 05:00,1.977
2018-02-06 05:15,1.987
2018-02-06 05:30,1.996
2018-02-06 05:45,2.006
2018-02-06 06:00,2.016
2018-02-06 06:15,2.037
2018-02-06 06:30,2.058
2018-02-06 06:45,2.079
2018-02-06 07:00,2.1
2018-02-06 07:15,2.082
2018-02-06 07:30,2.064
2018-02-06 07:45,2.047
2018-02-06 08:00,2.028
2018-02-06 08:15,2.133
2018-02-06 08:30,2.237
2018-02-06 08:45,2.342
2018-02-06 09:00,2.446
2018-02-06 09:15,2.591
2018-02-06 09:30,2.734
2018-02-06 09:45,2.879
2018-02-06 10:00,3.023
2018-02-06 10:15,3.186
2018-02-06 10:30,3.348
2018-02-06 10:45,3.511
2018-02-06 11:00,3.673
2018-02-06 11:15,3.832
2018-02-06 11:30,3.991
2018-02-06 11:45,4.149
2018-02-06 12:00,4.308
2018-02-06 12:15,4.626
2018-02-06 12:30,4.943
2018-02-06 12:45,5.261
2018-02-06 13:00,5.578
2018-02-06 13:15,5.686
2018-02-06 13:30,5.793
2018-02-06 13:45,5.901
2018-02-06 14:00,6.008
2018-02-06 14:15,6.008
2018-02-06 14:30,6.008
2018-02-06 14:45,6.008
2018-02-06 15:00,6.008
2018-02-06 15:15,5.998
2018-02-06 15:30,5.988
2018-02-06 15:45,5.979
2018-02-06 16:00,5.969
2018-02-06 16:15,5.488
2018-02-06 16:30,5.008
2018-02-06 16:45,4.527
2018-02-06 17:00,4.047
2018-02-06 17:15,3.839
2018-02-06 17:30,3.631
2018-02-06 17:45,3.423
2018-02-06 18:00,3.216
2018-02-06 18:15,2.901
2018-02-06 18:30,2.586
2018-02-06 18:45,2.272
2018-02-06 19:00,1.957
2018-02-06 19:15,1.694
2018-02-06 19:30,1.432
2018-02-06 19:45,1.169
2018-02-06 20:00,0.906
2018-02-06 20:15,0.802
2018-02-06 20:30,0.697
2018-02-06 20:45,0.593
2018-02-06 21:00,0.489
2018-02-06 21:15,0.413
2018-02-06 21:30,0.338
2018-02-06 21:45,0.263
2018-02-06 22:00,0.188
2018-02-06 22:15,0.141
2018-02-06 22:30,0.094
2018-02-06 22:45,0.047
2018-02-06 23:00,0.0
2018-02-06 23:15,0.0
2018-02-06 23:30,0.0
2018-02-06 23:45,0.0
2018-02-07 00:00,0.0
2018-02-07 00:15,0.0
2018-02-07 00:30,0.0
2018-02-07 00:45,0.0
2018-02-07 01:00,0.0
2018-02-07 01:15,0.0
2018-02-07 01:30,0.0
2018-02-07 01:45,0.0
2018-02-07 02:00,0.0
2018-02-07 02:15,0.0
2018-02-07 02:30,0.0
2018-02-07 02:45,0.0
2018-02-07 03:00,0.0
2018-02-07 03:15,0.0
2018-02-07 03:30,0.0
2018-02-07 03:45,0.0
2018-02-07 04:00,0.0
2018-02-07 04:15,0.0
2018-02-07 04:30,0.0
2018-02-07 04:45,0.0
2018-02-07 05:00,0.0
2018-02-07 05:15,0.0
2018-02-07 05:30,0.0
2018-02-07 05:45,0.0
2018-02-07 06:00,0.0
2018-02-07 06:15,0.0
2018-02-07 06:30,0.0
2018-02-07 06:45,0.0
2018-02-07 07:00,0.0
2018-02-07 07:15,0.0
2018-02-07 07:30,0.0
2018-02-07 07:45,0.0
2018-02-07 08:00,0.0
2018-02-07 08:15,-0.213
2018-02-07 08:30,-0.427
2018-02-07 08:45,-0.641
2018-02-07 09:00,-0.854
2018-02-07 09:15,-0.892
2018-02-07 09:30,-0.931
2018-02-07 09:45,-0.969
2018-02-07 10:00,-1.008
2018-02-07 10:15,-0.619
2018-02-07 10:30,-0.231
2018-02-07 10:45,0.158
2018-02-07 11:00,0.546
2018-02-07 11:15,0.973
2018-02-07 11:30,1.4
2018-02-07 11:45,1.827
2018-02-07 12:00,2.254
2018-02-07 12:15,2.652
2018-02-07 12:30,3.05
2018-02-07 12:45,3.448
2018-02-07 13:00,3.846
2018-02-07 13:15,4.466
2018-02-07 13:30,5.084
2018-02-07 13:45,5.704
2018-02-07 14:00,6.323
2018-02-07 14:15,6.681
2018-02-07 14:30,7.038
2018-02-07 14:45,7.396
2018-02-07 15:00,7.754
2018-02-07 15:15,7.891
2018-02-07 15:30,8.027
2018-02-07 15:45,8.163
2018-02-07 16:00,8.3
2018-02-07 16:15,8.513
2018-02-07 16:30,8.727
2018-02-07 16:45,8.941
2018-02-07 17:00,9.154
2018-02-07 17:15,9.366
2018-02-07 17:30,9.577
2018-02-07 17:45,9.788
2018-02-07 18:00,10.0
2018-02-07 18:15,9.775
2018-02-07 18:30,9.55
2018-02-07 18:45,9.325
2018-02-07 19:00,9.1
2018-02-07 19:15,8.752
2018-02-07 19:30,8.404
2018-02-07 19:45,8.056
2018-02-07 20:00,7.708
2018-02-07 20:15,7.525
2018-02-07 20:30,7.342
2018-02-07 20:45,7.159
2018-02-07 21:00,6.977
2018-02-07 21:15,6.783
2018-02-07 21:30,6.588
2018-02-07 21:45,6.394
2018-02-07 22:00,6.2
2018-02-07 22:15,5.946
2018-02-07 22:30,5.692
2018-02-07 22:45,5.438
2018-02-07 23:00,5.184
2018-02-07 23:15,4.884
2018-02-07 23:30,4.584
2018-02-07 23:45,4.284
2018-02-08 00:00,3.984
2018-02-08 00:15,3.608
2018-02-08 00:30,3.231
2018-02-08 00:45,2.854
2018-02-08 01:00,2.477
2018-02-08 01:15,2.234
2018-02-08 01:30,1.992
2018-02-08 01:45,1.75
2018-02-08 02:00,1.508
2018-02-08 02:15,1.188
2018-02-08 02:30,0.869
2018-02-08 02:45,0.55
2018-02-08 03:00,0.231
2018-02-08 03:15,0.008
2018-02-08 03:30,-0.216
2018-02-08 03:45,-0.438
2018-02-08 04:00,-0.662
2018-02-08 04:15,-0.642
2018-02-08 04:30,-0.623
2018-02-08 04:45,-0.604
2018-02-08 05:00,-0.584
2018-02-08 05:15,-0.691
2018-02-08 05:30,-0.796
2018-02-08 05:45,-0.902
2018-02-08 06:00,-1.008
2018-02-08 06:15,-0.998
2018-02-08 06:30,-0.988
2018-02-08 06:45,-0.979
2018-02-08 07:00,-0.969
2018-02-08 07:15,-0.979
2018-02-08 07:30,-0.988
2018-02-08 07:45,-0.998
2018-02-08 08:00,-1.008
2018-02-08 08:15,-0.967
2018-02-08 08:30,-0.927
2018-02-08 08:45,-0.887
2018-02-08 09:00,-0.846
2018-02-08 09:15,-0.369
2018-02-08 09:30,0.108
2018-02-08 09:45,0.584
2018-02-08 10:00,1.062
2018-02-08 10:15,1.981
2018-02-08 10:30,2.9
2018-02-08 10:45,3.819
2018-02-08 11:00,4.738
2018-02-08 11:15,5.367
2018-02-08 11:30,5.996
2018-02-08 11:45,6.625
2018-02-08 12:00,7.254
2018-02-08 12:15,7.767
2018-02-08 12:30,8.281
2018-02-08 12:45,8.794
2018-02-08 13:00,9.308
2018-02-08 13:15,9.831
2018-02-08 13:30,10.354
2018-02-08 13:45,10.877
2018-02-08 14:00,11.4
2018-02-08 14:15,11.767
2018-02-08 14:30,12.134
2018-02-08 14:45,12.502
2018-02-08 15:00,12.869
2018-02-08 15:15,13.141
2018-02-08 15:30,13.412
2018-02-08 15:45,13.683
2018-02-08 16:00,13.954
2018-02-08 16:15,14.304
2018-02-08 16:30,14.654
2018-02-08 16:45,15.004
2018-02-08 17:00,15.354
2018-02-08 17:15,15.508
2018-02-08 17:30,15.662
2018-02-08 17:45,15.816
2018-02-08 18:00,15.969
2018-02-08 18:15,15.629
2018-02-08 18:30,15.288
2018-02-08 18:45,14.948
2018-02-08 19:00,14.608
2018-02-08 19:15,14.016
2018-02-08 19:30,13.423
2018-02-08 19:45,12.831
2018-02-08 20:00,12.238
2018-02-08 20:15,11.756
2018-02-08 20:30,11.273
2018-02-08 20:45,10.791
2018-02-08 21:00,10.308
2018-02-08 21:15,10.056
2018-02-08 21:30,9.804
2018-02-08 21:45,9.552
2018-02-08 22:00,9.3
2018-02-08 22:15,9.038
2018-02-08 22:30,8.777
2018-02-08 22:45,8.516
2018-02-08 23:00,8.254
2018-02-08 23:15,8.098
2018-02-08 23:30,7.942
2018-02-08 23:45,7.787
2018-02-09 00:00,7.631
2018-02-09 00:15,7.709
2018-02-09 00:30,7.788
2018-02-09 00:45,7.867
2018-02-09 01:00,7.946
2018-02-09 01:15,7.849
2018-02-09 01:30,7.752
2018-02-09 01:45,7.656
2018-02-09 02:00,7.558
2018-02-09 02:15,7.276
2018-02-09 02:30,6.993
2018-02-09 02:45,6.71
2018-02-09 03:00,6.427
2018-02-09 03:15,6.526
2018-02-09 03:30,6.625
2018-02-09 03:45,6.724
2018-02-09 04:00,6.823
2018-02-09 04:15,7.167
2018-02-09 04:30,7.512
2018-02-09 04:45,7.856
2018-02-09 05:00,8.2
2018-02-09 05:15,8.434
2018-02-09 05:30,8.668
2018-02-09 05:45,8.902
2018-02-09 06:00,9.136
2018-02-09 06:15,9.604
2018-02-09 06:30,10.072
2018-02-09 06:45,10.539
2018-02-09 07:00,11.008
2018-02-09 07:15,11.008
2018-02-09 07:30,11.008
2018-02-09 07:45,11.008
2018-02-09 08:00,11.008
2018-02-09 08:15,11.154
2018-02-09 08:30,11.3
2018-02-09 08:45,11.446
2018-02-09 09:00,11.592
2018-02-09 09:15,11.729
2018-02-09 09:30,11.866
2018-02-09 09:45,12.002
2018-02-09 10:00,12.138
2018-02-09 10:15,12.623
2018-02-09 10:30,13.108
2018-02-09 10:45,13.592
2018-02-09 11:00,14.077
2018-02-09 11:15,14.6
2018-02-09 11:30,15.123
2018-02-09 11:45,15.646
2018-02-09 12:00,16.169
2018-02-09 12:15,16.508
2018-02-09 12:30,16.846
2018-02-09 12:45,17.184
2018-02-09 13:00,17.523
2018-02-09 13:15,17.912
2018-02-09 13:30,18.3
2018-02-09 13:45,18.688
2018-02-09 14:00,19.077
2018-02-09 14:15,19.502
2018-02-09 14:30,19.927
2018-02-09 14:45,20.352
2018-02-09 15:00,20.777
2018-02-09 15:15,21.096
2018-02-09 15:30,21.416
2018-02-09 15:45,21.734
2018-02-09 16:00,22.054
2018-02-09 16:15,22.054
2018-02-09 16:30,22.054
2018-02-09 16:45,22.054
2018-02-09 17:00,22.054
2018-02-09 17:15,21.908
2018-02-09 17:30,21.762
2018-02-09 17:45,21.616
2018-02-09 18:00,21.469
2018-02-09 18:15,21.217
2018-02-09 18:30,20.966
2018-02-09 18:45,20.713
2018-02-09 19:00,20.462
2018-02-09 19:15,20.113
2018-02-09 19:30,19.766
2018-02-09 19:45,19.417
2018-02-09 20:00,19.069
2018-02-09 20:15,18.806
2018-02-09 20:30,18.542
2018-02-09 20:45,18.279
2018-02-09 21:00,18.016
2018-02-09 21:15,17.775
2018-02-09 21:30,17.534
2018-02-09 21:45,17.294
2018-02-09 22:00,17.054
2018-02-09 22:15,17.034
2018-02-09 22:30,17.016
2018-02-09 22:45,16.996
2018-02-09 23:00,16.977
2018-02-09 23:15,16.938
2018-02-09 23:30,16.9
2018-02-09 23:45,16.862
2018-02-10 00:00,16.823
2018-02-10 00:15,16.696
2018-02-10 00:30,16.569
2018-02-10 00:45,16.442
2018-02-10 01:00,16.316
2018-02-10 01:15,16.159
2018-02-10 01:30,16.004
2018-02-10 01:45,15.848
2018-02-10 02:00,15.692
2018-02-10 02:15,15.277
2018-02-10 02:30,14.862
2018-02-10 02:45,14.446
2018-02-10 03:00,14.031
2018-02-10 03:15,14.037
2018-02-10 03:30,14.044
2018-02-10 03:45,14.051
2018-02-10 04:00,14.057
2018-02-10 04:15,14.051
2018-02-10 04:30,14.044
2018-02-10 04:45,14.037
2018-02-10 05:00,14.031
2018-02-10 05:15,12.864
2018-02-10 05:30,11.698
2018-02-10 05:45,10.531
2018-02-10 06:00,9.364
2018-02-10 06:15,8.612
2018-02-10 06:30,7.859
2018-02-10 06:45,7.107
2018-02-10 07:00,6.354
2018-02-10 07:15,6.258
2018-02-10 07:30,6.162
2018-02-10 07:45,6.066
2018-02-10 08:00,5.969
2018-02-10 08:15,5.816
2018-02-10 08:30,5.663
2018-02-10 08:45,5.51
2018-02-10 09:00,5.357
2018-02-10 09:15,4.635
2018-02-10 09:30,3.913
2018-02-10 09:45,3.191
2018-02-10 10:00,2.469
2018-02-10 10:15,1.948
2018-02-10 10:30,1.427
2018-02-10 10:45,0.906
2018-02-10 11:00,0.384
2018-02-10 11:15,0.219
2018-02-10 11:30,0.054
2018-02-10 11:45,-0.112
2018-02-10 12:00,-0.277
2018-02-10 12:15,-0.266
2018-02-10 12:30,-0.254
2018-02-10 12:45,-0.242
2018-02-10 13:00,-0.231
2018-02-10 13:15,-0.173
2018-02-10 13:30,-0.116
2018-02-10 13:45,-0.058
2018-02-10 14:00,0.0
2018-02-10 14:15,-0.038
2018-02-10 14:30,-0.077
2018-02-10 14:45,-0.116
2018-02-10 15:00,-0.154
2018-02-10 15:15,-0.242
2018-02-10 15:30,-0.331
2018-02-10 15:45,-0.419
2018-02-10 16:00,-0.508
2018-02-10 16:15,-0.554
2018-02-10 16:30,-0.6
2018-02-10 16:45,-0.646
2018-02-10 17:00,-0.692
2018-02-10 17:15,-0.431
2018-02-10 17:30,-0.169
2018-02-10 17:45,0.092
2018-02-10 18:00,0.354
2018-02-10 18:15,0.51
2018-02-10 18:30,0.666
2018-02-10 18:45,0.822
2018-02-10 19:00,0.978
2018-02-10 19:15,0.986
2018-02-10 19:30,0.993
2018-02-10 19:45,1.001
2018-02-10 20:00,1.008
2018-02-10 20:15,1.134
2018-02-10 20:30,1.262
2018-02-10 20:45,1.388
2018-02-10 21:00,1.516
2018-02-10 21:15,1.631
2018-02-10 21:30,1.746
2018-02-10 21:45,1.862
2018-02-10 22:00,1.977
2018-02-10 22:15,1.888
2018-02-10 22:30,1.8
2018-02-10 22:45,1.712
2018-02-10 23:00,1.623
2018-02-10 23:15,1.469
2018-02-10 23:30,1.316
2018-02-10 23:45,1.162
2018-02-11 00:00,1.008
2018-02-11 00:15,0.967
2018-02-11 00:30,0.927
2018-02-11 00:45,0.887
2018-02-11 01:00,0.846
2018-02-11 01:15,0.452
2018-02-11 01:30,0.059
2018-02-11 01:45,-0.335
2018-02-11 02:00,-0.728
2018-02-11 02:15,-1.139
2018-02-11 02:30,-1.549
2018-02-11 02:45,-1.959
2018-02-11 03:00,-2.369
2018-02-11 03:15,-2.523
2018-02-11 03:30,-2.677
2018-02-11 03:45,-2.831
2018-02-11 04:00,-2.984
2018-02-11 04:15,-2.994
2018-02-11 04:30,-3.004
2018-02-11 04:45,-3.013
2018-02-11 05:00,-3.023
2018-02-11 05:15,-3.023
2018-02-11 05:30,-3.023
2018-02-11 05:45,-3.023
2018-02-11 06:00,-3.023
2018-02-11 06:15,-3.023
2018-02-11 06:30,-3.023
2018-02-11 06:45,-3.023
2018-02-11 07:00,-3.023
2018-02-11 07:15,-3.013
2018-02-11 07:30,-3.004
2018-02-11 07:45,-2.994
2018-02-11 08:00,-2.984
2018-02-11 08:15,-2.981
2018-02-11 08:30,-2.978
2018-02-11 08:45,-2.975
2018-02-11 09:00,-2.972
2018-02-11 09:15,-2.79
2018-02-11 09:30,-2.609
2018-02-11 09:45,-2.427
2018-02-11 10:00,-2.246
2018-02-11 10:15,-2.188
2018-02-11 10:30,-2.131
2018-02-11 10:45,-2.073
2018-02-11 11:00,-2.016
2018-02-11 11:15,-1.953
2018-02-11 11:30,-1.891
2018-02-11 11:45,-1.829
2018-02-11 12:00,-1.767
2018-02-11 12:15,-1.4
2018-02-11 12:30,-1.033
2018-02-11 12:45,-0.667
2018-02-11 13:00,-0.3
2018-02-11 13:15,0.369
2018-02-11 13:30,1.038
2018-02-11 13:45,1.708
2018-02-11 14:00,2.377
2018-02-11 14:15,2.791
2018-02-11 14:30,3.204
2018-02-11 14:45,3.617
2018-02-11 15:00,4.031
2018-02-11 15:15,4.312
2018-02-11 15:30,4.592
2018-02-11 15:45,4.873
2018-02-11 16:00,5.154
2018-02-11 16:15,5.348
2018-02-11 16:30,5.542
2018-02-11 16:45,5.737
2018-02-11 17:00,5.931
2018-02-11 17:15,5.717
2018-02-11 17:30,5.504
2018-02-11 17:45,5.291
2018-02-11 18:00,5.077
2018-02-11 18:15,5.046
2018-02-11 18:30,5.016
2018-02-11 18:45,4.984
2018-02-11 19:00,4.954
2018-02-11 19:15,4.373
2018-02-11 19:30,3.792
2018-02-11 19:45,3.212
2018-02-11 20:00,2.631
2018-02-11 20:15,2.379
2018-02-11 20:30,2.127
2018-02-11 20:45,1.875
2018-02-11 21:00,1.623
2018-02-11 21:15,1.333
2018-02-11 21:30,1.042
2018-02-11 21:45,0.752
2018-02-11 22:00,0.462
2018-02-11 22:15,0.442
2018-02-11 22:30,0.423
2018-02-11 22:45,0.404
2018-02-11 23:00,0.384
2018-02-11 23:15,0.162
2018-02-11 23:30,-0.062
2018-02-11 23:45,-0.284
2018-02-12 00:00,-0.508
2018-02-12 00:15,-0.604
2018-02-12 00:30,-0.7
2018-02-12 00:45,-0.796
2018-02-12 01:00,-0.892
2018-02-12 01:15,-0.921
2018-02-12 01:30,-0.95
2018-02-12 01:45,-0.979
2018-02-12 02:00,-1.008
2018-02-12 02:15,-0.997
2018-02-12 02:30,-0.987
2018-02-12 02:45,-0.977
2018-02-12 03:00,-0.967
2018-02-12 03:15,-0.967
2018-02-12 03:30,-0.968
2018-02-12 03:45,-0.968
2018-02-12 04:00,-0.969
2018-02-12 04:15,-0.969
2018-02-12 04:30,-0.969
2018-02-12 04:45,-0.969
2018-02-12 05:00,-0.969
2018-02-12 05:15,-0.998
2018-02-12 05:30,-1.027
2018-02-12 05:45,-1.056
2018-02-12 06:00,-1.084
2018-02-12 06:15,-1.298
2018-02-12 06:30,-1.512
2018-02-12 06:45,-1.725
2018-02-12 07:00,-1.938
2018-02-12 07:15,-1.958
2018-02-12 07:30,-1.977
2018-02-12 07:45,-1.996
2018-02-12 08:00,-2.016
2018-02-12 08:15,-2.131
2018-02-12 08:30,-2.246
2018-02-12 08:45,-2.362
2018-02-12 09:00,-2.477
2018-02-12 09:15,-2.158
2018-02-12 09:30,-1.838
2018-02-12 09:45,-1.519
2018-02-12 10:00,-1.2
2018-02-12 10:15,-1.053
2018-02-12 10:30,-0.907
2018-02-12 10:45,-0.761
2018-02-12 11:00,-0.614
2018-02-12 11:15,-0.343
2018-02-12 11:30,-0.072
2018-02-12 11:45,0.2
2018-02-12 12:00,0.472
2018-02-12 12:15,0.865
2018-02-12 12:30,1.259
2018-02-12 12:45,1.653
2018-02-12 13:00,2.047
2018-02-12 13:15,2.408
2018-02-12 13:30,2.769
2018-02-12 13:45,3.131
2018-02-12 14:00,3.492
2018-02-12 14:15,3.929
2018-02-12 14:30,4.366
2018-02-12 14:45,4.802
2018-02-12 15:00,5.238
2018-02-12 15:15,5.488
2018-02-12 15:30,5.738
2018-02-12 15:45,5.988
2018-02-12 16:00,6.238
2018-02-12 16:15,6.452
2018-02-12 16:30,6.666
2018-02-12 16:45,6.879
2018-02-12 17:00,7.092
2018-02-12 17:15,7.258
2018-02-12 17:30,7.423
2018-02-12 17:45,7.588
2018-02-12 18:00,7.754
2018-02-12 18:15,7.684
2018-02-12 18:30,7.616
2018-02-12 18:45,7.546
2018-02-12 19:00,7.477
2018-02-12 19:15,7.302
2018-02-12 19:30,7.127
2018-02-12 19:45,6.952
2018-02-12 20:00,6.777
2018-02-12 20:15,6.566
2018-02-12 20:30,6.354
2018-02-12 20:45,6.142
2018-02-12 21:00,5.931
2018-02-12 21:15,5.979
2018-02-12 21:30,6.027
2018-02-12 21:45,6.075
2018-02-12 22:00,6.123
2018-02-12 22:15,5.958
2018-02-12 22:30,5.792
2018-02-12 22:45,5.627
2018-02-12 23:00,5.462
2018-02-12 23:15,5.416
2018-02-12 23:30,5.369
2018-02-12 23:45,5.323
2018-02-13 00:00,5.277
2018-02-13 00:15,5.45
2018-02-13 00:30,5.623
2018-02-13 00:45,5.796
2018-02-13 01:00,5.969
2018-02-13 01:15,5.969
2018-02-13 01:30,5.969
2018-02-13 01:45,5.969
2018-02-13 02:00,5.969
2018-02-13 02:15,5.963
2018-02-13 02:30,5.956
2018-02-13 02:45,5.949
2018-02-13 03:00,5.943
2018-02-13 03:15,5.949
2018-02-13 03:30,5.956
2018-02-13 03:45,5.963
2018-02-13 04:00,5.969
2018-02-13 04:15,5.963
2018-02-13 04:30,5.956
2018-02-13 04:45,5.949
2018-02-13 05:00,5.943
2018-02-13 05:15,5.949
2018-02-13 05:30,5.956
2018-02-13 05:45,5.963
2018-02-13 06:00,5.969
2018-02-13 06:15,5.957
2018-02-13 06:30,5.944
2018-02-13 06:45,5.932
2018-02-13 07:00,5.92
2018-02-13 07:15,5.932
2018-02-13 07:30,5.944
2018-02-13 07:45,5.957
2018-02-13 08:00,5.969
2018-02-13 08:15,5.969
2018-02-13 08:30,5.969
2018-02-13 08:45,5.969
2018-02-13 09:00,5.969
2018-02-13 09:15,5.969
2018-02-13 09:30,5.969
2018-02-13 09:45,5.969
2018-02-13 10:00,5.969
2018-02-13 10:15,5.969
2018-02-13 10:30,5.969
2018-02-13 10:45,5.969
2018-02-13 11:00,5.969
2018-02-13 11:15,5.979
2018-02-13 11:30,5.988
2018-02-13 11:45,5.998
2018-02-13 12:00,6.008
2018-02-13 12:15,6.221
2018-02-13 12:30,6.434
2018-02-13 12:45,6.648
2018-02-13 13:00,6.862
2018-02-13 13:15,7.133
2018-02-13 13:30,7.404
2018-02-13 13:45,7.675
2018-02-13 14:00,7.946
2018-02-13 14:15,8.131
2018-02-13 14:30,8.316
2018-02-13 14:45,8.5
2018-02-13 15:00,8.684
2018-02-13 15:15,8.975
2018-02-13 15:30,9.266
2018-02-13 15:45,9.556
2018-02-13 16:00,9.846
2018-02-13 16:15,9.884
2018-02-13 16:30,9.923
2018-02-13 16:45,9.962
2018-02-13 17:00,10.0
2018-02-13 17:15,10.0
2018-02-13 17:30,10.0
2018-02-13 17:45,10.0
2018-02-13 18:00,10.0
2018-02-13 18:15,9.796
2018-02-13 18:30,9.592
2018-02-13 18:45,9.388
2018-02-13 19:00,9.184
2018-02-13 19:15,9.087
2018-02-13 19:30,8.988
2018-02-13 19:45,8.891
2018-02-13 20:00,8.792
2018-02-13 20:15,8.6
2018-02-13 20:30,8.408
2018-02-13 20:45,8.216
2018-02-13 21:00,8.023
2018-02-13 21:15,8.023
2018-02-13 21:30,8.023
2018-02-13 21:45,8.023
2018-02-13 22:00,8.023
2018-02-13 22:15,8.013
2018-02-13 22:30,8.004
2018-02-13 22:45,7.994
2018-02-13 23:00,7.984
2018-02-13 23:15,7.984
2018-02-13 23:30,7.984
2018-02-13 23:45,7.984
2018-02-14 00:00,7.984
2018-02-14 00:15,7.978
2018-02-14 00:30,7.972
2018-02-14 00:45,7.966
2018-02-14 01:00,7.96
2018-02-14 01:15,7.966
2018-02-14 01:30,7.972
2018-02-14 01:45,7.978
2018-02-14 02:00,7.984
2018-02-14 02:15,7.984
2018-02-14 02:30,7.984
2018-02-14 02:45,7.984
2018-02-14 03:00,7.984
2018-02-14 03:15,7.981
2018-02-14 03:30,7.978
2018-02-14 03:45,7.975
2018-02-14 04:00,7.972
2018-02-14 04:15,7.972
2018-02-14 04:30,7.972
2018-02-14 04:45,7.972
2018-02-14 05:00,7.972
2018-02-14 05:15,7.984
2018-02-14 05:30,7.997
2018-02-14 05:45,8.01
2018-02-14 06:00,8.023
2018-02-14 06:15,8.023
2018-02-14 06:30,8.023
2018-02-14 06:45,8.023
2018-02-14 07:00,8.023
2018-02-14 07:15,8.131
2018-02-14 07:30,8.238
2018-02-14 07:45,8.346
2018-02-14 08:00,8.454
2018-02-14 08:15,8.596
2018-02-14 08:30,8.738
2018-02-14 08:45,8.879
2018-02-14 09:00,9.022
2018-02-14 09:15,9.414
2018-02-14 09:30,9.807
2018-02-14 09:45,10.199
2018-02-14 10:00,10.592
2018-02-14 10:15,11.099
2018-02-14 10:30,11.606
2018-02-14 10:45,12.113
2018-02-14 11:00,12.62
2018-02-14 11:15,13.363
2018-02-14 11:30,14.106
2018-02-14 11:45,14.849
2018-02-14 12:00,15.592
2018-02-14 12:15,16.571
2018-02-14 12:30,17.55
2018-02-14 12:45,18.529
2018-02-14 13:00,19.508
2018-02-14 13:15,20.273
2018-02-14 13:30,21.038
2018-02-14 13:45,21.804
2018-02-14 14:00,22.569
2018-02-14 14:15,23.294
2018-02-14 14:30,24.019
2018-02-14 14:45,24.744
2018-02-14 15:00,25.469
2018-02-14 15:15,25.837
2018-02-14 15:30,26.204
2018-02-14 15:45,26.571
2018-02-14 16:00,26.938
2018-02-14 16:15,26.958
2018-02-14 16:30,26.977
2018-02-14 16:45,26.996
2018-02-14 17:00,27.016
2018-02-14 17:15,27.016
2018-02-14 17:30,27.016
2018-02-14 17:45,27.016
2018-02-14 18:00,27.016
2018-02-14 18:15,26.838
2018-02-14 18:30,26.662
2018-02-14 18:45,26.484
2018-02-14 19:00,26.308
2018-02-14 19:15,25.717
2018-02-14 19:30,25.127
2018-02-14 19:45,24.537
2018-02-14 20:00,23.946
2018-02-14 20:15,23.598
2018-02-14 20:30,23.25
2018-02-14 20:45,22.902
2018-02-14 21:00,22.554
2018-02-14 21:15,22.0
2018-02-14 21:30,21.446
2018-02-14 21:45,20.892
2018-02-14 22:00,20.338
2018-02-14 22:15,19.875
2018-02-14 22:30,19.412
2018-02-14 22:45,18.948
2018-02-14 23:00,18.484
2018-02-14 23:15,18.359
2018-02-14 23:30,18.234
2018-02-14 23:45,18.109
2018-02-15 00:00,17.984
2018-02-15 00:15,17.994
2018-02-15 00:30,18.004
2018-02-15 00:45,18.013
2018-02-15 01:00,18.023
2018-02-15 01:15,18.081
2018-02-15 01:30,18.138
2018-02-15 01:45,18.196
2018-02-15 02:00,18.254
2018-02-15 02:15,18.196
2018-02-15 02:30,18.138
2018-02-15 02:45,18.081
2018-02-15 03:00,18.023
2018-02-15 03:15,18.023
2018-02-15 03:30,18.023
2018-02-15 03:45,18.023
2018-02-15 04:00,18.023
2018-02-15 04:15,18.062
2018-02-15 04:30,18.1
2018-02-15 04:45,18.138
2018-02-15 05:00,18.177
2018-02-15 05:15,18.188
2018-02-15 05:30,18.2
2018-02-15 05:45,18.212
2018-02-15 06:00,18.223
2018-02-15 06:15,18.425
2018-02-15 06:30,18.627
2018-02-15 06:45,18.829
2018-02-15 07:00,19.031
2018-02-15 07:15,19.031
2018-02-15 07:30,19.031
2018-02-15 07:45,19.031
2018-02-15 08:00,19.031
2018-02-15 08:15,19.196
2018-02-15 08:30,19.362
2018-02-15 08:45,19.527
2018-02-15 09:00,19.692
2018-02-15 09:15,19.944
2018-02-15 09:30,20.196
2018-02-15 09:45,20.448
2018-02-15 10:00,20.7
2018-02-15 10:15,20.923
2018-02-15 10:30,21.146
2018-02-15 10:45,21.369
2018-02-15 11:00,21.592
2018-02-15 11:15,21.748
2018-02-15 11:30,21.904
2018-02-15 11:45,22.059
2018-02-15 12:00,22.216
2018-02-15 12:15,22.534
2018-02-15 12:30,22.854
2018-02-15 12:45,23.173
2018-02-15 13:00,23.492
2018-02-15 13:15,23.792
2018-02-15 13:30,24.092
2018-02-15 13:45,24.392
2018-02-15 14:00,24.692
2018-02-15 14:15,24.896
2018-02-15 14:30,25.1
2018-02-15 14:45,25.304
2018-02-15 15:00,25.508
2018-02-15 15:15,25.644
2018-02-15 15:30,25.781
2018-02-15 15:45,25.917
2018-02-15 16:00,26.054
2018-02-15 16:15,26.333
2018-02-15 16:30,26.612
2018-02-15 16:45,26.891
2018-02-15 17:00,27.169
2018-02-15 17:15,27.091
2018-02-15 17:30,27.012
2018-02-15 17:45,26.933
2018-02-15 18:00,26.854
2018-02-15 18:15,26.544
2018-02-15 18:30,26.234
2018-02-15 18:45,25.925
2018-02-15 19:00,25.616
2018-02-15 19:15,25.209
2018-02-15 19:30,24.804
2018-02-15 19:45,24.398
2018-02-15 20:00,23.992
2018-02-15 20:15,23.923
2018-02-15 20:30,23.854
2018-02-15 20:45,23.784
2018-02-15 21:00,23.716
2018-02-15 21:15,23.542
2018-02-15 21:30,23.369
2018-02-15 21:45,23.196
2018-02-15 22:00,23.023
2018-02-15 22:15,22.925
2018-02-15 22:30,22.827
2018-02-15 22:45,22.729
2018-02-15 23:00,22.631
2018-02-15 23:15,22.467
2018-02-15 23:30,22.304
2018-02-15 23:45,22.141
2018-02-16 00:00,21.977
2018-02-16 00:15,21.754
2018-02-16 00:30,21.531
2018-02-16 00:45,21.308
2018-02-16 01:00,21.084
2018-02-16 01:15,21.056
2018-02-16 01:30,21.027
2018-02-16 01:45,20.998
2018-02-16 02:00,20.969
2018-02-16 02:15,20.823
2018-02-16 02:30,20.677
2018-02-16 02:45,20.531
2018-02-16 03:00,20.384
2018-02-16 03:15,20.056
2018-02-16 03:30,19.727
2018-02-16 03:45,19.398
2018-02-16 04:00,19.069
2018-02-16 04:15,18.923
2018-02-16 04:30,18.777
2018-02-16 04:45,18.631
2018-02-16 05:00,18.484
2018-02-16 05:15,18.369
2018-02-16 05:30,18.254
2018-02-16 05:45,18.138
2018-02-16 06:00,18.023
2018-02-16 06:15,17.541
2018-02-16 06:30,17.058
2018-02-16 06:45,16.576
2018-02-16 07:00,16.093
2018-02-16 07:15,15.402
2018-02-16 07:30,14.712
2018-02-16 07:45,14.021
2018-02-16 08:00,13.331
2018-02-16 08:15,13.137
2018-02-16 08:30,12.942
2018-02-16 08:45,12.748
2018-02-16 09:00,12.554
2018-02-16 09:15,12.419
2018-02-16 09:30,12.284
2018-02-16 09:45,12.15
2018-02-16 10:00,12.016
2018-02-16 10:15,12.279
2018-02-16 10:30,12.542
2018-02-16 10:45,12.806
2018-02-16 11:00,13.069
2018-02-16 11:15,13.281
2018-02-16 11:30,13.492
2018-02-16 11:45,13.704
2018-02-16 12:00,13.916
2018-02-16 12:15,13.963
2018-02-16 12:30,14.012
2018-02-16 12:45,14.059
2018-02-16 13:00,14.108
2018-02-16 13:15,14.098
2018-02-16 13:30,14.088
2018-02-16 13:45,14.079
2018-02-16 14:00,14.069
2018-02-16 14:15,14.0
2018-02-16 14:30,13.931
2018-02-16 14:45,13.862
2018-02-16 15:00,13.792
2018-02-16 15:15,13.591
2018-02-16 15:30,13.388
2018-02-16 15:45,13.187
2018-02-16 16:00,12.984
2018-02-16 16:15,13.129
2018-02-16 16:30,13.273
2018-02-16 16:45,13.417
2018-02-16 17:00,13.562
2018-02-16 17:15,13.262
2018-02-16 17:30,12.962
2018-02-16 17:45,12.662
2018-02-16 18:00,12.362
2018-02-16 18:15,12.002
2018-02-16 18:30,11.642
2018-02-16 18:45,11.283
2018-02-16 19:00,10.923
2018-02-16 19:15,10.459
2018-02-16 19:30,9.996
2018-02-16 19:45,9.533
2018-02-16 20:00,9.069
2018-02-16 20:15,8.973
2018-02-16 20:30,8.877
2018-02-16 20:45,8.781
2018-02-16 21:00,8.684
2018-02-16 21:15,8.742
2018-02-16 21:30,8.8
2018-02-16 21:45,8.858
2018-02-16 22:00,8.916
2018-02-16 22:15,8.788
2018-02-16 22:30,8.662
2018-02-16 22:45,8.534
2018-02-16 23:00,8.408
2018-02-16 23:15,8.302
2018-02-16 23:30,8.196
2018-02-16 23:45,8.091
2018-02-17 00:00,7.984
2018-02-17 00:15,7.984
2018-02-17 00:30,7.984
2018-02-17 00:45,7.984
2018-02-17 01:00,7.984
2018-02-17 01:15,7.762
2018-02-17 01:30,7.538
2018-02-17 01:45,7.316
2018-02-17 02:00,7.092
2018-02-17 02:15,7.188
2018-02-17 02:30,7.284
2018-02-17 02:45,7.381
2018-02-17 03:00,7.477
2018-02-17 03:15,7.362
2018-02-17 03:30,7.246
2018-02-17 03:45,7.131
2018-02-17 04:00,7.016
2018-02-17 04:15,6.987
2018-02-17 04:30,6.958
2018-02-17 04:45,6.929
2018-02-17 05:00,6.9
2018-02-17 05:15,6.919
2018-02-17 05:30,6.938
2018-02-17 05:45,6.958
2018-02-17 06:00,6.977
2018-02-17 06:15,6.981
2018-02-17 06:30,6.985
2018-02-17 06:45,6.989
2018-02-17 07:00,6.993
2018-02-17 07:15,6.989
2018-02-17 07:30,6.985
2018-02-17 07:45,6.981
2018-02-17 08:00,6.977
2018-02-17 08:15,6.954
2018-02-17 08:30,6.931
2018-02-17 08:45,6.908
2018-02-17 09:00,6.886
2018-02-17 09:15,6.913
2018-02-17 09:30,6.939
2018-02-17 09:45,6.966
2018-02-17 10:00,6.993
2018-02-17 10:15,7.193
2018-02-17 10:30,7.393
2018-02-17 10:45,7.592
2018-02-17 11:00,7.792
2018-02-17 11:15,8.367
2018-02-17 11:30,8.942
2018-02-17 11:45,9.517
2018-02-17 12:00,10.092
2018-02-17 12:15,11.004
2018-02-17 12:30,11.916
2018-02-17 12:45,12.827
2018-02-17 13:00,13.738
2018-02-17 13:15,14.617
2018-02-17 13:30,15.496
2018-02-17 13:45,16.375
2018-02-17 14:00,17.254
2018-02-17 14:15,17.767
2018-02-17 14:30,18.281
2018-02-17 14:45,18.794
2018-02-17 15:00,19.308
2018-02-17 15:15,19.404
2018-02-17 15:30,19.5
2018-02-17 15:45,19.596
2018-02-17 16:00,19.692
2018-02-17 16:15,19.613
2018-02-17 16:30,19.534
2018-02-17 16:45,19.456
2018-02-17 17:00,19.377
2018-02-17 17:15,19.204
2018-02-17 17:30,19.031
2018-02-17 17:45,18.858
2018-02-17 18:00,18.684
2018-02-17 18:15,18.373
2018-02-17 18:30,18.062
2018-02-17 18:45,17.75
2018-02-17 19:00,17.438
2018-02-17 19:15,16.952
2018-02-17 19:30,16.466
2018-02-17 19:45,15.979
2018-02-17 20:00,15.492
2018-02-17 20:15,15.146
2018-02-17 20:30,14.8
2018-02-17 20:45,14.454
2018-02-17 21:00,14.108
2018-02-17 21:15,14.059
2018-02-17 21:30,14.012
2018-02-17 21:45,13.963
2018-02-17 22:00,13.916
2018-02-17 22:15,13.671
2018-02-17 22:30,13.427
2018-02-17 22:45,13.183
2018-02-17 23:00,12.938
2018-02-17 23:15,12.698
2018-02-17 23:30,12.458
2018-02-17 23:45,12.217
2018-02-18 00:00,11.977
2018-02-18 00:15,11.977
2018-02-18 00:30,11.977
2018-02-18 00:45,11.977
2018-02-18 01:00,11.977
2018-02-18 01:15,11.734
2018-02-18 01:30,11.492
2018-02-18 01:45,11.25
2018-02-18 02:00,11.008
2018-02-18 02:15,10.998
2018-02-18 02:30,10.988
2018-02-18 02:45,10.979
2018-02-18 03:00,10.969
2018-02-18 03:15,10.746
2018-02-18 03:30,10.523
2018-02-18 03:45,10.3
2018-02-18 04:00,10.077
2018-02-18 04:15,9.825
2018-02-18 04:30,9.573
2018-02-18 04:45,9.321
2018-02-18 05:00,9.069
2018-02-18 05:15,9.05
2018-02-18 05:30,9.031
2018-02-18 05:45,9.012
2018-02-18 06:00,8.992
2018-02-18 06:15,8.973
2018-02-18 06:30,8.954
2018-02-18 06:45,8.934
2018-02-18 07:00,8.916
2018-02-18 07:15,8.769
2018-02-18 07:30,8.623
2018-02-18 07:45,8.477
2018-02-18 08:00,8.331
2018-02-18 08:15,8.42
2018-02-18 08:30,8.509
2018-02-18 08:45,8.598
2018-02-18 09:00,8.688
2018-02-18 09:15,8.759
2018-02-18 09:30,8.831
2018-02-18 09:45,8.903
2018-02-18 10:00,8.975
2018-02-18 10:15,9.012
2018-02-18 10:30,9.049
2018-02-18 10:45,9.087
2018-02-18 11:00,9.123
2018-02-18 11:15,9.471
2018-02-18 11:30,9.819
2018-02-18 11:45,10.167
2018-02-18 12:00,10.514
2018-02-18 12:15,10.793
2018-02-18 12:30,11.073
2018-02-18 12:45,11.352
2018-02-18 13:00,11.631
2018-02-18 13:15,11.727
2018-02-18 13:30,11.823
2018-02-18 13:45,11.919
2018-02-18 14:00,12.016
2018-02-18 14:15,12.248
2018-02-18 14:30,12.481
2018-02-18 14:45,12.713
2018-02-18 15:00,12.946
2018-02-18 15:15,13.344
2018-02-18 15:30,13.742
2018-02-18 15:45,14.141
2018-02-18 16:00,14.538
2018-02-18 16:15,15.225
2018-02-18 16:30,15.912
2018-02-18 16:45,16.599
2018-02-18 17:00,17.286
2018-02-18 17:15,17.693
2018-02-18 17:30,18.101
2018-02-18 17:45,18.508
2018-02-18 18:00,18.916
2018-02-18 18:15,18.721
2018-02-18 18:30,18.527
2018-02-18 18:45,18.333
2018-02-18 19:00,18.138
2018-02-18 19:15,17.907
2018-02-18 19:30,17.676
2018-02-18 19:45,17.446
2018-02-18 20:00,17.214
2018-02-18 20:15,17.15
2018-02-18 20:30,17.086
2018-02-18 20:45,17.022
2018-02-18 21:00,16.957
2018-02-18 21:15,16.962
2018-02-18 21:30,16.967
2018-02-18 21:45,16.972
2018-02-18 22:00,16.977
2018-02-18 22:15,16.977
2018-02-18 22:30,16.977
2018-02-18 22:45,16.977
2018-02-18 23:00,16.977
2018-02-18 23:15,16.977
2018-02-18 23:30,16.977
2018-02-18 23:45,16.977
2018-02-19 00:00,16.977
2018-02-19 00:15,17.075
2018-02-19 00:30,17.173
2018-02-19 00:45,17.271
2018-02-19 01:00,17.369
2018-02-19 01:15,17.533
2018-02-19 01:30,17.696
2018-02-19 01:45,17.859
2018-02-19 02:00,18.023
2018-02-19 02:15,18.373
2018-02-19 02:30,18.722
2018-02-19 02:45,19.072
2018-02-19 03:00,19.422
2018-02-19 03:15,19.693
2018-02-19 03:30,19.964
2018-02-19 03:45,20.236
2018-02-19 04:00,20.508
2018-02-19 04:15,20.623
2018-02-19 04:30,20.738
2018-02-19 04:45,20.854
2018-02-19 05:00,20.969
2018-02-19 05:15,20.969
2018-02-19 05:30,20.969
2018-02-19 05:45,20.969
2018-02-19 06:00,20.969
2018-02-19 06:15,20.969
2018-02-19 06:30,20.969
2018-02-19 06:45,20.969
2018-02-19 07:00,20.969
2018-02-19 07:15,20.979
2018-02-19 07:30,20.988
2018-02-19 07:45,20.998
2018-02-19 08:00,21.008
2018-02-19 08:15,21.134
2018-02-19 08:30,21.262
2018-02-19 08:45,21.388
2018-02-19 09:00,21.516
2018-02-19 09:15,21.641
2018-02-19 09:30,21.766
2018-02-19 09:45,21.891
2018-02-19 10:00,22.016
2018-02-19 10:15,22.2
2018-02-19 10:30,22.384
2018-02-19 10:45,22.569
2018-02-19 11:00,22.754
2018-02-19 11:15,22.852
2018-02-19 11:30,22.95
2018-02-19 11:45,23.048
2018-02-19 12:00,23.146
2018-02-19 12:15,23.367
2018-02-19 12:30,23.588
2018-02-19 12:45,23.809
2018-02-19 13:00,24.031
2018-02-19 13:15,24.237
2018-02-19 13:30,24.444
2018-02-19 13:45,24.651
2018-02-19 14:00,24.857
2018-02-19 14:15,24.651
2018-02-19 14:30,24.444
2018-02-19 14:45,24.237
2018-02-19 15:00,24.031
2018-02-19 15:15,24.158
2018-02-19 15:30,24.284
2018-02-19 15:45,24.412
2018-02-19 16:00,24.538
2018-02-19 16:15,24.673
2018-02-19 16:30,24.808
2018-02-19 16:45,24.942
2018-02-19 17:00,25.077
2018-02-19 17:15,25.281
2018-02-19 17:30,25.484
2018-02-19 17:45,25.688
2018-02-19 18:00,25.892
2018-02-19 18:15,25.912
2018-02-19 18:30,25.931
2018-02-19 18:45,25.95
2018-02-19 19:00,25.969
2018-02-19 19:15,25.812
2018-02-19 19:30,25.654
2018-02-19 19:45,25.496
2018-02-19 20:00,25.338
2018-02-19 20:15,24.945
2018-02-19 20:30,24.551
2018-02-19 20:45,24.158
2018-02-19 21:00,23.764
2018-02-19 21:15,23.547
2018-02-19 21:30,23.328
2018-02-19 21:45,23.111
2018-02-19 22:00,22.893
2018-02-19 22:15,22.673
2018-02-19 22:30,22.454
2018-02-19 22:45,22.235
2018-02-19 23:00,22.016
2018-02-19 23:15,22.016
2018-02-19 23:30,22.016
2018-02-19 23:45,22.016
2018-02-20 00:00,22.016
2018-02-20 00:15,22.046
2018-02-20 00:30,22.077
2018-02-20 00:45,22.108
2018-02-20 01:00,22.138
2018-02-20 01:15,22.35
2018-02-20 01:30,22.562
2018-02-20 01:45,22.773
2018-02-20 02:00,22.984
2018-02-20 02:15,22.984
2018-02-20 02:30,22.984
2018-02-20 02:45,22.984
2018-02-20 03:00,22.984
2018-02-20 03:15,22.984
2018-02-20 03:30,22.984
2018-02-20 03:45,22.984
2018-02-20 04:00,22.984
2018-02-20 04:15,22.807
2018-02-20 04:30,22.629
2018-02-20 04:45,22.451
2018-02-20 05:00,22.273
2018-02-20 05:15,21.743
2018-02-20 05:30,21.212
2018-02-20 05:45,20.681
2018-02-20 06:00,20.15
2018-02-20 06:15,19.647
2018-02-20 06:30,19.144
2018-02-20 06:45,18.641
2018-02-20 07:00,18.138
2018-02-20 07:15,18.227
2018-02-20 07:30,18.316
2018-02-20 07:45,18.404
2018-02-20 08:00,18.492
2018-02-20 08:15,18.633
2018-02-20 08:30,18.775
2018-02-20 08:45,18.916
2018-02-20 09:00,19.057
2018-02-20 09:15,19.401
2018-02-20 09:30,19.744
2018-02-20 09:45,20.087
2018-02-20 10:00,20.431
2018-02-20 10:15,20.575
2018-02-20 10:30,20.719
2018-02-20 10:45,20.863
2018-02-20 11:00,21.008
2018-02-20 11:15,21.011
2018-02-20 11:30,21.013
2018-02-20 11:45,21.016
2018-02-20 12:00,21.019
2018-02-20 12:15,20.641
2018-02-20 12:30,20.263
2018-02-20 12:45,19.884
2018-02-20 13:00,19.507
2018-02-20 13:15,19.868
2018-02-20 13:30,20.23
2018-02-20 13:45,20.592
2018-02-20 14:00,20.953
2018-02-20 14:15,20.987
2018-02-20 14:30,21.019
2018-02-20 14:45,21.053
2018-02-20 15:00,21.086
2018-02-20 15:15,21.313
2018-02-20 15:30,21.539
2018-02-20 15:45,21.766
2018-02-20 16:00,21.993
2018-02-20 16:15,21.344
2018-02-20 16:30,20.697
2018-02-20 16:45,20.048
2018-02-20 17:00,19.4
2018-02-20 17:15,16.631
2018-02-20 17:30,13.861
2018-02-20 17:45,11.091
2018-02-20 18:00,8.322
2018-02-20 18:15,7.851
2018-02-20 18:30,7.379
2018-02-20 18:45,6.908
2018-02-20 19:00,6.438
2018-02-20 19:15,6.203
2018-02-20 19:30,5.969
2018-02-20 19:45,5.734
2018-02-20 20:00,5.5
2018-02-20 20:15,5.191
2018-02-20 20:30,4.881
2018-02-20 20:45,4.572
2018-02-20 21:00,4.263
2018-02-20 21:15,4.202
2018-02-20 21:30,4.142
2018-02-20 21:45,4.082
2018-02-20 22:00,4.022
2018-02-20 22:15,4.011
2018-02-20 22:30,4.001
2018-02-20 22:45,3.991
2018-02-20 23:00,3.981
2018-02-20 23:15,3.965
2018-02-20 23:30,3.948
2018-02-20 23:45,3.932
2018-02-21 00:00,3.916
2018-02-21 00:15,3.697
2018-02-21 00:30,3.479
2018-02-21 00:45,3.261
2018-02-21 01:00,3.043
2018-02-21 01:15,3.034
2018-02-21 01:30,3.025
2018-02-21 01:45,3.016
2018-02-21 02:00,3.007
2018-02-21 02:15,2.932
2018-02-21 02:30,2.857
2018-02-21 02:45,2.783
2018-02-21 03:00,2.708
2018-02-21 03:15,2.534
2018-02-21 03:30,2.362
2018-02-21 03:45,2.188
2018-02-21 04:00,2.016
2018-02-21 04:15,1.989
2018-02-21 04:30,1.963
2018-02-21 04:45,1.938
2018-02-21 05:00,1.912
2018-02-21 05:15,1.905
2018-02-21 05:30,1.899
2018-02-21 05:45,1.892
2018-02-21 06:00,1.886
2018-02-21 06:15,1.686
2018-02-21 06:30,1.487
2018-02-21 06:45,1.287
2018-02-21 07:00,1.088
2018-02-21 07:15,1.071
2018-02-21 07:30,1.053
2018-02-21 07:45,1.036
2018-02-21 08:00,1.019
2018-02-21 08:15,1.016
2018-02-21 08:30,1.013
2018-02-21 08:45,1.011
2018-02-21 09:00,1.008
2018-02-21 09:15,1.008
2018-02-21 09:30,1.008
2018-02-21 09:45,1.008
2018-02-21 10:00,1.008
2018-02-21 10:15,1.223
2018-02-21 10:30,1.439
2018-02-21 10:45,1.654
2018-02-21 11:00,1.87
2018-02-21 11:15,1.897
2018-02-21 11:30,1.923
2018-02-21 11:45,1.95
2018-02-21 12:00,1.977
2018-02-21 12:15,1.736
2018-02-21 12:30,1.496
2018-02-21 12:45,1.255
2018-02-21 13:00,1.014
2018-02-21 13:15,0.989
2018-02-21 13:30,0.963
2018-02-21 13:45,0.937
2018-02-21 14:00,0.912
2018-02-21 14:15,0.934
2018-02-21 14:30,0.956
2018-02-21 14:45,0.978
2018-02-21 15:00,1.0
2018-02-21 15:15,1.128
2018-02-21 15:30,1.256
2018-02-21 15:45,1.384
2018-02-21 16:00,1.513
2018-02-21 16:15,1.623
2018-02-21 16:30,1.734
2018-02-21 16:45,1.846
2018-02-21 17:00,1.956
2018-02-21 17:15,1.977
2018-02-21 17:30,1.998
2018-02-21 17:45,2.019
2018-02-21 18:00,2.04
2018-02-21 18:15,2.034
2018-02-21 18:30,2.028
2018-02-21 18:45,2.022
2018-02-21 19:00,2.016
2018-02-21 19:15,2.006
2018-02-21 19:30,1.996
2018-02-21 19:45,1.987
2018-02-21 20:00,1.977
2018-02-21 20:15,1.972
2018-02-21 20:30,1.967
2018-02-21 20:45,1.962
2018-02-21 21:00,1.957
2018-02-21 21:15,1.816
2018-02-21 21:30,1.675
2018-02-21 21:45,1.533
2018-02-21 22:00,1.392
2018-02-21 22:15,1.296
2018-02-21 22:30,1.2
2018-02-21 22:45,1.104
2018-02-21 23:00,1.008
2018-02-21 23:15,1.009
2018-02-21 23:30,1.012
2018-02-21 23:45,1.013
2018-02-22 00:00,1.016
2018-02-22 00:15,1.013
2018-02-22 00:30,1.012
2018-02-22 00:45,1.009
2018-02-22 01:00,1.008
2018-02-22 01:15,1.001
2018-02-22 01:30,0.993
2018-02-22 01:45,0.986
2018-02-22 02:00,0.978
2018-02-22 02:15,0.964
2018-02-22 02:30,0.949
2018-02-22 02:45,0.934
2018-02-22 03:00,0.92
2018-02-22 03:15,0.932
2018-02-22 03:30,0.944
2018-02-22 03:45,0.957
2018-02-22 04:00,0.969
2018-02-22 04:15,0.969
2018-02-22 04:30,0.969
2018-02-22 04:45,0.969
2018-02-22 05:00,0.969
2018-02-22 05:15,0.969
2018-02-22 05:30,0.969
2018-02-22 05:45,0.969
2018-02-22 06:00,0.969
2018-02-22 06:15,0.957
2018-02-22 06:30,0.944
2018-02-22 06:45,0.932
2018-02-22 07:00,0.92
2018-02-22 07:15,0.92
2018-02-22 07:30,0.92
2018-02-22 07:45,0.92
2018-02-22 08:00,0.92
2018-02-22 08:15,0.923
2018-02-22 08:30,0.926
2018-02-22 08:45,0.928
2018-02-22 09:00,0.931
2018-02-22 09:15,0.953
2018-02-22 09:30,0.976
2018-02-22 09:45,0.998
2018-02-22 10:00,1.02
2018-02-22 10:15,1.204
2018-02-22 10:30,1.389
2018-02-22 10:45,1.574
2018-02-22 11:00,1.759
2018-02-22 11:15,1.819
2018-02-22 11:30,1.879
2018-02-22 11:45,1.939
2018-02-22 12:00,2.0
2018-02-22 12:15,2.118
2018-02-22 12:30,2.236
2018-02-22 12:45,2.353
2018-02-22 13:00,2.472
2018-02-22 13:15,2.597
2018-02-22 13:30,2.722
2018-02-22 13:45,2.847
2018-02-22 14:00,2.972
2018-02-22 14:15,2.975
2018-02-22 14:30,2.978
2018-02-22 14:45,2.981
2018-02-22 15:00,2.984
2018-02-22 15:15,2.981
2018-02-22 15:30,2.978
2018-02-22 15:45,2.975
2018-02-22 16:00,2.972
2018-02-22 16:15,2.956
2018-02-22 16:30,2.939
2018-02-22 16:45,2.924
2018-02-22 17:00,2.908
2018-02-22 17:15,2.924
2018-02-22 17:30,2.939
2018-02-22 17:45,2.956
2018-02-22 18:00,2.972
2018-02-22 18:15,2.984
2018-02-22 18:30,2.997
2018-02-22 18:45,3.01
2018-02-22 19:00,3.023
2018-02-22 19:15,3.028
2018-02-22 19:30,3.033
2018-02-22 19:45,3.038
2018-02-22 20:00,3.043
2018-02-22 20:15,3.184
2018-02-22 20:30,3.325
2018-02-22 20:45,3.467
2018-02-22 21:00,3.608
2018-02-22 21:15,3.702
2018-02-22 21:30,3.797
2018-02-22 21:45,3.891
2018-02-22 22:00,3.986
2018-02-22 22:15,3.987
2018-02-22 22:30,3.989
2018-02-22 22:45,3.991
2018-02-22 23:00,3.992
2018-02-22 23:15,3.992
2018-02-22 23:30,3.992
2018-02-22 23:45,3.992
2018-02-23 00:00,3.992
2018-02-23 00:15,3.992
2018-02-23 00:30,3.992
2018-02-23 00:45,3.992
2018-02-23 01:00,3.992
2018-02-23 01:15,3.991
2018-02-23 01:30,3.989
2018-02-23 01:45,3.987
2018-02-23 02:00,3.986
2018-02-23 02:15,3.987
2018-02-23 02:30,3.989
2018-02-23 02:45,3.991
2018-02-23 03:00,3.992
2018-02-23 03:15,3.992
2018-02-23 03:30,3.993
2018-02-23 03:45,3.993
2018-02-23 04:00,3.993
2018-02-23 04:15,3.999
2018-02-23 04:30,4.006
2018-02-23 04:45,4.012
2018-02-23 05:00,4.019
2018-02-23 05:15,3.992
2018-02-23 05:30,3.965
2018-02-23 05:45,3.938
2018-02-23 06:00,3.912
2018-02-23 06:15,3.939
2018-02-23 06:30,3.967
2018-02-23 06:45,3.994
2018-02-23 07:00,4.022
2018-02-23 07:15,4.031
2018-02-23 07:30,4.039
2018-02-23 07:45,4.048
2018-02-23 08:00,4.057
2018-02-23 08:15,4.051
2018-02-23 08:30,4.044
2018-02-23 08:45,4.037
2018-02-23 09:00,4.031
2018-02-23 09:15,4.248
2018-02-23 09:30,4.466
2018-02-23 09:45,4.683
2018-02-23 10:00,4.9
2018-02-23 10:15,5.167
2018-02-23 10:30,5.434
2018-02-23 10:45,5.702
2018-02-23 11:00,5.969
2018-02-23 11:15,5.96
2018-02-23 11:30,5.95
2018-02-23 11:45,5.941
2018-02-23 12:00,5.931
2018-02-23 12:15,6.043
2018-02-23 12:30,6.155
2018-02-23 12:45,6.267
2018-02-23 13:00,6.378
2018-02-23 13:15,6.646
2018-02-23 13:30,6.912
2018-02-23 13:45,7.179
2018-02-23 14:00,7.446
2018-02-23 14:15,7.591
2018-02-23 14:30,7.734
2018-02-23 14:45,7.879
2018-02-23 15:00,8.023
2018-02-23 15:15,8.246
2018-02-23 15:30,8.469
2018-02-23 15:45,8.692
2018-02-23 16:00,8.916
2018-02-23 16:15,8.932
2018-02-23 16:30,8.948
2018-02-23 16:45,8.964
2018-02-23 17:00,8.98
2018-02-23 17:15,8.982
2018-02-23 17:30,8.983
2018-02-23 17:45,8.984
2018-02-23 18:00,8.986
2018-02-23 18:15,8.986
2018-02-23 18:30,8.986
2018-02-23 18:45,8.986
2018-02-23 19:00,8.986
2018-02-23 19:15,8.754
2018-02-23 19:30,8.523
2018-02-23 19:45,8.292
2018-02-23 20:00,8.06
2018-02-23 20:15,7.867
2018-02-23 20:30,7.673
2018-02-23 20:45,7.479
2018-02-23 21:00,7.286
2018-02-23 21:15,7.199
2018-02-23 21:30,7.113
2018-02-23 21:45,7.027
2018-02-23 22:00,6.94
2018-02-23 22:15,6.944
2018-02-23 22:30,6.948
2018-02-23 22:45,6.953
2018-02-23 23:00,6.957
2018-02-23 23:15,6.972
2018-02-23 23:30,6.986
2018-02-23 23:45,7.001
2018-02-24 00:00,7.016
2018-02-24 00:15,7.2
2018-02-24 00:30,7.384
2018-02-24 00:45,7.569
2018-02-24 01:00,7.754
2018-02-24 01:15,7.812
2018-02-24 01:30,7.869
2018-02-24 01:45,7.927
2018-02-24 02:00,7.984
2018-02-24 02:15,7.981
2018-02-24 02:30,7.978
2018-02-24 02:45,7.975
2018-02-24 03:00,7.972
2018-02-24 03:15,7.936
2018-02-24 03:30,7.9
2018-02-24 03:45,7.864
2018-02-24 04:00,7.828
2018-02-24 04:15,7.747
2018-02-24 04:30,7.664
2018-02-24 04:45,7.582
2018-02-24 05:00,7.5
2018-02-24 05:15,7.615
2018-02-24 05:30,7.73
2018-02-24 05:45,7.845
2018-02-24 06:00,7.96
2018-02-24 06:15,7.998
2018-02-24 06:30,8.037
2018-02-24 06:45,8.076
2018-02-24 07:00,8.114
2018-02-24 07:15,8.37
2018-02-24 07:30,8.626
2018-02-24 07:45,8.882
2018-02-24 08:00,9.138
2018-02-24 08:15,9.821
2018-02-24 08:30,10.503
2018-02-24 08:45,11.186
2018-02-24 09:00,11.869
2018-02-24 09:15,12.352
2018-02-24 09:30,12.834
2018-02-24 09:45,13.317
2018-02-24 10:00,13.8
2018-02-24 10:15,13.462
2018-02-24 10:30,13.123
2018-02-24 10:45,12.785
2018-02-24 11:00,12.447
2018-02-24 11:15,12.053
2018-02-24 11:30,11.658
2018-02-24 11:45,11.264
2018-02-24 12:00,10.87
2018-02-24 12:15,10.713
2018-02-24 12:30,10.555
2018-02-24 12:45,10.398
2018-02-24 13:00,10.24
2018-02-24 13:15,10.453
2018-02-24 13:30,10.667
2018-02-24 13:45,10.879
2018-02-24 14:00,11.093
2018-02-24 14:15,11.731
2018-02-24 14:30,12.368
2018-02-24 14:45,13.006
2018-02-24 15:00,13.644
2018-02-24 15:15,14.362
2018-02-24 15:30,15.079
2018-02-24 15:45,15.797
2018-02-24 16:00,16.516
2018-02-24 16:15,16.834
2018-02-24 16:30,17.154
2018-02-24 16:45,17.473
2018-02-24 17:00,17.792
2018-02-24 17:15,17.975
2018-02-24 17:30,18.158
2018-02-24 17:45,18.341
2018-02-24 18:00,18.523
2018-02-24 18:15,18.202
2018-02-24 18:30,17.881
2018-02-24 18:45,17.559
2018-02-24 19:00,17.238
2018-02-24 19:15,16.725
2018-02-24 19:30,16.212
2018-02-24 19:45,15.698
2018-02-24 20:00,15.184
2018-02-24 20:15,14.738
2018-02-24 20:30,14.292
2018-02-24 20:45,13.846
2018-02-24 21:00,13.4
2018-02-24 21:15,13.054
2018-02-24 21:30,12.708
2018-02-24 21:45,12.362
2018-02-24 22:00,12.016
2018-02-24 22:15,11.716
2018-02-24 22:30,11.416
2018-02-24 22:45,11.116
2018-02-24 23:00,10.816
2018-02-24 23:15,10.592
2018-02-24 23:30,10.369
2018-02-24 23:45,10.146
2018-02-25 00:00,9.923
2018-02-25 00:15,10.031
2018-02-25 00:30,10.138
2018-02-25 00:45,10.246
2018-02-25 01:00,10.354
2018-02-25 01:15,10.225
2018-02-25 01:30,10.096
2018-02-25 01:45,9.967
2018-02-25 02:00,9.838
2018-02-25 02:15,9.627
2018-02-25 02:30,9.416
2018-02-25 02:45,9.204
2018-02-25 03:00,8.992
2018-02-25 03:15,8.759
2018-02-25 03:30,8.527
2018-02-25 03:45,8.294
2018-02-25 04:00,8.062
2018-02-25 04:15,8.052
2018-02-25 04:30,8.042
2018-02-25 04:45,8.033
2018-02-25 05:00,8.023
2018-02-25 05:15,7.762
2018-02-25 05:30,7.5
2018-02-25 05:45,7.238
2018-02-25 06:00,6.977
2018-02-25 06:15,6.977
2018-02-25 06:30,6.977
2018-02-25 06:45,6.977
2018-02-25 07:00,6.977
2018-02-25 07:15,6.702
2018-02-25 07:30,6.427
2018-02-25 07:45,6.152
2018-02-25 08:00,5.877
2018-02-25 08:15,6.154
2018-02-25 08:30,6.431
2018-02-25 08:45,6.708
2018-02-25 09:00,6.984
2018-02-25 09:15,7.488
2018-02-25 09:30,7.992
2018-02-25 09:45,8.496
2018-02-25 10:00,9.0
2018-02-25 10:15,9.571
2018-02-25 10:30,10.142
2018-02-25 10:45,10.713
2018-02-25 11:00,11.284
2018-02-25 11:15,11.829
2018-02-25 11:30,12.373
2018-02-25 11:45,12.917
2018-02-25 12:00,13.462
2018-02-25 12:15,14.196
2018-02-25 12:30,14.931
2018-02-25 12:45,15.666
2018-02-25 13:00,16.4
2018-02-25 13:15,16.894
2018-02-25 13:30,17.388
2018-02-25 13:45,17.883
2018-02-25 14:00,18.377
2018-02-25 14:15,18.55
2018-02-25 14:30,18.723
2018-02-25 14:45,18.896
2018-02-25 15:00,19.069
2018-02-25 15:15,19.244
2018-02-25 15:30,19.419
2018-02-25 15:45,19.594
2018-02-25 16:00,19.769
2018-02-25 16:15,19.858
2018-02-25 16:30,19.946
2018-02-25 16:45,20.034
2018-02-25 17:00,20.123
2018-02-25 17:15,20.062
2018-02-25 17:30,20.0
2018-02-25 17:45,19.938
2018-02-25 18:00,19.877
2018-02-25 18:15,19.625
2018-02-25 18:30,19.373
2018-02-25 18:45,19.121
2018-02-25 19:00,18.869
2018-02-25 19:15,18.423
2018-02-25 19:30,17.977
2018-02-25 19:45,17.531
2018-02-25 20:00,17.084
2018-02-25 20:15,16.717
2018-02-25 20:30,16.35
2018-02-25 20:45,15.983
2018-02-25 21:00,15.616
2018-02-25 21:15,15.267
2018-02-25 21:30,14.919
2018-02-25 21:45,14.571
2018-02-25 22:00,14.223
2018-02-25 22:15,13.971
2018-02-25 22:30,13.719
2018-02-25 22:45,13.467
2018-02-25 23:00,13.216
2018-02-25 23:15,12.683
2018-02-25 23:30,12.15
2018-02-25 23:45,11.617
2018-02-26 00:00,11.084
2018-02-26 00:15,11.123
2018-02-26 00:30,11.162
2018-02-26 00:45,11.2
2018-02-26 01:00,11.238
2018-02-26 01:15,11.162
2018-02-26 01:30,11.084
2018-02-26 01:45,11.008
2018-02-26 02:00,10.931
2018-02-26 02:15,10.609
2018-02-26 02:30,10.288
2018-02-26 02:45,9.967
2018-02-26 03:00,9.646
2018-02-26 03:15,9.588
2018-02-26 03:30,9.531
2018-02-26 03:45,9.473
2018-02-26 04:00,9.416
2018-02-26 04:15,9.068
2018-02-26 04:30,8.721
2018-02-26 04:45,8.374
2018-02-26 05:00,8.027
2018-02-26 05:15,7.967
2018-02-26 05:30,7.907
2018-02-26 05:45,7.848
2018-02-26 06:00,7.788
2018-02-26 06:15,7.809
2018-02-26 06:30,7.83
2018-02-26 06:45,7.851
2018-02-26 07:00,7.872
2018-02-26 07:15,7.623
2018-02-26 07:30,7.375
2018-02-26 07:45,7.127
2018-02-26 08:00,6.878
2018-02-26 08:15,7.136
2018-02-26 08:30,7.393
2018-02-26 08:45,7.65
2018-02-26 09:00,7.907
2018-02-26 09:15,8.423
2018-02-26 09:30,8.939
2018-02-26 09:45,9.456
2018-02-26 10:00,9.972
2018-02-26 10:15,10.231
2018-02-26 10:30,10.489
2018-02-26 10:45,10.749
2018-02-26 11:00,11.008
2018-02-26 11:15,11.096
2018-02-26 11:30,11.184
2018-02-26 11:45,11.273
2018-02-26 12:00,11.362
2018-02-26 12:15,11.768
2018-02-26 12:30,12.174
2018-02-26 12:45,12.579
2018-02-26 13:00,12.986
2018-02-26 13:15,13.425
2018-02-26 13:30,13.864
2018-02-26 13:45,14.303
2018-02-26 14:00,14.743
2018-02-26 14:15,15.361
2018-02-26 14:30,15.979
2018-02-26 14:45,16.597
2018-02-26 15:00,17.216
2018-02-26 15:15,17.573
2018-02-26 15:30,17.931
2018-02-26 15:45,18.288
2018-02-26 16:00,18.646
2018-02-26 16:15,18.946
2018-02-26 16:30,19.246
2018-02-26 16:45,19.546
2018-02-26 17:00,19.846
2018-02-26 17:15,20.127
2018-02-26 17:30,20.408
2018-02-26 17:45,20.688
2018-02-26 18:00,20.969
2018-02-26 18:15,20.629
2018-02-26 18:30,20.288
2018-02-26 18:45,19.948
2018-02-26 19:00,19.608
2018-02-26 19:15,19.027
2018-02-26 19:30,18.446
2018-02-26 19:45,17.866
2018-02-26 20:00,17.284
2018-02-26 20:15,16.809
2018-02-26 20:30,16.334
2018-02-26 20:45,15.859
2018-02-26 21:00,15.384
2018-02-26 21:15,15.142
2018-02-26 21:30,14.9
2018-02-26 21:45,14.658
2018-02-26 22:00,14.416
2018-02-26 22:15,14.25
2018-02-26 22:30,14.084
2018-02-26 22:45,13.919
2018-02-26 23:00,13.754
2018-02-26 23:15,13.6
2018-02-26 23:30,13.446
2018-02-26 23:45,13.292
2018-02-27 00:00,13.138
2018-02-27 00:15,12.954
2018-02-27 00:30,12.769
2018-02-27 00:45,12.584
2018-02-27 01:00,12.4
2018-02-27 01:15,12.469
2018-02-27 01:30,12.538
2018-02-27 01:45,12.608
2018-02-27 02:00,12.677
2018-02-27 02:15,12.531
2018-02-27 02:30,12.384
2018-02-27 02:45,12.238
2018-02-27 03:00,12.092
2018-02-27 03:15,11.967
2018-02-27 03:30,11.842
2018-02-27 03:45,11.717
2018-02-27 04:00,11.592
2018-02-27 04:15,11.6
2018-02-27 04:30,11.608
2018-02-27 04:45,11.616
2018-02-27 05:00,11.623
2018-02-27 05:15,11.634
2018-02-27 05:30,11.646
2018-02-27 05:45,11.658
2018-02-27 06:00,11.669
2018-02-27 06:15,11.75
2018-02-27 06:30,11.831
2018-02-27 06:45,11.912
2018-02-27 07:00,11.993
2018-02-27 07:15,12.102
2018-02-27 07:30,12.211
2018-02-27 07:45,12.319
2018-02-27 08:00,12.428
2018-02-27 08:15,12.577
2018-02-27 08:30,12.726
2018-02-27 08:45,12.874
2018-02-27 09:00,13.023
2018-02-27 09:15,13.031
2018-02-27 09:30,13.039
2018-02-27 09:45,13.048
2018-02-27 10:00,13.056
2018-02-27 10:15,13.222
2018-02-27 10:30,13.388
2018-02-27 10:45,13.554
2018-02-27 11:00,13.72
2018-02-27 11:15,13.948
2018-02-27 11:30,14.177
2018-02-27 11:45,14.405
2018-02-27 12:00,14.633
2018-02-27 12:15,14.829
2018-02-27 12:30,15.026
2018-02-27 12:45,15.222
2018-02-27 13:00,15.419
2018-02-27 13:15,15.656
2018-02-27 13:30,15.893
2018-02-27 13:45,16.129
2018-02-27 14:00,16.367
2018-02-27 14:15,16.529
2018-02-27 14:30,16.691
2018-02-27 14:45,16.853
2018-02-27 15:00,17.016
2018-02-27 15:15,17.183
2018-02-27 15:30,17.351
2018-02-27 15:45,17.518
2018-02-27 16:00,17.686
2018-02-27 16:15,17.766
2018-02-27 16:30,17.847
2018-02-27 16:45,17.927
2018-02-27 17:00,18.008
2018-02-27 17:15,18.196
2018-02-27 17:30,18.384
2018-02-27 17:45,18.573
2018-02-27 18:00,18.762
2018-02-27 18:15,18.829
2018-02-27 18:30,18.896
2018-02-27 18:45,18.963
2018-02-27 19:00,19.031
2018-02-27 19:15,19.031
2018-02-27 19:30,19.031
2018-02-27 19:45,19.031
2018-02-27 20:00,19.031
2018-02-27 20:15,19.031
2018-02-27 20:30,19.031
2018-02-27 20:45,19.031
2018-02-27 21:00,19.031
2018-02-27 21:15,19.031
2018-02-27 21:30,19.031
2018-02-27 21:45,19.031
2018-02-27 22:00,19.031
2018-02-27 22:15,19.047
2018-02-27 22:30,19.062
2018-02-27 22:45,19.078
2018-02-27 23:00,19.094
2018-02-27 23:15,19.128
2018-02-27 23:30,19.162
2018-02-27 23:45,19.197
2018-02-28 00:00,19.231
2018-02-28 00:15,19.377
2018-02-28 00:30,19.523
2018-02-28 00:45,19.668
2018-02-28 01:00,19.814
2018-02-28 01:15,19.648
2018-02-28 01:30,19.482
2018-02-28 01:45,19.316
2018-02-28 02:00,19.15
2018-02-28 02:15,19.247
2018-02-28 02:30,19.344
2018-02-28 02:45,19.441
2018-02-28 03:00,19.538
2018-02-28 03:15,19.566
2018-02-28 03:30,19.592
2018-02-28 03:45,19.619
2018-02-28 04:00,19.646
2018-02-28 04:15,19.509
2018-02-28 04:30,19.373
2018-02-28 04:45,19.237
2018-02-28 05:00,19.1
2018-02-28 05:15,19.089
2018-02-28 05:30,19.078
2018-02-28 05:45,19.068
2018-02-28 06:00,19.057
2018-02-28 06:15,19.063
2018-02-28 06:30,19.068
2018-02-28 06:45,19.074
2018-02-28 07:00,19.08
2018-02-28 07:15,19.068
2018-02-28 07:30,19.056
2018-02-28 07:45,19.043
2018-02-28 08:00,19.031
2018-02-28 08:15,19.021
2018-02-28 08:30,19.012
2018-02-28 08:45,19.002
2018-02-28 09:00,18.992
2018-02-28 09:15,19.091
2018-02-28 09:30,19.188
2018-02-28 09:45,19.287
2018-02-28 10:00,19.384
2018-02-28 10:15,19.621
2018-02-28 10:30,19.857
2018-02-28 10:45,20.093
2018-02-28 11:00,20.328
2018-02-28 11:15,20.247
2018-02-28 11:30,20.164
2018-02-28 11:45,20.082
2018-02-28 12:00,20.0
2018-02-28 12:15,20.0
2018-02-28 12:30,20.0
2018-02-28 12:45,20.0
2018-02-28 13:00,20.0
2018-02-28 13:15,20.053
2018-02-28 13:30,20.107
2018-02-28 13:45,20.161
2018-02-28 14:00,20.214
2018-02-28 14:15,20.433
2018-02-28 14:30,20.651
2018-02-28 14:45,20.87
2018-02-28 15:00,21.088
2018-02-28 15:15,21.413
2018-02-28 15:30,21.737
2018-02-28 15:45,22.061
2018-02-28 16:00,22.386
2018-02-28 16:15,22.283
2018-02-28 16:30,22.181
2018-02-28 16:45,22.079
2018-02-28 17:00,21.977
2018-02-28 17:15,21.619
2018-02-28 17:30,21.261
2018-02-28 17:45,20.902
2018-02-28 18:00,20.544
2018-02-28 18:15,20.558
2018-02-28 18:30,20.572
2018-02-28 18:45,20.586
2018-02-28 19:00,20.6
2018-02-28 19:15,20.45
2018-02-28 19:30,20.3
2018-02-28 19:45,20.15
2018-02-28 20:00,20.0
2018-02-28 20:15,19.912
2018-02-28 20:30,19.823
2018-02-28 20:45,19.734
2018-02-28 21:00,19.646
2018-02-28 21:15,19.488
2018-02-28 21:30,19.33
2018-02-28 21:45,19.172
2018-02-28 22:00,19.013
2018-02-28 22:15,18.988
2018-02-28 22:30,18.964
2018-02-28 22:45,18.939
2018-02-28 23:00,18.914
2018-02-28 23:15,18.716
2018-02-28 23:30,18.517
2018-02-28 23:45,18.318
2018-03-01 00:00,18.119
2018-03-01 00:15,17.916
2018-03-01 00:30,17.712
2018-03-01 00:45,17.509
2018-03-01 01:00,17.306
2018-03-01 01:15,17.283
2018-03-01 01:30,17.261
2018-03-01 01:45,17.238
2018-03-01 02:00,17.216
2018-03-01 02:15,17.058
2018-03-01 02:30,16.9
2018-03-01 02:45,16.742
2018-03-01 03:00,16.584
2018-03-01 03:15,16.431
2018-03-01 03:30,16.277
2018-03-01 03:45,16.123
2018-03-01 04:00,15.969
2018-03-01 04:15,15.892
2018-03-01 04:30,15.816
2018-03-01 04:45,15.738
2018-03-01 05:00,15.662
2018-03-01 05:15,15.681
2018-03-01 05:30,15.7
2018-03-01 05:45,15.719
2018-03-01 06:00,15.738
2018-03-01 06:15,15.144
2018-03-01 06:30,14.55
2018-03-01 06:45,13.956
2018-03-01 07:00,13.362
2018-03-01 07:15,12.821
2018-03-01 07:30,12.281
2018-03-01 07:45,11.741
2018-03-01 08:00,11.2
2018-03-01 08:15,11.144
2018-03-01 08:30,11.089
2018-03-01 08:45,11.034
2018-03-01 09:00,10.978
2018-03-01 09:15,11.005
2018-03-01 09:30,11.032
2018-03-01 09:45,11.058
2018-03-01 10:00,11.084
2018-03-01 10:15,11.308
2018-03-01 10:30,11.531
2018-03-01 10:45,11.754
2018-03-01 11:00,11.977
2018-03-01 11:15,12.075
2018-03-01 11:30,12.173
2018-03-01 11:45,12.271
2018-03-01 12:00,12.369
2018-03-01 12:15,12.552
2018-03-01 12:30,12.734
2018-03-01 12:45,12.917
2018-03-01 13:00,13.1
2018-03-01 13:15,13.344
2018-03-01 13:30,13.588
2018-03-01 13:45,13.833
2018-03-01 14:00,14.077
2018-03-01 14:15,14.444
2018-03-01 14:30,14.812
2018-03-01 14:45,15.179
2018-03-01 15:00,15.546
2018-03-01 15:15,15.633
2018-03-01 15:30,15.719
2018-03-01 15:45,15.806
2018-03-01 16:00,15.892
2018-03-01 16:15,16.058
2018-03-01 16:30,16.223
2018-03-01 16:45,16.388
2018-03-01 17:00,16.554
2018-03-01 17:15,16.816
2018-03-01 17:30,17.077
2018-03-01 17:45,17.338
2018-03-01 18:00,17.6
2018-03-01 18:15,17.559
2018-03-01 18:30,17.519
2018-03-01 18:45,17.479
2018-03-01 19:00,17.438
2018-03-01 19:15,16.994
2018-03-01 19:30,16.55
2018-03-01 19:45,16.106
2018-03-01 20:00,15.662
2018-03-01 20:15,15.146
2018-03-01 20:30,14.631
2018-03-01 20:45,14.116
2018-03-01 21:00,13.6
2018-03-01 21:15,13.221
2018-03-01 21:30,12.842
2018-03-01 21:45,12.463
2018-03-01 22:00,12.084
2018-03-01 22:15,12.259
2018-03-01 22:30,12.434
2018-03-01 22:45,12.609
2018-03-01 23:00,12.784
2018-03-01 23:15,12.262
2018-03-01 23:30,11.738
2018-03-01 23:45,11.216
2018-03-02 00:00,10.692
2018-03-02 00:15,10.887
2018-03-02 00:30,11.081
2018-03-02 00:45,11.275
2018-03-02 01:00,11.469
2018-03-02 01:15,11.289
2018-03-02 01:30,11.109
2018-03-02 01:45,10.93
2018-03-02 02:00,10.75
2018-03-02 02:15,10.013
2018-03-02 02:30,9.275
2018-03-02 02:45,8.538
2018-03-02 03:00,7.8
2018-03-02 03:15,8.098
2018-03-02 03:30,8.396
2018-03-02 03:45,8.694
2018-03-02 04:00,8.992
2018-03-02 04:15,8.827
2018-03-02 04:30,8.662
2018-03-02 04:45,8.496
2018-03-02 05:00,8.331
2018-03-02 05:15,7.962
2018-03-02 05:30,7.592
2018-03-02 05:45,7.223
2018-03-02 06:00,6.854
2018-03-02 06:15,6.681
2018-03-02 06:30,6.508
2018-03-02 06:45,6.334
2018-03-02 07:00,6.162
2018-03-02 07:15,6.027
2018-03-02 07:30,5.892
2018-03-02 07:45,5.758
2018-03-02 08:00,5.623
2018-03-02 08:15,5.733
2018-03-02 08:30,5.842
2018-03-02 08:45,5.952
2018-03-02 09:00,6.062
2018-03-02 09:15,7.087
2018-03-02 09:30,8.112
2018-03-02 09:45,9.137
2018-03-02 10:00,10.162
2018-03-02 10:15,10.792
2018-03-02 10:30,11.423
2018-03-02 10:45,12.054
2018-03-02 11:00,12.684
2018-03-02 11:15,13.342
2018-03-02 11:30,14.0
2018-03-02 11:45,14.658
2018-03-02 12:00,15.316
2018-03-02 12:15,15.829
2018-03-02 12:30,16.342
2018-03-02 12:45,16.856
2018-03-02 13:00,17.369
2018-03-02 13:15,17.708
2018-03-02 13:30,18.046
2018-03-02 13:45,18.384
2018-03-02 14:00,18.723
2018-03-02 14:15,19.004
2018-03-02 14:30,19.284
2018-03-02 14:45,19.566
2018-03-02 15:00,19.846
2018-03-02 15:15,20.127
2018-03-02 15:30,20.408
2018-03-02 15:45,20.688
2018-03-02 16:00,20.969
2018-03-02 16:15,21.067
2018-03-02 16:30,21.166
2018-03-02 16:45,21.263
2018-03-02 17:00,21.362
2018-03-02 17:15,21.388
2018-03-02 17:30,21.416
2018-03-02 17:45,21.442
2018-03-02 18:00,21.469
2018-03-02 18:15,21.294
2018-03-02 18:30,21.119
2018-03-02 18:45,20.944
2018-03-02 19:00,20.769
2018-03-02 19:15,20.313
2018-03-02 19:30,19.858
2018-03-02 19:45,19.402
2018-03-02 20:00,18.946
2018-03-02 20:15,18.637
2018-03-02 20:30,18.327
2018-03-02 20:45,18.017
2018-03-02 21:00,17.708
2018-03-02 21:15,17.456
2018-03-02 21:30,17.204
2018-03-02 21:45,16.952
2018-03-02 22:00,16.7
2018-03-02 22:15,16.517
2018-03-02 22:30,16.334
2018-03-02 22:45,16.152
2018-03-02 23:00,15.969
2018-03-02 23:15,15.716
2018-03-02 23:30,15.462
2018-03-02 23:45,15.208
2018-03-03 00:00,14.954
2018-03-03 00:15,14.683
2018-03-03 00:30,14.412
2018-03-03 00:45,14.141
2018-03-03 01:00,13.869
2018-03-03 01:15,13.667
2018-03-03 01:30,13.466
2018-03-03 01:45,13.263
2018-03-03 02:00,13.062
2018-03-03 02:15,12.966
2018-03-03 02:30,12.869
2018-03-03 02:45,12.773
2018-03-03 03:00,12.677
2018-03-03 03:15,12.754
2018-03-03 03:30,12.831
2018-03-03 03:45,12.908
2018-03-03 04:00,12.984
2018-03-03 04:15,12.946
2018-03-03 04:30,12.908
2018-03-03 04:45,12.869
2018-03-03 05:00,12.831
2018-03-03 05:15,12.831
2018-03-03 05:30,12.831
2018-03-03 05:45,12.831
2018-03-03 06:00,12.831
2018-03-03 06:15,12.627
2018-03-03 06:30,12.423
2018-03-03 06:45,12.219
2018-03-03 07:00,12.016
2018-03-03 07:15,11.909
2018-03-03 07:30,11.804
2018-03-03 07:45,11.698
2018-03-03 08:00,11.592
2018-03-03 08:15,11.621
2018-03-03 08:30,11.65
2018-03-03 08:45,11.679
2018-03-03 09:00,11.708
2018-03-03 09:15,12.116
2018-03-03 09:30,12.523
2018-03-03 09:45,12.931
2018-03-03 10:00,13.338
2018-03-03 10:15,14.097
2018-03-03 10:30,14.855
2018-03-03 10:45,15.613
2018-03-03 11:00,16.372
2018-03-03 11:15,16.971
2018-03-03 11:30,17.571
2018-03-03 11:45,18.17
2018-03-03 12:00,18.769
2018-03-03 12:15,19.308
2018-03-03 12:30,19.847
2018-03-03 12:45,20.386
2018-03-03 13:00,20.925
2018-03-03 13:15,21.286
2018-03-03 13:30,21.647
2018-03-03 13:45,22.008
2018-03-03 14:00,22.369
2018-03-03 14:15,22.513
2018-03-03 14:30,22.658
2018-03-03 14:45,22.802
2018-03-03 15:00,22.946
2018-03-03 15:15,23.016
2018-03-03 15:30,23.084
2018-03-03 15:45,23.154
2018-03-03 16:00,23.223
2018-03-03 16:15,23.308
2018-03-03 16:30,23.392
2018-03-03 16:45,23.477
2018-03-03 17:00,23.562
2018-03-03 17:15,23.444
2018-03-03 17:30,23.327
2018-03-03 17:45,23.209
2018-03-03 18:00,23.092
2018-03-03 18:15,22.833
2018-03-03 18:30,22.573
2018-03-03 18:45,22.313
2018-03-03 19:00,22.054
2018-03-03 19:15,22.004
2018-03-03 19:30,21.954
2018-03-03 19:45,21.904
2018-03-03 20:00,21.854
2018-03-03 20:15,21.642
2018-03-03 20:30,21.431
2018-03-03 20:45,21.219
2018-03-03 21:00,21.008
2018-03-03 21:15,20.998
2018-03-03 21:30,20.988
2018-03-03 21:45,20.979
2018-03-03 22:00,20.969
2018-03-03 22:15,20.784
2018-03-03 22:30,20.6
2018-03-03 22:45,20.416
2018-03-03 23:00,20.231
2018-03-03 23:15,20.192
2018-03-03 23:30,20.154
2018-03-03 23:45,20.116
2018-03-04 00:00,20.077
2018-03-04 00:15,19.962
2018-03-04 00:30,19.846
2018-03-04 00:45,19.731
2018-03-04 01:00,19.616
2018-03-04 01:15,19.476
2018-03-04 01:30,19.336
2018-03-04 01:45,19.197
2018-03-04 02:00,19.057
2018-03-04 02:15,19.041
2018-03-04 02:30,19.025
2018-03-04 02:45,19.008
2018-03-04 03:00,18.992
2018-03-04 03:15,18.916
2018-03-04 03:30,18.838
2018-03-04 03:45,18.762
2018-03-04 04:00,18.684
2018-03-04 04:15,18.519
2018-03-04 04:30,18.354
2018-03-04 04:45,18.188
2018-03-04 05:00,18.023
2018-03-04 05:15,18.023
2018-03-04 05:30,18.023
2018-03-04 05:45,18.023
2018-03-04 06:00,18.023
2018-03-04 06:15,17.91
2018-03-04 06:30,17.797
2018-03-04 06:45,17.684
2018-03-04 07:00,17.572
2018-03-04 07:15,17.423
2018-03-04 07:30,17.275
2018-03-04 07:45,17.127
2018-03-04 08:00,16.978
2018-03-04 08:15,16.827
2018-03-04 08:30,16.675
2018-03-04 08:45,16.523
2018-03-04 09:00,16.372
2018-03-04 09:15,16.387
2018-03-04 09:30,16.402
2018-03-04 09:45,16.418
2018-03-04 10:00,16.433
2018-03-04 10:15,16.648
2018-03-04 10:30,16.863
2018-03-04 10:45,17.078
2018-03-04 11:00,17.292
2018-03-04 11:15,17.466
2018-03-04 11:30,17.638
2018-03-04 11:45,17.812
2018-03-04 12:00,17.984
2018-03-04 12:15,18.102
2018-03-04 12:30,18.219
2018-03-04 12:45,18.337
2018-03-04 13:00,18.454
2018-03-04 13:15,18.769
2018-03-04 13:30,19.084
2018-03-04 13:45,19.399
2018-03-04 14:00,19.714
2018-03-04 14:15,19.868
2018-03-04 14:30,20.022
2018-03-04 14:45,20.175
2018-03-04 15:00,20.328
2018-03-04 15:15,20.491
2018-03-04 15:30,20.653
2018-03-04 15:45,20.815
2018-03-04 16:00,20.977
2018-03-04 16:15,21.313
2018-03-04 16:30,21.65
2018-03-04 16:45,21.987
2018-03-04 17:00,22.323
2018-03-04 17:15,22.246
2018-03-04 17:30,22.169
2018-03-04 17:45,22.092
2018-03-04 18:00,22.016
2018-03-04 18:15,22.019
2018-03-04 18:30,22.022
2018-03-04 18:45,22.025
2018-03-04 19:00,22.028
2018-03-04 19:15,22.023
2018-03-04 19:30,22.018
2018-03-04 19:45,22.012
2018-03-04 20:00,22.007
2018-03-04 20:15,21.864
2018-03-04 20:30,21.723
2018-03-04 20:45,21.581
2018-03-04 21:00,21.438
2018-03-04 21:15,21.35
2018-03-04 21:30,21.262
2018-03-04 21:45,21.173
2018-03-04 22:00,21.084
2018-03-04 22:15,21.066
2018-03-04 22:30,21.046
2018-03-04 22:45,21.027
2018-03-04 23:00,21.008
2018-03-04 23:15,21.001
2018-03-04 23:30,20.993
2018-03-04 23:45,20.986
2018-03-05 00:00,20.978
2018-03-05 00:15,20.986
2018-03-05 00:30,20.993
2018-03-05 00:45,21.0
2018-03-05 01:00,21.007
2018-03-05 01:15,21.138
2018-03-05 01:30,21.268
2018-03-05 01:45,21.398
2018-03-05 02:00,21.528
2018-03-05 02:15,21.533
2018-03-05 02:30,21.537
2018-03-05 02:45,21.542
2018-03-05 03:00,21.546
2018-03-05 03:15,21.412
2018-03-05 03:30,21.277
2018-03-05 03:45,21.142
2018-03-05 04:00,21.008
2018-03-05 04:15,20.948
2018-03-05 04:30,20.888
2018-03-05 04:45,20.829
2018-03-05 05:00,20.769
2018-03-05 05:15,20.441
2018-03-05 05:30,20.113
2018-03-05 05:45,19.785
2018-03-05 06:00,19.457
2018-03-05 06:15,19.351
2018-03-05 06:30,19.244
2018-03-05 06:45,19.137
2018-03-05 07:00,19.031
2018-03-05 07:15,19.031
2018-03-05 07:30,19.031
2018-03-05 07:45,19.031
2018-03-05 08:00,19.031
2018-03-05 08:15,19.188
2018-03-05 08:30,19.346
2018-03-05 08:45,19.504
2018-03-05 09:00,19.662
2018-03-05 09:15,20.087
2018-03-05 09:30,20.512
2018-03-05 09:45,20.937
2018-03-05 10:00,21.362
2018-03-05 10:15,21.038
2018-03-05 10:30,20.716
2018-03-05 10:45,20.392
2018-03-05 11:00,20.069
2018-03-05 11:15,19.646
2018-03-05 11:30,19.223
2018-03-05 11:45,18.8
2018-03-05 12:00,18.377
2018-03-05 12:15,18.629
2018-03-05 12:30,18.881
2018-03-05 12:45,19.133
2018-03-05 13:00,19.384
2018-03-05 13:15,19.694
2018-03-05 13:30,20.004
2018-03-05 13:45,20.313
2018-03-05 14:00,20.623
2018-03-05 14:15,20.738
2018-03-05 14:30,20.854
2018-03-05 14:45,20.969
2018-03-05 15:00,21.084
2018-03-05 15:15,21.084
2018-03-05 15:30,21.084
2018-03-05 15:45,21.084
2018-03-05 16:00,21.084
2018-03-05 16:15,21.084
2018-03-05 16:30,21.084
2018-03-05 16:45,21.084
2018-03-05 17:00,21.084
2018-03-05 17:15,20.909
2018-03-05 17:30,20.734
2018-03-05 17:45,20.559
2018-03-05 18:00,20.384
2018-03-05 18:15,19.9
2018-03-05 18:30,19.416
2018-03-05 18:45,18.931
2018-03-05 19:00,18.446
2018-03-05 19:15,18.067
2018-03-05 19:30,17.688
2018-03-05 19:45,17.309
2018-03-05 20:00,16.931
2018-03-05 20:15,16.467
2018-03-05 20:30,16.004
2018-03-05 20:45,15.541
2018-03-05 21:00,15.077
2018-03-05 21:15,14.691
2018-03-05 21:30,14.304
2018-03-05 21:45,13.917
2018-03-05 22:00,13.531
2018-03-05 22:15,13.356
2018-03-05 22:30,13.181
2018-03-05 22:45,13.006
2018-03-05 23:00,12.831
2018-03-05 23:15,12.666
2018-03-05 23:30,12.5
2018-03-05 23:45,12.334
2018-03-06 00:00,12.169
2018-03-06 00:15,11.966
2018-03-06 00:30,11.762
2018-03-06 00:45,11.558
2018-03-06 01:00,11.354
2018-03-06 01:15,10.984
2018-03-06 01:30,10.616
2018-03-06 01:45,10.246
2018-03-06 02:00,9.877
2018-03-06 02:15,9.656
2018-03-06 02:30,9.434
2018-03-06 02:45,9.213
2018-03-06 03:00,8.992
2018-03-06 03:15,8.741
2018-03-06 03:30,8.488
2018-03-06 03:45,8.237
2018-03-06 04:00,7.984
2018-03-06 04:15,7.85
2018-03-06 04:30,7.716
2018-03-06 04:45,7.581
2018-03-06 05:00,7.446
2018-03-06 05:15,7.319
2018-03-06 05:30,7.192
2018-03-06 05:45,7.066
2018-03-06 06:00,6.938
2018-03-06 06:15,6.821
2018-03-06 06:30,6.704
2018-03-06 06:45,6.587
2018-03-06 07:00,6.469
2018-03-06 07:15,6.334
2018-03-06 07:30,6.2
2018-03-06 07:45,6.066
2018-03-06 08:00,5.931
2018-03-06 08:15,6.156
2018-03-06 08:30,6.381
2018-03-06 08:45,6.606
2018-03-06 09:00,6.831
2018-03-06 09:15,7.646
2018-03-06 09:30,8.462
2018-03-06 09:45,9.277
2018-03-06 10:00,10.092
2018-03-06 10:15,11.225
2018-03-06 10:30,12.358
2018-03-06 10:45,13.491
2018-03-06 11:00,14.623
2018-03-06 11:15,15.163
2018-03-06 11:30,15.704
2018-03-06 11:45,16.244
2018-03-06 12:00,16.784
2018-03-06 12:15,17.075
2018-03-06 12:30,17.366
2018-03-06 12:45,17.656
2018-03-06 13:00,17.946
2018-03-06 13:15,18.034
2018-03-06 13:30,18.123
2018-03-06 13:45,18.212
2018-03-06 14:00,18.3
2018-03-06 14:15,18.444
2018-03-06 14:30,18.588
2018-03-06 14:45,18.733
2018-03-06 15:00,18.877
2018-03-06 15:15,18.978
2018-03-06 15:30,19.08
2018-03-06 15:45,19.182
2018-03-06 16:00,19.283
2018-03-06 16:15,19.248
2018-03-06 16:30,19.212
2018-03-06 16:45,19.176
2018-03-06 17:00,19.14
2018-03-06 17:15,19.103
2018-03-06 17:30,19.066
2018-03-06 17:45,19.029
2018-03-06 18:00,18.992
2018-03-06 18:15,18.691
2018-03-06 18:30,18.388
2018-03-06 18:45,18.087
2018-03-06 19:00,17.784
2018-03-06 19:15,17.396
2018-03-06 19:30,17.008
2018-03-06 19:45,16.619
2018-03-06 20:00,16.231
2018-03-06 20:15,15.631
2018-03-06 20:30,15.031
2018-03-06 20:45,14.431
2018-03-06 21:00,13.831
2018-03-06 21:15,13.629
2018-03-06 21:30,13.427
2018-03-06 21:45,13.225
2018-03-06 22:00,13.023
2018-03-06 22:15,12.944
2018-03-06 22:30,12.866
2018-03-06 22:45,12.787
2018-03-06 23:00,12.708
2018-03-06 23:15,12.525
2018-03-06 23:30,12.342
2018-03-06 23:45,12.159
2018-03-07 00:00,11.977
2018-03-07 00:15,11.725
2018-03-07 00:30,11.473
2018-03-07 00:45,11.221
2018-03-07 01:00,10.969
2018-03-07 01:15,10.677
2018-03-07 01:30,10.384
2018-03-07 01:45,10.092
2018-03-07 02:00,9.8
2018-03-07 02:15,9.5
2018-03-07 02:30,9.2
2018-03-07 02:45,8.9
2018-03-07 03:00,8.6
2018-03-07 03:15,8.252
2018-03-07 03:30,7.904
2018-03-07 03:45,7.556
2018-03-07 04:00,7.208
2018-03-07 04:15,6.917
2018-03-07 04:30,6.627
2018-03-07 04:45,6.337
2018-03-07 05:00,6.046
2018-03-07 05:15,5.706
2018-03-07 05:30,5.366
2018-03-07 05:45,5.025
2018-03-07 06:00,4.684
2018-03-07 06:15,4.512
2018-03-07 06:30,4.338
2018-03-07 06:45,4.166
2018-03-07 07:00,3.992
2018-03-07 07:15,3.837
2018-03-07 07:30,3.681
2018-03-07 07:45,3.525
2018-03-07 08:00,3.369
2018-03-07 08:15,3.634
2018-03-07 08:30,3.9
2018-03-07 08:45,4.166
2018-03-07 09:00,4.431
2018-03-07 09:15,4.942
2018-03-07 09:30,5.454
2018-03-07 09:45,5.966
2018-03-07 10:00,6.477
2018-03-07 10:15,6.837
2018-03-07 10:30,7.196
2018-03-07 10:45,7.556
2018-03-07 11:00,7.916
2018-03-07 11:15,8.283
2018-03-07 11:30,8.65
2018-03-07 11:45,9.017
2018-03-07 12:00,9.384
2018-03-07 12:15,9.802
2018-03-07 12:30,10.219
2018-03-07 12:45,10.637
2018-03-07 13:00,11.054
2018-03-07 13:15,11.431
2018-03-07 13:30,11.808
2018-03-07 13:45,12.184
2018-03-07 14:00,12.562
2018-03-07 14:15,12.833
2018-03-07 14:30,13.104
2018-03-07 14:45,13.375
2018-03-07 15:00,13.646
2018-03-07 15:15,13.984
2018-03-07 15:30,14.323
2018-03-07 15:45,14.662
2018-03-07 16:00,15.0
2018-03-07 16:15,15.262
2018-03-07 16:30,15.523
2018-03-07 16:45,15.784
2018-03-07 17:00,16.046
2018-03-07 17:15,16.027
2018-03-07 17:30,16.008
2018-03-07 17:45,15.988
2018-03-07 18:00,15.969
2018-03-07 18:15,15.802
2018-03-07 18:30,15.634
2018-03-07 18:45,15.467
2018-03-07 19:00,15.3
2018-03-07 19:15,14.683
2018-03-07 19:30,14.066
2018-03-07 19:45,13.448
2018-03-07 20:00,12.831
2018-03-07 20:15,12.733
2018-03-07 20:30,12.634
2018-03-07 20:45,12.537
2018-03-07 21:00,12.438
2018-03-07 21:15,12.041
2018-03-07 21:30,11.642
2018-03-07 21:45,11.244
2018-03-07 22:00,10.846
2018-03-07 22:15,10.673
2018-03-07 22:30,10.5
2018-03-07 22:45,10.327
2018-03-07 23:00,10.154
2018-03-07 23:15,10.094
2018-03-07 23:30,10.034
2018-03-07 23:45,9.975
2018-03-08 00:00,9.916
2018-03-08 00:15,9.588
2018-03-08 00:30,9.262
2018-03-08 00:45,8.934
2018-03-08 01:00,8.608
2018-03-08 01:15,8.512
2018-03-08 01:30,8.416
2018-03-08 01:45,8.319
2018-03-08 02:00,8.223
2018-03-08 02:15,8.067
2018-03-08 02:30,7.912
2018-03-08 02:45,7.756
2018-03-08 03:00,7.6
2018-03-08 03:15,7.559
2018-03-08 03:30,7.519
2018-03-08 03:45,7.479
2018-03-08 04:00,7.438
2018-03-08 04:15,7.362
2018-03-08 04:30,7.284
2018-03-08 04:45,7.208
2018-03-08 05:00,7.131
2018-03-08 05:15,7.159
2018-03-08 05:30,7.188
2018-03-08 05:45,7.217
2018-03-08 06:00,7.246
2018-03-08 06:15,7.188
2018-03-08 06:30,7.131
2018-03-08 06:45,7.073
2018-03-08 07:00,7.016
2018-03-08 07:15,7.016
2018-03-08 07:30,7.016
2018-03-08 07:45,7.016
2018-03-08 08:00,7.016
2018-03-08 08:15,7.123
2018-03-08 08:30,7.231
2018-03-08 08:45,7.338
2018-03-08 09:00,7.446
2018-03-08 09:15,7.904
2018-03-08 09:30,8.362
2018-03-08 09:45,8.819
2018-03-08 10:00,9.277
2018-03-08 10:15,9.934
2018-03-08 10:30,10.592
2018-03-08 10:45,11.25
2018-03-08 11:00,11.908
2018-03-08 11:15,12.606
2018-03-08 11:30,13.304
2018-03-08 11:45,14.002
2018-03-08 12:00,14.7
2018-03-08 12:15,15.279
2018-03-08 12:30,15.858
2018-03-08 12:45,16.437
2018-03-08 13:00,17.016
2018-03-08 13:15,17.484
2018-03-08 13:30,17.954
2018-03-08 13:45,18.423
2018-03-08 14:00,18.892
2018-03-08 14:15,19.221
2018-03-08 14:30,19.55
2018-03-08 14:45,19.879
2018-03-08 15:00,20.208
2018-03-08 15:15,20.398
2018-03-08 15:30,20.588
2018-03-08 15:45,20.779
2018-03-08 16:00,20.969
2018-03-08 16:15,20.95
2018-03-08 16:30,20.931
2018-03-08 16:45,20.912
2018-03-08 17:00,20.892
2018-03-08 17:15,20.862
2018-03-08 17:30,20.831
2018-03-08 17:45,20.8
2018-03-08 18:00,20.769
2018-03-08 18:15,20.459
2018-03-08 18:30,20.15
2018-03-08 18:45,19.841
2018-03-08 19:00,19.531
2018-03-08 19:15,19.25
2018-03-08 19:30,18.969
2018-03-08 19:45,18.688
2018-03-08 20:00,18.408
2018-03-08 20:15,18.116
2018-03-08 20:30,17.823
2018-03-08 20:45,17.531
2018-03-08 21:00,17.238
2018-03-08 21:15,16.988
2018-03-08 21:30,16.738
2018-03-08 21:45,16.488
2018-03-08 22:00,16.238
2018-03-08 22:15,16.102
2018-03-08 22:30,15.966
2018-03-08 22:45,15.829
2018-03-08 23:00,15.692
2018-03-08 23:15,15.354
2018-03-08 23:30,15.016
2018-03-08 23:45,14.677
2018-03-09 00:00,14.338
2018-03-09 00:15,14.077
2018-03-09 00:30,13.816
2018-03-09 00:45,13.554
2018-03-09 01:00,13.292
2018-03-09 01:15,13.226
2018-03-09 01:30,13.16
2018-03-09 01:45,13.093
2018-03-09 02:00,13.027
2018-03-09 02:15,13.026
2018-03-09 02:30,13.025
2018-03-09 02:45,13.024
2018-03-09 03:00,13.023
2018-03-09 03:15,13.013
2018-03-09 03:30,13.004
2018-03-09 03:45,12.994
2018-03-09 04:00,12.984
2018-03-09 04:15,12.858
2018-03-09 04:30,12.731
2018-03-09 04:45,12.604
2018-03-09 05:00,12.477
2018-03-09 05:15,12.362
2018-03-09 05:30,12.246
2018-03-09 05:45,12.131
2018-03-09 06:00,12.016
2018-03-09 06:15,12.019
2018-03-09 06:30,12.022
2018-03-09 06:45,12.025
2018-03-09 07:00,12.028
2018-03-09 07:15,12.011
2018-03-09 07:30,11.993
2018-03-09 07:45,11.975
2018-03-09 08:00,11.957
2018-03-09 08:15,12.039
2018-03-09 08:30,12.122
2018-03-09 08:45,12.203
2018-03-09 09:00,12.286
2018-03-09 09:15,12.753
2018-03-09 09:30,13.22
2018-03-09 09:45,13.687
2018-03-09 10:00,14.154
2018-03-09 10:15,14.842
2018-03-09 10:30,15.531
2018-03-09 10:45,16.219
2018-03-09 11:00,16.908
2018-03-09 11:15,17.336
2018-03-09 11:30,17.764
2018-03-09 11:45,18.193
2018-03-09 12:00,18.622
2018-03-09 12:15,19.177
2018-03-09 12:30,19.732
2018-03-09 12:45,20.288
2018-03-09 13:00,20.843
2018-03-09 13:15,21.253
2018-03-09 13:30,21.664
2018-03-09 13:45,22.074
2018-03-09 14:00,22.484
2018-03-09 14:15,22.727
2018-03-09 14:30,22.969
2018-03-09 14:45,23.212
2018-03-09 15:00,23.454
2018-03-09 15:15,23.629
2018-03-09 15:30,23.804
2018-03-09 15:45,23.979
2018-03-09 16:00,24.154
2018-03-09 16:15,24.094
2018-03-09 16:30,24.034
2018-03-09 16:45,23.975
2018-03-09 17:00,23.916
2018-03-09 17:15,23.884
2018-03-09 17:30,23.854
2018-03-09 17:45,23.823
2018-03-09 18:00,23.792
2018-03-09 18:15,23.591
2018-03-09 18:30,23.388
2018-03-09 18:45,23.187
2018-03-09 19:00,22.984
2018-03-09 19:15,22.771
2018-03-09 19:30,22.558
2018-03-09 19:45,22.344
2018-03-09 20:00,22.131
2018-03-09 20:15,21.908
2018-03-09 20:30,21.684
2018-03-09 20:45,21.462
2018-03-09 21:00,21.238
2018-03-09 21:15,21.171
2018-03-09 21:30,21.104
2018-03-09 21:45,21.037
2018-03-09 22:00,20.969
2018-03-09 22:15,20.804
2018-03-09 22:30,20.638
2018-03-09 22:45,20.473
2018-03-09 23:00,20.308
2018-03-09 23:15,20.142
2018-03-09 23:30,19.977
2018-03-09 23:45,19.812
2018-03-10 00:00,19.646
2018-03-10 00:15,19.483
2018-03-10 00:30,19.319
2018-03-10 00:45,19.156
2018-03-10 01:00,18.992
2018-03-10 01:15,18.808
2018-03-10 01:30,18.623
2018-03-10 01:45,18.438
2018-03-10 02:00,18.254
2018-03-10 02:15,18.187
2018-03-10 02:30,18.119
2018-03-10 02:45,18.052
2018-03-10 03:00,17.984
2018-03-10 03:15,17.984
2018-03-10 03:30,17.984
2018-03-10 03:45,17.984
2018-03-10 04:00,17.984
2018-03-10 04:15,17.746
2018-03-10 04:30,17.507
2018-03-10 04:45,17.268
2018-03-10 05:00,17.028
2018-03-10 05:15,17.133
2018-03-10 05:30,17.237
2018-03-10 05:45,17.342
2018-03-10 06:00,17.446
2018-03-10 06:15,17.542
2018-03-10 06:30,17.638
2018-03-10 06:45,17.734
2018-03-10 07:00,17.831
2018-03-10 07:15,17.812
2018-03-10 07:30,17.792
2018-03-10 07:45,17.773
2018-03-10 08:00,17.754
2018-03-10 08:15,17.821
2018-03-10 08:30,17.888
2018-03-10 08:45,17.956
2018-03-10 09:00,18.023
2018-03-10 09:15,18.266
2018-03-10 09:30,18.508
2018-03-10 09:45,18.751
2018-03-10 10:00,18.993
2018-03-10 10:15,19.343
2018-03-10 10:30,19.693
2018-03-10 10:45,20.042
2018-03-10 11:00,20.392
2018-03-10 11:15,20.817
2018-03-10 11:30,21.242
2018-03-10 11:45,21.667
2018-03-10 12:00,22.092
2018-03-10 12:15,22.356
2018-03-10 12:30,22.619
2018-03-10 12:45,22.883
2018-03-10 13:00,23.146
2018-03-10 13:15,23.698
2018-03-10 13:30,24.25
2018-03-10 13:45,24.802
2018-03-10 14:00,25.354
2018-03-10 14:15,25.723
2018-03-10 14:30,26.092
2018-03-10 14:45,26.462
2018-03-10 15:00,26.831
2018-03-10 15:15,27.129
2018-03-10 15:30,27.427
2018-03-10 15:45,27.725
2018-03-10 16:00,28.023
2018-03-10 16:15,28.073
2018-03-10 16:30,28.123
2018-03-10 16:45,28.173
2018-03-10 17:00,28.223
2018-03-10 17:15,28.377
2018-03-10 17:30,28.531
2018-03-10 17:45,28.684
2018-03-10 18:00,28.838
2018-03-10 18:15,28.606
2018-03-10 18:30,28.373
2018-03-10 18:45,28.141
2018-03-10 19:00,27.908
2018-03-10 19:15,27.587
2018-03-10 19:30,27.266
2018-03-10 19:45,26.944
2018-03-10 20:00,26.623
2018-03-10 20:15,26.321
2018-03-10 20:30,26.019
2018-03-10 20:45,25.717
2018-03-10 21:00,25.416
2018-03-10 21:15,25.146
2018-03-10 21:30,24.877
2018-03-10 21:45,24.608
2018-03-10 22:00,24.338
2018-03-10 22:15,24.067
2018-03-10 22:30,23.796
2018-03-10 22:45,23.525
2018-03-10 23:00,23.254
2018-03-10 23:15,23.117
2018-03-10 23:30,22.981
2018-03-10 23:45,22.844
2018-03-11 00:00,22.708
2018-03-11 00:15,22.563
2018-03-11 00:30,22.419
2018-03-11 00:45,22.275
2018-03-11 01:00,22.131
2018-03-11 01:15,21.977
2018-03-11 01:30,21.823
2018-03-11 01:45,21.669
2018-03-11 02:00,21.516
2018-03-11 02:15,21.406
2018-03-11 02:30,21.296
2018-03-11 02:45,21.187
2018-03-11 03:00,21.077
2018-03-11 03:15,20.654
2018-03-11 03:30,20.231
2018-03-11 03:45,19.808
2018-03-11 04:00,19.384
2018-03-11 04:15,19.287
2018-03-11 04:30,19.188
2018-03-11 04:45,19.091
2018-03-11 05:00,18.992
2018-03-11 05:15,18.962
2018-03-11 05:30,18.931
2018-03-11 05:45,18.9
2018-03-11 06:00,18.869
2018-03-11 06:15,18.521
2018-03-11 06:30,18.173
2018-03-11 06:45,17.825
2018-03-11 07:00,17.477
2018-03-11 07:15,17.352
2018-03-11 07:30,17.227
2018-03-11 07:45,17.102
2018-03-11 08:00,16.977
2018-03-11 08:15,16.958
2018-03-11 08:30,16.938
2018-03-11 08:45,16.919
2018-03-11 09:00,16.9
2018-03-11 09:15,16.667
2018-03-11 09:30,16.434
2018-03-11 09:45,16.202
2018-03-11 10:00,15.969
2018-03-11 10:15,15.998
2018-03-11 10:30,16.027
2018-03-11 10:45,16.056
2018-03-11 11:00,16.084
2018-03-11 11:15,16.123
2018-03-11 11:30,16.162
2018-03-11 11:45,16.2
2018-03-11 12:00,16.238
2018-03-11 12:15,16.346
2018-03-11 12:30,16.454
2018-03-11 12:45,16.562
2018-03-11 13:00,16.669
2018-03-11 13:15,16.844
2018-03-11 13:30,17.019
2018-03-11 13:45,17.194
2018-03-11 14:00,17.369
2018-03-11 14:15,17.406
2018-03-11 14:30,17.442
2018-03-11 14:45,17.479
2018-03-11 15:00,17.516
2018-03-11 15:15,17.487
2018-03-11 15:30,17.458
2018-03-11 15:45,17.429
2018-03-11 16:00,17.4
2018-03-11 16:15,17.227
2018-03-11 16:30,17.054
2018-03-11 16:45,16.881
2018-03-11 17:00,16.708
2018-03-11 17:15,16.842
2018-03-11 17:30,16.977
2018-03-11 17:45,17.112
2018-03-11 18:00,17.246
2018-03-11 18:15,17.198
2018-03-11 18:30,17.15
2018-03-11 18:45,17.102
2018-03-11 19:00,17.054
2018-03-11 19:15,16.713
2018-03-11 19:30,16.373
2018-03-11 19:45,16.033
2018-03-11 20:00,15.692
2018-03-11 20:15,15.131
2018-03-11 20:30,14.569
2018-03-11 20:45,14.008
2018-03-11 21:00,13.446
2018-03-11 21:15,13.194
2018-03-11 21:30,12.942
2018-03-11 21:45,12.691
2018-03-11 22:00,12.438
2018-03-11 22:15,12.138
2018-03-11 22:30,11.838
2018-03-11 22:45,11.538
2018-03-11 23:00,11.238
2018-03-11 23:15,11.083
2018-03-11 23:30,10.927
2018-03-11 23:45,10.771
2018-03-12 00:00,10.616
2018-03-12 00:15,10.267
2018-03-12 00:30,9.919
2018-03-12 00:45,9.571
2018-03-12 01:00,9.223
2018-03-12 01:15,9.058
2018-03-12 01:30,8.892
2018-03-12 01:45,8.727
2018-03-12 02:00,8.562
2018-03-12 02:15,8.291
2018-03-12 02:30,8.019
2018-03-12 02:45,7.748
2018-03-12 03:00,7.477
2018-03-12 03:15,7.263
2018-03-12 03:30,7.05
2018-03-12 03:45,6.837
2018-03-12 04:00,6.623
2018-03-12 04:15,6.479
2018-03-12 04:30,6.334
2018-03-12 04:45,6.191
2018-03-12 05:00,6.046
2018-03-12 05:15,5.977
2018-03-12 05:30,5.908
2018-03-12 05:45,5.838
2018-03-12 06:00,5.769
2018-03-12 06:15,5.469
2018-03-12 06:30,5.169
2018-03-12 06:45,4.869
2018-03-12 07:00,4.569
2018-03-12 07:15,4.425
2018-03-12 07:30,4.281
2018-03-12 07:45,4.137
2018-03-12 08:00,3.992
2018-03-12 08:15,4.141
2018-03-12 08:30,4.288
2018-03-12 08:45,4.437
2018-03-12 09:00,4.584
2018-03-12 09:15,5.127
2018-03-12 09:30,5.669
2018-03-12 09:45,6.212
2018-03-12 10:00,6.754
2018-03-12 10:15,7.258
2018-03-12 10:30,7.762
2018-03-12 10:45,8.266
2018-03-12 11:00,8.769
2018-03-12 11:15,9.213
2018-03-12 11:30,9.658
2018-03-12 11:45,10.102
2018-03-12 12:00,10.546
2018-03-12 12:15,10.992
2018-03-12 12:30,11.438
2018-03-12 12:45,11.884
2018-03-12 13:00,12.331
2018-03-12 13:15,12.756
2018-03-12 13:30,13.181
2018-03-12 13:45,13.606
2018-03-12 14:00,14.031
2018-03-12 14:15,14.583
2018-03-12 14:30,15.134
2018-03-12 14:45,15.687
2018-03-12 15:00,16.238
2018-03-12 15:15,16.423
2018-03-12 15:30,16.608
2018-03-12 15:45,16.792
2018-03-12 16:00,16.977
2018-03-12 16:15,17.209
2018-03-12 16:30,17.442
2018-03-12 16:45,17.675
2018-03-12 17:00,17.908
2018-03-12 17:15,17.927
2018-03-12 17:30,17.946
2018-03-12 17:45,17.966
2018-03-12 18:00,17.984
2018-03-12 18:15,17.771
2018-03-12 18:30,17.558
2018-03-12 18:45,17.344
2018-03-12 19:00,17.131
2018-03-12 19:15,16.527
2018-03-12 19:30,15.923
2018-03-12 19:45,15.319
2018-03-12 20:00,14.716
2018-03-12 20:15,14.554
2018-03-12 20:30,14.392
2018-03-12 20:45,14.231
2018-03-12 21:00,14.069
2018-03-12 21:15,13.873
2018-03-12 21:30,13.677
2018-03-12 21:45,13.481
2018-03-12 22:00,13.284
2018-03-12 22:15,12.744
2018-03-12 22:30,12.204
2018-03-12 22:45,11.663
2018-03-12 23:00,11.123
2018-03-12 23:15,10.842
2018-03-12 23:30,10.562
2018-03-12 23:45,10.281
2018-03-13 00:00,10.0
2018-03-13 00:15,9.709
2018-03-13 00:30,9.419
2018-03-13 00:45,9.129
2018-03-13 01:00,8.838
2018-03-13 01:15,8.359
2018-03-13 01:30,7.879
2018-03-13 01:45,7.399
2018-03-13 02:00,6.92
2018-03-13 02:15,7.061
2018-03-13 02:30,7.202
2018-03-13 02:45,7.343
2018-03-13 03:00,7.484
2018-03-13 03:15,7.708
2018-03-13 03:30,7.931
2018-03-13 03:45,8.154
2018-03-13 04:00,8.377
2018-03-13 04:15,8.442
2018-03-13 04:30,8.508
2018-03-13 04:45,8.573
2018-03-13 05:00,8.638
2018-03-13 05:15,8.484
2018-03-13 05:30,8.331
2018-03-13 05:45,8.177
2018-03-13 06:00,8.023
2018-03-13 06:15,8.002
2018-03-13 06:30,7.981
2018-03-13 06:45,7.959
2018-03-13 07:00,7.938
2018-03-13 07:15,7.842
2018-03-13 07:30,7.746
2018-03-13 07:45,7.65
2018-03-13 08:00,7.554
2018-03-13 08:15,7.594
2018-03-13 08:30,7.634
2018-03-13 08:45,7.675
2018-03-13 09:00,7.716
2018-03-13 09:15,8.056
2018-03-13 09:30,8.396
2018-03-13 09:45,8.737
2018-03-13 10:00,9.077
2018-03-13 10:15,9.609
2018-03-13 10:30,10.142
2018-03-13 10:45,10.675
2018-03-13 11:00,11.208
2018-03-13 11:15,11.644
2018-03-13 11:30,12.081
2018-03-13 11:45,12.517
2018-03-13 12:00,12.954
2018-03-13 12:15,13.299
2018-03-13 12:30,13.643
2018-03-13 12:45,13.988
2018-03-13 13:00,14.333
2018-03-13 13:15,15.052
2018-03-13 13:30,15.771
2018-03-13 13:45,16.489
2018-03-13 14:00,17.208
2018-03-13 14:15,17.326
2018-03-13 14:30,17.443
2018-03-13 14:45,17.56
2018-03-13 15:00,17.677
2018-03-13 15:15,17.783
2018-03-13 15:30,17.888
2018-03-13 15:45,17.994
2018-03-13 16:00,18.1
2018-03-13 16:15,18.1
2018-03-13 16:30,18.1
2018-03-13 16:45,18.1
2018-03-13 17:00,18.1
2018-03-13 17:15,18.091
2018-03-13 17:30,18.081
2018-03-13 17:45,18.071
2018-03-13 18:00,18.062
2018-03-13 18:15,17.867
2018-03-13 18:30,17.673
2018-03-13 18:45,17.479
2018-03-13 19:00,17.284
2018-03-13 19:15,16.798
2018-03-13 19:30,16.312
2018-03-13 19:45,15.825
2018-03-13 20:00,15.338
2018-03-13 20:15,15.021
2018-03-13 20:30,14.704
2018-03-13 20:45,14.387
2018-03-13 21:00,14.069
2018-03-13 21:15,13.846
2018-03-13 21:30,13.623
2018-03-13 21:45,13.4
2018-03-13 22:00,13.177
2018-03-13 22:15,13.129
2018-03-13 22:30,13.081
2018-03-13 22:45,13.033
2018-03-13 23:00,12.984
2018-03-13 23:15,12.8
2018-03-13 23:30,12.616
2018-03-13 23:45,12.431
2018-03-14 00:00,12.246
2018-03-14 00:15,12.033
2018-03-14 00:30,11.819
2018-03-14 00:45,11.606
2018-03-14 01:00,11.392
2018-03-14 01:15,11.275
2018-03-14 01:30,11.158
2018-03-14 01:45,11.041
2018-03-14 02:00,10.923
2018-03-14 02:15,10.208
2018-03-14 02:30,9.492
2018-03-14 02:45,8.777
2018-03-14 03:00,8.062
2018-03-14 03:15,7.894
2018-03-14 03:30,7.727
2018-03-14 03:45,7.559
2018-03-14 04:00,7.392
2018-03-14 04:15,7.219
2018-03-14 04:30,7.046
2018-03-14 04:45,6.873
2018-03-14 05:00,6.7
2018-03-14 05:15,6.408
2018-03-14 05:30,6.116
2018-03-14 05:45,5.823
2018-03-14 06:00,5.531
2018-03-14 06:15,5.391
2018-03-14 06:30,5.25
2018-03-14 06:45,5.109
2018-03-14 07:00,4.969
2018-03-14 07:15,4.919
2018-03-14 07:30,4.869
2018-03-14 07:45,4.819
2018-03-14 08:00,4.769
2018-03-14 08:15,5.109
2018-03-14 08:30,5.45
2018-03-14 08:45,5.791
2018-03-14 09:00,6.131
2018-03-14 09:15,6.984
2018-03-14 09:30,7.838
2018-03-14 09:45,8.692
2018-03-14 10:00,9.546
2018-03-14 10:15,10.408
2018-03-14 10:30,11.269
2018-03-14 10:45,12.131
2018-03-14 11:00,12.992
2018-03-14 11:15,13.496
2018-03-14 11:30,14.0
2018-03-14 11:45,14.504
2018-03-14 12:00,15.008
2018-03-14 12:15,15.413
2018-03-14 12:30,15.819
2018-03-14 12:45,16.225
2018-03-14 13:00,16.631
2018-03-14 13:15,16.971
2018-03-14 13:30,17.312
2018-03-14 13:45,17.652
2018-03-14 14:00,17.992
2018-03-14 14:15,18.263
2018-03-14 14:30,18.534
2018-03-14 14:45,18.806
2018-03-14 15:00,19.077
2018-03-14 15:15,19.358
2018-03-14 15:30,19.638
2018-03-14 15:45,19.919
2018-03-14 16:00,20.2
2018-03-14 16:15,20.421
2018-03-14 16:30,20.642
2018-03-14 16:45,20.863
2018-03-14 17:00,21.084
2018-03-14 17:15,21.084
2018-03-14 17:30,21.084
2018-03-14 17:45,21.084
2018-03-14 18:00,21.084
2018-03-14 18:15,21.006
2018-03-14 18:30,20.927
2018-03-14 18:45,20.848
2018-03-14 19:00,20.769
2018-03-14 19:15,20.196
2018-03-14 19:30,19.623
2018-03-14 19:45,19.05
2018-03-14 20:00,18.477
2018-03-14 20:15,17.838
2018-03-14 20:30,17.2
2018-03-14 20:45,16.562
2018-03-14 21:00,15.923
2018-03-14 21:15,15.459
2018-03-14 21:30,14.996
2018-03-14 21:45,14.533
2018-03-14 22:00,14.069
2018-03-14 22:15,14.071
2018-03-14 22:30,14.073
2018-03-14 22:45,14.075
2018-03-14 23:00,14.077
2018-03-14 23:15,13.958
2018-03-14 23:30,13.838
2018-03-14 23:45,13.719
2018-03-15 00:00,13.6
2018-03-15 00:15,13.446
2018-03-15 00:30,13.292
2018-03-15 00:45,13.138
2018-03-15 01:00,12.984
2018-03-15 01:15,12.994
2018-03-15 01:30,13.004
2018-03-15 01:45,13.013
2018-03-15 02:00,13.023
2018-03-15 02:15,13.131
2018-03-15 02:30,13.238
2018-03-15 02:45,13.346
2018-03-15 03:00,13.454
2018-03-15 03:15,13.519
2018-03-15 03:30,13.584
2018-03-15 03:45,13.65
2018-03-15 04:00,13.716
2018-03-15 04:15,13.327
2018-03-15 04:30,12.938
2018-03-15 04:45,12.55
2018-03-15 05:00,12.162
2018-03-15 05:15,11.892
2018-03-15 05:30,11.623
2018-03-15 05:45,11.354
2018-03-15 06:00,11.084
2018-03-15 06:15,11.066
2018-03-15 06:30,11.046
2018-03-15 06:45,11.027
2018-03-15 07:00,11.008
2018-03-15 07:15,10.775
2018-03-15 07:30,10.542
2018-03-15 07:45,10.309
2018-03-15 08:00,10.077
2018-03-15 08:15,10.477
2018-03-15 08:30,10.877
2018-03-15 08:45,11.277
2018-03-15 09:00,11.677
2018-03-15 09:15,12.509
2018-03-15 09:30,13.342
2018-03-15 09:45,14.175
2018-03-15 10:00,15.008
2018-03-15 10:15,15.646
2018-03-15 10:30,16.284
2018-03-15 10:45,16.923
2018-03-15 11:00,17.562
2018-03-15 11:15,18.202
2018-03-15 11:30,18.842
2018-03-15 11:45,19.483
2018-03-15 12:00,20.123
2018-03-15 12:15,20.531
2018-03-15 12:30,20.938
2018-03-15 12:45,21.346
2018-03-15 13:00,21.754
2018-03-15 13:15,22.217
2018-03-15 13:30,22.681
2018-03-15 13:45,23.144
2018-03-15 14:00,23.608
2018-03-15 14:15,23.802
2018-03-15 14:30,23.996
2018-03-15 14:45,24.191
2018-03-15 15:00,24.384
2018-03-15 15:15,24.713
2018-03-15 15:30,25.042
2018-03-15 15:45,25.371
2018-03-15 16:00,25.7
2018-03-15 16:15,25.642
2018-03-15 16:30,25.584
2018-03-15 16:45,25.527
2018-03-15 17:00,25.469
2018-03-15 17:15,25.417
2018-03-15 17:30,25.366
2018-03-15 17:45,25.313
2018-03-15 18:00,25.262
2018-03-15 18:15,24.798
2018-03-15 18:30,24.334
2018-03-15 18:45,23.871
2018-03-15 19:00,23.408
2018-03-15 19:15,23.302
2018-03-15 19:30,23.196
2018-03-15 19:45,23.091
2018-03-15 20:00,22.984
2018-03-15 20:15,22.752
2018-03-15 20:30,22.519
2018-03-15 20:45,22.287
2018-03-15 21:00,22.054
2018-03-15 21:15,21.763
2018-03-15 21:30,21.473
2018-03-15 21:45,21.183
2018-03-15 22:00,20.892
2018-03-15 22:15,20.542
2018-03-15 22:30,20.192
2018-03-15 22:45,19.842
2018-03-15 23:00,19.492
2018-03-15 23:15,19.367
2018-03-15 23:30,19.242
2018-03-15 23:45,19.117
2018-03-16 00:00,18.992
2018-03-16 00:15,18.992
2018-03-16 00:30,18.992
2018-03-16 00:45,18.992
2018-03-16 01:00,18.992
2018-03-16 01:15,18.962
2018-03-16 01:30,18.931
2018-03-16 01:45,18.9
2018-03-16 02:00,18.869
2018-03-16 02:15,18.663
2018-03-16 02:30,18.456
2018-03-16 02:45,18.249
2018-03-16 03:00,18.043
2018-03-16 03:15,18.243
2018-03-16 03:30,18.443
2018-03-16 03:45,18.643
2018-03-16 04:00,18.843
2018-03-16 04:15,18.878
2018-03-16 04:30,18.914
2018-03-16 04:45,18.95
2018-03-16 05:00,18.986
2018-03-16 05:15,18.987
2018-03-16 05:30,18.989
2018-03-16 05:45,18.991
2018-03-16 06:00,18.992
2018-03-16 06:15,18.962
2018-03-16 06:30,18.931
2018-03-16 06:45,18.9
2018-03-16 07:00,18.869
2018-03-16 07:15,18.696
2018-03-16 07:30,18.523
2018-03-16 07:45,18.35
2018-03-16 08:00,18.177
2018-03-16 08:15,18.188
2018-03-16 08:30,18.2
2018-03-16 08:45,18.212
2018-03-16 09:00,18.223
2018-03-16 09:15,18.708
2018-03-16 09:30,19.192
2018-03-16 09:45,19.677
2018-03-16 10:00,20.162
2018-03-16 10:15,20.898
2018-03-16 10:30,21.634
2018-03-16 10:45,22.371
2018-03-16 11:00,23.108
2018-03-16 11:15,23.737
2018-03-16 11:30,24.366
2018-03-16 11:45,24.994
2018-03-16 12:00,25.623
2018-03-16 12:15,25.991
2018-03-16 12:30,26.358
2018-03-16 12:45,26.725
2018-03-16 13:00,27.092
2018-03-16 13:15,27.481
2018-03-16 13:30,27.869
2018-03-16 13:45,28.258
2018-03-16 14:00,28.646
2018-03-16 14:15,28.742
2018-03-16 14:30,28.838
2018-03-16 14:45,28.934
2018-03-16 15:00,29.031
2018-03-16 15:15,29.138
2018-03-16 15:30,29.246
2018-03-16 15:45,29.354
2018-03-16 16:00,29.462
2018-03-16 16:15,29.596
2018-03-16 16:30,29.731
2018-03-16 16:45,29.866
2018-03-16 17:00,30.0
2018-03-16 17:15,29.796
2018-03-16 17:30,29.592
2018-03-16 17:45,29.388
2018-03-16 18:00,29.184
2018-03-16 18:15,28.942
2018-03-16 18:30,28.7
2018-03-16 18:45,28.458
2018-03-16 19:00,28.216
2018-03-16 19:15,27.758
2018-03-16 19:30,27.3
2018-03-16 19:45,26.842
2018-03-16 20:00,26.384
2018-03-16 20:15,25.566
2018-03-16 20:30,24.747
2018-03-16 20:45,23.928
2018-03-16 21:00,23.109
2018-03-16 21:15,22.796
2018-03-16 21:30,22.482
2018-03-16 21:45,22.168
2018-03-16 22:00,21.854
2018-03-16 22:15,21.518
2018-03-16 22:30,21.182
2018-03-16 22:45,20.846
2018-03-16 23:00,20.509
2018-03-16 23:15,20.54
2018-03-16 23:30,20.571
2018-03-16 23:45,20.602
2018-03-17 00:00,20.633
2018-03-17 00:15,20.481
2018-03-17 00:30,20.328
2018-03-17 00:45,20.176
2018-03-17 01:00,20.023
2018-03-17 01:15,19.348
2018-03-17 01:30,18.673
2018-03-17 01:45,17.998
2018-03-17 02:00,17.323
2018-03-17 02:15,17.102
2018-03-17 02:30,16.881
2018-03-17 02:45,16.659
2018-03-17 03:00,16.438
2018-03-17 03:15,15.912
2018-03-17 03:30,15.384
2018-03-17 03:45,14.858
2018-03-17 04:00,14.331
2018-03-17 04:15,14.081
2018-03-17 04:30,13.831
2018-03-17 04:45,13.581
2018-03-17 05:00,13.331
2018-03-17 05:15,13.169
2018-03-17 05:30,13.008
2018-03-17 05:45,12.846
2018-03-17 06:00,12.684
2018-03-17 06:15,12.781
2018-03-17 06:30,12.877
2018-03-17 06:45,12.973
2018-03-17 07:00,13.069
2018-03-17 07:15,13.0
2018-03-17 07:30,12.931
2018-03-17 07:45,12.862
2018-03-17 08:00,12.792
2018-03-17 08:15,13.229
2018-03-17 08:30,13.666
2018-03-17 08:45,14.102
2018-03-17 09:00,14.538
2018-03-17 09:15,15.016
2018-03-17 09:30,15.492
2018-03-17 09:45,15.969
2018-03-17 10:00,16.446
2018-03-17 10:15,16.833
2018-03-17 10:30,17.219
2018-03-17 10:45,17.606
2018-03-17 11:00,17.992
2018-03-17 11:15,18.516
2018-03-17 11:30,19.038
2018-03-17 11:45,19.562
2018-03-17 12:00,20.084
2018-03-17 12:15,20.656
2018-03-17 12:30,21.227
2018-03-17 12:45,21.798
2018-03-17 13:00,22.369
2018-03-17 13:15,23.059
2018-03-17 13:30,23.75
2018-03-17 13:45,24.441
2018-03-17 14:00,25.131
2018-03-17 14:15,25.602
2018-03-17 14:30,26.073
2018-03-17 14:45,26.544
2018-03-17 15:00,27.016
2018-03-17 15:15,26.723
2018-03-17 15:30,26.431
2018-03-17 15:45,26.138
2018-03-17 16:00,25.846
2018-03-17 16:15,25.371
2018-03-17 16:30,24.896
2018-03-17 16:45,24.421
2018-03-17 17:00,23.946
2018-03-17 17:15,23.426
2018-03-17 17:30,22.907
2018-03-17 17:45,22.387
2018-03-17 18:00,21.867
2018-03-17 18:15,21.158
2018-03-17 18:30,20.449
2018-03-17 18:45,19.74
2018-03-17 19:00,19.031
2018-03-17 19:15,18.991
2018-03-17 19:30,18.95
2018-03-17 19:45,18.909
2018-03-17 20:00,18.869
2018-03-17 20:15,18.598
2018-03-17 20:30,18.328
2018-03-17 20:45,18.057
2018-03-17 21:00,17.787
2018-03-17 21:15,17.817
2018-03-17 21:30,17.847
2018-03-17 21:45,17.877
2018-03-17 22:00,17.908
2018-03-17 22:15,17.927
2018-03-17 22:30,17.946
2018-03-17 22:45,17.966
2018-03-17 23:00,17.984
2018-03-17 23:15,17.8
2018-03-17 23:30,17.616
2018-03-17 23:45,17.431
2018-03-18 00:00,17.246
2018-03-18 00:15,17.188
2018-03-18 00:30,17.131
2018-03-18 00:45,17.073
2018-03-18 01:00,17.016
2018-03-18 01:15,17.006
2018-03-18 01:30,16.996
2018-03-18 01:45,16.987
2018-03-18 02:00,16.977
2018-03-18 02:15,16.987
2018-03-18 02:30,16.996
2018-03-18 02:45,17.006
2018-03-18 03:00,17.016
2018-03-18 03:15,16.987
2018-03-18 03:30,16.958
2018-03-18 03:45,16.929
2018-03-18 04:00,16.9
2018-03-18 04:15,16.85
2018-03-18 04:30,16.8
2018-03-18 04:45,16.75
2018-03-18 05:00,16.7
2018-03-18 05:15,16.617
2018-03-18 05:30,16.533
2018-03-18 05:45,16.45
2018-03-18 06:00,16.367
2018-03-18 06:15,16.532
2018-03-18 06:30,16.698
2018-03-18 06:45,16.863
2018-03-18 07:00,17.028
2018-03-18 07:15,17.025
2018-03-18 07:30,17.022
2018-03-18 07:45,17.019
2018-03-18 08:00,17.016
2018-03-18 08:15,17.016
2018-03-18 08:30,17.016
2018-03-18 08:45,17.016
2018-03-18 09:00,17.016
2018-03-18 09:15,17.016
2018-03-18 09:30,17.016
2018-03-18 09:45,17.016
2018-03-18 10:00,17.016
2018-03-18 10:15,17.221
2018-03-18 10:30,17.427
2018-03-18 10:45,17.633
2018-03-18 11:00,17.838
2018-03-18 11:15,18.134
2018-03-18 11:30,18.43
2018-03-18 11:45,18.726
2018-03-18 12:00,19.022
2018-03-18 12:15,19.354
2018-03-18 12:30,19.688
2018-03-18 12:45,20.021
2018-03-18 13:00,20.354
2018-03-18 13:15,20.567
2018-03-18 13:30,20.781
2018-03-18 13:45,20.994
2018-03-18 14:00,21.208
2018-03-18 14:15,21.684
2018-03-18 14:30,22.161
2018-03-18 14:45,22.638
2018-03-18 15:00,23.114
2018-03-18 15:15,23.509
2018-03-18 15:30,23.903
2018-03-18 15:45,24.298
2018-03-18 16:00,24.692
2018-03-18 16:15,24.584
2018-03-18 16:30,24.477
2018-03-18 16:45,24.369
2018-03-18 17:00,24.262
2018-03-18 17:15,24.377
2018-03-18 17:30,24.492
2018-03-18 17:45,24.608
2018-03-18 18:00,24.723
2018-03-18 18:15,24.559
2018-03-18 18:30,24.396
2018-03-18 18:45,24.233
2018-03-18 19:00,24.069
2018-03-18 19:15,23.863
2018-03-18 19:30,23.658
2018-03-18 19:45,23.452
2018-03-18 20:00,23.246
2018-03-18 20:15,22.792
2018-03-18 20:30,22.338
2018-03-18 20:45,21.884
2018-03-18 21:00,21.431
2018-03-18 21:15,21.296
2018-03-18 21:30,21.162
2018-03-18 21:45,21.027
2018-03-18 22:00,20.892
2018-03-18 22:15,20.921
2018-03-18 22:30,20.95
2018-03-18 22:45,20.979
2018-03-18 23:00,21.008
2018-03-18 23:15,21.008
2018-03-18 23:30,21.008
2018-03-18 23:45,21.008
2018-03-19 00:00,21.008
2018-03-19 00:15,20.987
2018-03-19 00:30,20.966
2018-03-19 00:45,20.944
2018-03-19 01:00,20.923
2018-03-19 01:15,20.692
2018-03-19 01:30,20.462
2018-03-19 01:45,20.231
2018-03-19 02:00,20.0
2018-03-19 02:15,19.825
2018-03-19 02:30,19.65
2018-03-19 02:45,19.475
2018-03-19 03:00,19.3
2018-03-19 03:15,18.913
2018-03-19 03:30,18.527
2018-03-19 03:45,18.141
2018-03-19 04:00,17.754
2018-03-19 04:15,17.442
2018-03-19 04:30,17.131
2018-03-19 04:45,16.819
2018-03-19 05:00,16.508
2018-03-19 05:15,15.966
2018-03-19 05:30,15.423
2018-03-19 05:45,14.881
2018-03-19 06:00,14.338
2018-03-19 06:15,14.252
2018-03-19 06:30,14.166
2018-03-19 06:45,14.079
2018-03-19 07:00,13.992
2018-03-19 07:15,14.052
2018-03-19 07:30,14.112
2018-03-19 07:45,14.171
2018-03-19 08:00,14.231
2018-03-19 08:15,14.648
2018-03-19 08:30,15.066
2018-03-19 08:45,15.483
2018-03-19 09:00,15.9
2018-03-19 09:15,16.404
2018-03-19 09:30,16.908
2018-03-19 09:45,17.412
2018-03-19 10:00,17.916
2018-03-19 10:15,18.283
2018-03-19 10:30,18.65
2018-03-19 10:45,19.017
2018-03-19 11:00,19.384
2018-03-19 11:15,19.791
2018-03-19 11:30,20.196
2018-03-19 11:45,20.602
2018-03-19 12:00,21.008
2018-03-19 12:15,21.221
2018-03-19 12:30,21.434
2018-03-19 12:45,21.648
2018-03-19 13:00,21.862
2018-03-19 13:15,22.008
2018-03-19 13:30,22.154
2018-03-19 13:45,22.3
2018-03-19 14:00,22.446
2018-03-19 14:15,22.434
2018-03-19 14:30,22.423
2018-03-19 14:45,22.412
2018-03-19 15:00,22.4
2018-03-19 15:15,22.177
2018-03-19 15:30,21.954
2018-03-19 15:45,21.731
2018-03-19 16:00,21.508
2018-03-19 16:15,21.254
2018-03-19 16:30,21.0
2018-03-19 16:45,20.746
2018-03-19 17:00,20.492
2018-03-19 17:15,20.175
2018-03-19 17:30,19.858
2018-03-19 17:45,19.541
2018-03-19 18:00,19.223
2018-03-19 18:15,18.913
2018-03-19 18:30,18.604
2018-03-19 18:45,18.294
2018-03-19 19:00,17.984
2018-03-19 19:15,17.702
2018-03-19 19:30,17.419
2018-03-19 19:45,17.137
2018-03-19 20:00,16.854
2018-03-19 20:15,16.475
2018-03-19 20:30,16.096
2018-03-19 20:45,15.717
2018-03-19 21:00,15.338
2018-03-19 21:15,15.002
2018-03-19 21:30,14.666
2018-03-19 21:45,14.329
2018-03-19 22:00,13.992
2018-03-19 22:15,13.788
2018-03-19 22:30,13.584
2018-03-19 22:45,13.381
2018-03-19 23:00,13.177
2018-03-19 23:15,13.021
2018-03-19 23:30,12.866
2018-03-19 23:45,12.709
2018-03-20 00:00,12.554
2018-03-20 00:15,12.341
2018-03-20 00:30,12.127
2018-03-20 00:45,11.913
2018-03-20 01:00,11.7
2018-03-20 01:15,11.487
2018-03-20 01:30,11.273
2018-03-20 01:45,11.059
2018-03-20 02:00,10.846
2018-03-20 02:15,10.566
2018-03-20 02:30,10.284
2018-03-20 02:45,10.004
2018-03-20 03:00,9.723
2018-03-20 03:15,9.452
2018-03-20 03:30,9.181
2018-03-20 03:45,8.909
2018-03-20 04:00,8.638
2018-03-20 04:15,8.484
2018-03-20 04:30,8.331
2018-03-20 04:45,8.177
2018-03-20 05:00,8.023
2018-03-20 05:15,8.013
2018-03-20 05:30,8.004
2018-03-20 05:45,7.994
2018-03-20 06:00,7.984
2018-03-20 06:15,7.858
2018-03-20 06:30,7.731
2018-03-20 06:45,7.604
2018-03-20 07:00,7.477
2018-03-20 07:15,7.362
2018-03-20 07:30,7.246
2018-03-20 07:45,7.131
2018-03-20 08:00,7.016
2018-03-20 08:15,7.191
2018-03-20 08:30,7.366
2018-03-20 08:45,7.541
2018-03-20 09:00,7.716
2018-03-20 09:15,8.113
2018-03-20 09:30,8.512
2018-03-20 09:45,8.909
2018-03-20 10:00,9.308
2018-03-20 10:15,9.713
2018-03-20 10:30,10.119
2018-03-20 10:45,10.525
2018-03-20 11:00,10.931
2018-03-20 11:15,11.348
2018-03-20 11:30,11.766
2018-03-20 11:45,12.183
2018-03-20 12:00,12.6
2018-03-20 12:15,13.027
2018-03-20 12:30,13.454
2018-03-20 12:45,13.881
2018-03-20 13:00,14.308
2018-03-20 13:15,14.809
2018-03-20 13:30,15.312
2018-03-20 13:45,15.813
2018-03-20 14:00,16.316
2018-03-20 14:15,16.541
2018-03-20 14:30,16.766
2018-03-20 14:45,16.991
2018-03-20 15:00,17.216
2018-03-20 15:15,17.506
2018-03-20 15:30,17.796
2018-03-20 15:45,18.087
2018-03-20 16:00,18.377
2018-03-20 16:15,18.462
2018-03-20 16:30,18.546
2018-03-20 16:45,18.631
2018-03-20 17:00,18.716
2018-03-20 17:15,18.708
2018-03-20 17:30,18.7
2018-03-20 17:45,18.692
2018-03-20 18:00,18.684
2018-03-20 18:15,18.625
2018-03-20 18:30,18.566
2018-03-20 18:45,18.506
2018-03-20 19:00,18.446
2018-03-20 19:15,18.0
2018-03-20 19:30,17.554
2018-03-20 19:45,17.108
2018-03-20 20:00,16.662
2018-03-20 20:15,16.292
2018-03-20 20:30,15.923
2018-03-20 20:45,15.554
2018-03-20 21:00,15.184
2018-03-20 21:15,14.867
2018-03-20 21:30,14.55
2018-03-20 21:45,14.233
2018-03-20 22:00,13.916
2018-03-20 22:15,13.633
2018-03-20 22:30,13.35
2018-03-20 22:45,13.067
2018-03-20 23:00,12.784
2018-03-20 23:15,12.612
2018-03-20 23:30,12.438
2018-03-20 23:45,12.266
2018-03-21 00:00,12.092
2018-03-21 00:15,12.104
2018-03-21 00:30,12.116
2018-03-21 00:45,12.127
2018-03-21 01:00,12.138
2018-03-21 01:15,11.827
2018-03-21 01:30,11.516
2018-03-21 01:45,11.204
2018-03-21 02:00,10.892
2018-03-21 02:15,10.834
2018-03-21 02:30,10.777
2018-03-21 02:45,10.719
2018-03-21 03:00,10.662
2018-03-21 03:15,10.252
2018-03-21 03:30,9.842
2018-03-21 03:45,9.433
2018-03-21 04:00,9.023
2018-03-21 04:15,9.188
2018-03-21 04:30,9.354
2018-03-21 04:45,9.519
2018-03-21 05:00,9.684
2018-03-21 05:15,9.366
2018-03-21 05:30,9.046
2018-03-21 05:45,8.727
2018-03-21 06:00,8.408
2018-03-21 06:15,8.379
2018-03-21 06:30,8.35
2018-03-21 06:45,8.321
2018-03-21 07:00,8.292
2018-03-21 07:15,8.166
2018-03-21 07:30,8.038
2018-03-21 07:45,7.912
2018-03-21 08:00,7.784
2018-03-21 08:15,8.1
2018-03-21 08:30,8.416
2018-03-21 08:45,8.731
2018-03-21 09:00,9.046
2018-03-21 09:15,10.042
2018-03-21 09:30,11.038
2018-03-21 09:45,12.034
2018-03-21 10:00,13.031
2018-03-21 10:15,13.825
2018-03-21 10:30,14.619
2018-03-21 10:45,15.413
2018-03-21 11:00,16.208
2018-03-21 11:15,16.623
2018-03-21 11:30,17.038
2018-03-21 11:45,17.454
2018-03-21 12:00,17.869
2018-03-21 12:15,18.221
2018-03-21 12:30,18.573
2018-03-21 12:45,18.925
2018-03-21 13:00,19.277
2018-03-21 13:15,19.741
2018-03-21 13:30,20.204
2018-03-21 13:45,20.667
2018-03-21 14:00,21.131
2018-03-21 14:15,21.371
2018-03-21 14:30,21.612
2018-03-21 14:45,21.852
2018-03-21 15:00,22.092
2018-03-21 15:15,22.287
2018-03-21 15:30,22.481
2018-03-21 15:45,22.675
2018-03-21 16:00,22.869
2018-03-21 16:15,22.898
2018-03-21 16:30,22.927
2018-03-21 16:45,22.956
2018-03-21 17:00,22.984
2018-03-21 17:15,22.927
2018-03-21 17:30,22.869
2018-03-21 17:45,22.812
2018-03-21 18:00,22.754
2018-03-21 18:15,22.684
2018-03-21 18:30,22.616
2018-03-21 18:45,22.546
2018-03-21 19:00,22.477
2018-03-21 19:15,21.904
2018-03-21 19:30,21.331
2018-03-21 19:45,20.758
2018-03-21 20:00,20.184
2018-03-21 20:15,19.741
2018-03-21 20:30,19.296
2018-03-21 20:45,18.852
2018-03-21 21:00,18.408
2018-03-21 21:15,18.187
2018-03-21 21:30,17.966
2018-03-21 21:45,17.744
2018-03-21 22:00,17.523
2018-03-21 22:15,17.406
2018-03-21 22:30,17.288
2018-03-21 22:45,17.171
2018-03-21 23:00,17.054
2018-03-21 23:15,16.984
2018-03-21 23:30,16.916
2018-03-21 23:45,16.846
2018-03-22 00:00,16.777
2018-03-22 00:15,16.594
2018-03-22 00:30,16.412
2018-03-22 00:45,16.229
2018-03-22 01:00,16.046
2018-03-22 01:15,15.938
2018-03-22 01:30,15.831
2018-03-22 01:45,15.723
2018-03-22 02:00,15.616
2018-03-22 02:15,15.296
2018-03-22 02:30,14.977
2018-03-22 02:45,14.658
2018-03-22 03:00,14.338
2018-03-22 03:15,14.262
2018-03-22 03:30,14.184
2018-03-22 03:45,14.108
2018-03-22 04:00,14.031
2018-03-22 04:15,13.875
2018-03-22 04:30,13.719
2018-03-22 04:45,13.563
2018-03-22 05:00,13.408
2018-03-22 05:15,13.233
2018-03-22 05:30,13.058
2018-03-22 05:45,12.883
2018-03-22 06:00,12.708
2018-03-22 06:15,12.534
2018-03-22 06:30,12.362
2018-03-22 06:45,12.188
2018-03-22 07:00,12.016
2018-03-22 07:15,12.006
2018-03-22 07:30,11.996
2018-03-22 07:45,11.987
2018-03-22 08:00,11.977
2018-03-22 08:15,12.192
2018-03-22 08:30,12.408
2018-03-22 08:45,12.623
2018-03-22 09:00,12.838
2018-03-22 09:15,13.654
2018-03-22 09:30,14.469
2018-03-22 09:45,15.284
2018-03-22 10:00,16.1
2018-03-22 10:15,16.971
2018-03-22 10:30,17.842
2018-03-22 10:45,18.713
2018-03-22 11:00,19.584
2018-03-22 11:15,20.173
2018-03-22 11:30,20.762
2018-03-22 11:45,21.35
2018-03-22 12:00,21.938
2018-03-22 12:15,22.366
2018-03-22 12:30,22.792
2018-03-22 12:45,23.219
2018-03-22 13:00,23.646
2018-03-22 13:15,23.977
2018-03-22 13:30,24.308
2018-03-22 13:45,24.638
2018-03-22 14:00,24.969
2018-03-22 14:15,25.229
2018-03-22 14:30,25.488
2018-03-22 14:45,25.748
2018-03-22 15:00,26.008
2018-03-22 15:15,26.008
2018-03-22 15:30,26.008
2018-03-22 15:45,26.008
2018-03-22 16:00,26.008
2018-03-22 16:15,26.231
2018-03-22 16:30,26.454
2018-03-22 16:45,26.677
2018-03-22 17:00,26.9
2018-03-22 17:15,26.812
2018-03-22 17:30,26.723
2018-03-22 17:45,26.634
2018-03-22 18:00,26.546
2018-03-22 18:15,26.352
2018-03-22 18:30,26.158
2018-03-22 18:45,25.963
2018-03-22 19:00,25.769
2018-03-22 19:15,25.488
2018-03-22 19:30,25.208
2018-03-22 19:45,24.927
2018-03-22 20:00,24.646
2018-03-22 20:15,24.346
2018-03-22 20:30,24.046
2018-03-22 20:45,23.746
2018-03-22 21:00,23.446
2018-03-22 21:15,23.175
2018-03-22 21:30,22.904
2018-03-22 21:45,22.633
2018-03-22 22:00,22.362
2018-03-22 22:15,22.052
2018-03-22 22:30,21.742
2018-03-22 22:45,21.433
2018-03-22 23:00,21.123
2018-03-22 23:15,21.094
2018-03-22 23:30,21.066
2018-03-22 23:45,21.037
2018-03-23 00:00,21.008
2018-03-23 00:15,20.821
2018-03-23 00:30,20.634
2018-03-23 00:45,20.448
2018-03-23 01:00,20.262
2018-03-23 01:15,19.906
2018-03-23 01:30,19.55
2018-03-23 01:45,19.194
2018-03-23 02:00,18.838
2018-03-23 02:15,18.625
2018-03-23 02:30,18.412
2018-03-23 02:45,18.198
2018-03-23 03:00,17.984
2018-03-23 03:15,17.963
2018-03-23 03:30,17.942
2018-03-23 03:45,17.921
2018-03-23 04:00,17.9
2018-03-23 04:15,17.902
2018-03-23 04:30,17.904
2018-03-23 04:45,17.906
2018-03-23 05:00,17.908
2018-03-23 05:15,17.684
2018-03-23 05:30,17.462
2018-03-23 05:45,17.238
2018-03-23 06:00,17.016
2018-03-23 06:15,17.016
2018-03-23 06:30,17.016
2018-03-23 06:45,17.016
2018-03-23 07:00,17.016
2018-03-23 07:15,17.219
2018-03-23 07:30,17.423
2018-03-23 07:45,17.627
2018-03-23 08:00,17.831
2018-03-23 08:15,17.929
2018-03-23 08:30,18.027
2018-03-23 08:45,18.125
2018-03-23 09:00,18.223
2018-03-23 09:15,18.425
2018-03-23 09:30,18.627
2018-03-23 09:45,18.829
2018-03-23 10:00,19.031
2018-03-23 10:15,19.266
2018-03-23 10:30,19.5
2018-03-23 10:45,19.734
2018-03-23 11:00,19.969
2018-03-23 11:15,20.209
2018-03-23 11:30,20.45
2018-03-23 11:45,20.691
2018-03-23 12:00,20.931
2018-03-23 12:15,21.202
2018-03-23 12:30,21.473
2018-03-23 12:45,21.744
2018-03-23 13:00,22.016
2018-03-23 13:15,22.337
2018-03-23 13:30,22.658
2018-03-23 13:45,22.979
2018-03-23 14:00,23.3
2018-03-23 14:15,23.473
2018-03-23 14:30,23.646
2018-03-23 14:45,23.819
2018-03-23 15:00,23.992
2018-03-23 15:15,23.971
2018-03-23 15:30,23.951
2018-03-23 15:45,23.929
2018-03-23 16:00,23.908
2018-03-23 16:15,23.934
2018-03-23 16:30,23.961
2018-03-23 16:45,23.987
2018-03-23 17:00,24.013
2018-03-23 17:15,24.298
2018-03-23 17:30,24.583
2018-03-23 17:45,24.869
2018-03-23 18:00,25.154
2018-03-23 18:15,25.084
2018-03-23 18:30,25.016
2018-03-23 18:45,24.946
2018-03-23 19:00,24.877
2018-03-23 19:15,24.656
2018-03-23 19:30,24.434
2018-03-23 19:45,24.213
2018-03-23 20:00,23.992
2018-03-23 20:15,23.992
2018-03-23 20:30,23.992
2018-03-23 20:45,23.992
2018-03-23 21:00,23.992
2018-03-23 21:15,23.992
2018-03-23 21:30,23.992
2018-03-23 21:45,23.992
2018-03-23 22:00,23.992
2018-03-23 22:15,23.798
2018-03-23 22:30,23.604
2018-03-23 22:45,23.409
2018-03-23 23:00,23.216
2018-03-23 23:15,23.069
2018-03-23 23:30,22.923
2018-03-23 23:45,22.777
2018-03-24 00:00,22.631
2018-03-24 00:15,22.448
2018-03-24 00:30,22.266
2018-03-24 00:45,22.083
2018-03-24 01:00,21.9
2018-03-24 01:15,21.667
2018-03-24 01:30,21.434
2018-03-24 01:45,21.202
2018-03-24 02:00,20.969
2018-03-24 02:15,20.842
2018-03-24 02:30,20.716
2018-03-24 02:45,20.588
2018-03-24 03:00,20.462
2018-03-24 03:15,20.2
2018-03-24 03:30,19.938
2018-03-24 03:45,19.677
2018-03-24 04:00,19.416
2018-03-24 04:15,19.319
2018-03-24 04:30,19.223
2018-03-24 04:45,19.127
2018-03-24 05:00,19.031
2018-03-24 05:15,19.021
2018-03-24 05:30,19.012
2018-03-24 05:45,19.002
2018-03-24 06:00,18.992
2018-03-24 06:15,18.992
2018-03-24 06:30,18.992
2018-03-24 06:45,18.992
2018-03-24 07:00,18.992
2018-03-24 07:15,18.904
2018-03-24 07:30,18.816
2018-03-24 07:45,18.727
2018-03-24 08:00,18.638
2018-03-24 08:15,18.856
2018-03-24 08:30,19.073
2018-03-24 08:45,19.291
2018-03-24 09:00,19.508
2018-03-24 09:15,20.031
2018-03-24 09:30,20.554
2018-03-24 09:45,21.077
2018-03-24 10:00,21.6
2018-03-24 10:15,22.327
2018-03-24 10:30,23.054
2018-03-24 10:45,23.781
2018-03-24 11:00,24.508
2018-03-24 11:15,24.941
2018-03-24 11:30,25.373
2018-03-24 11:45,25.806
2018-03-24 12:00,26.238
2018-03-24 12:15,26.512
2018-03-24 12:30,26.784
2018-03-24 12:45,27.058
2018-03-24 13:00,27.331
2018-03-24 13:15,27.631
2018-03-24 13:30,27.931
2018-03-24 13:45,28.231
2018-03-24 14:00,28.531
2018-03-24 14:15,28.694
2018-03-24 14:30,28.858
2018-03-24 14:45,29.021
2018-03-24 15:00,29.184
2018-03-24 15:15,29.434
2018-03-24 15:30,29.684
2018-03-24 15:45,29.934
2018-03-24 16:00,30.184
2018-03-24 16:15,30.312
2018-03-24 16:30,30.438
2018-03-24 16:45,30.566
2018-03-24 17:00,30.692
2018-03-24 17:15,30.392
2018-03-24 17:30,30.092
2018-03-24 17:45,29.792
2018-03-24 18:00,29.492
2018-03-24 18:15,29.163
2018-03-24 18:30,28.834
2018-03-24 18:45,28.506
2018-03-24 19:00,28.177
2018-03-24 19:15,27.906
2018-03-24 19:30,27.634
2018-03-24 19:45,27.363
2018-03-24 20:00,27.092
2018-03-24 20:15,26.8
2018-03-24 20:30,26.508
2018-03-24 20:45,26.216
2018-03-24 21:00,25.923
2018-03-24 21:15,25.117
2018-03-24 21:30,24.312
2018-03-24 21:45,23.506
2018-03-24 22:00,22.7
2018-03-24 22:15,22.148
2018-03-24 22:30,21.596
2018-03-24 22:45,21.044
2018-03-24 23:00,20.492
2018-03-24 23:15,20.216
2018-03-24 23:30,19.938
2018-03-24 23:45,19.662
2018-03-25 00:00,19.384
2018-03-25 00:15,19.191
2018-03-25 00:30,18.996
2018-03-25 00:45,18.802
2018-03-25 01:00,18.608
2018-03-25 01:15,18.627
2018-03-25 01:30,18.646
2018-03-25 01:45,18.666
2018-03-25 02:00,18.684
2018-03-25 02:15,18.821
2018-03-25 02:30,18.958
2018-03-25 02:45,19.094
2018-03-25 03:00,19.231
2018-03-25 03:15,19.171
2018-03-25 03:30,19.112
2018-03-25 03:45,19.052
2018-03-25 04:00,18.992
2018-03-25 04:15,18.866
2018-03-25 04:30,18.738
2018-03-25 04:45,18.612
2018-03-25 05:00,18.484
2018-03-25 05:15,18.417
2018-03-25 05:30,18.35
2018-03-25 05:45,18.283
2018-03-25 06:00,18.216
2018-03-25 06:15,18.129
2018-03-25 06:30,18.042
2018-03-25 06:45,17.956
2018-03-25 07:00,17.869
2018-03-25 07:15,17.996
2018-03-25 07:30,18.123
2018-03-25 07:45,18.25
2018-03-25 08:00,18.377
2018-03-25 08:15,18.552
2018-03-25 08:30,18.727
2018-03-25 08:45,18.902
2018-03-25 09:00,19.077
2018-03-25 09:15,19.483
2018-03-25 09:30,19.888
2018-03-25 09:45,20.294
2018-03-25 10:00,20.7
2018-03-25 10:15,21.147
2018-03-25 10:30,21.593
2018-03-25 10:45,22.04
2018-03-25 11:00,22.487
2018-03-25 11:15,22.853
2018-03-25 11:30,23.22
2018-03-25 11:45,23.587
2018-03-25 12:00,23.954
2018-03-25 12:15,24.471
2018-03-25 12:30,24.988
2018-03-25 12:45,25.504
2018-03-25 13:00,26.022
2018-03-25 13:15,26.289
2018-03-25 13:30,26.557
2018-03-25 13:45,26.824
2018-03-25 14:00,27.092
2018-03-25 14:15,26.948
2018-03-25 14:30,26.804
2018-03-25 14:45,26.659
2018-03-25 15:00,26.516
2018-03-25 15:15,26.372
2018-03-25 15:30,26.229
2018-03-25 15:45,26.086
2018-03-25 16:00,25.943
2018-03-25 16:15,26.009
2018-03-25 16:30,26.075
2018-03-25 16:45,26.142
2018-03-25 17:00,26.208
2018-03-25 17:15,26.263
2018-03-25 17:30,26.319
2018-03-25 17:45,26.375
2018-03-25 18:00,26.431
2018-03-25 18:15,26.188
2018-03-25 18:30,25.946
2018-03-25 18:45,25.704
2018-03-25 19:00,25.462
2018-03-25 19:15,25.162
2018-03-25 19:30,24.862
2018-03-25 19:45,24.562
2018-03-25 20:00,24.262
2018-03-25 20:15,24.194
2018-03-25 20:30,24.127
2018-03-25 20:45,24.059
2018-03-25 21:00,23.992
2018-03-25 21:15,23.973
2018-03-25 21:30,23.954
2018-03-25 21:45,23.934
2018-03-25 22:00,23.916
2018-03-25 22:15,23.692
2018-03-25 22:30,23.469
2018-03-25 22:45,23.246
2018-03-25 23:00,23.023
2018-03-25 23:15,23.023
2018-03-25 23:30,23.023
2018-03-25 23:45,23.023
2018-03-26 00:00,23.023
2018-03-26 00:15,23.013
2018-03-26 00:30,23.004
2018-03-26 00:45,22.994
2018-03-26 01:00,22.984
2018-03-26 01:15,22.984
2018-03-26 01:30,22.984
2018-03-26 01:45,22.984
2018-03-26 02:00,22.984
2018-03-26 02:15,22.927
2018-03-26 02:30,22.869
2018-03-26 02:45,22.812
2018-03-26 03:00,22.754
2018-03-26 03:15,22.433
2018-03-26 03:30,22.112
2018-03-26 03:45,21.791
2018-03-26 04:00,21.469
2018-03-26 04:15,21.356
2018-03-26 04:30,21.242
2018-03-26 04:45,21.128
2018-03-26 05:00,21.014
2018-03-26 05:15,21.013
2018-03-26 05:30,21.011
2018-03-26 05:45,21.009
2018-03-26 06:00,21.008
2018-03-26 06:15,21.046
2018-03-26 06:30,21.084
2018-03-26 06:45,21.123
2018-03-26 07:00,21.162
2018-03-26 07:15,21.123
2018-03-26 07:30,21.084
2018-03-26 07:45,21.046
2018-03-26 08:00,21.008
2018-03-26 08:15,21.008
2018-03-26 08:30,21.008
2018-03-26 08:45,21.008
2018-03-26 09:00,21.008
2018-03-26 09:15,21.183
2018-03-26 09:30,21.358
2018-03-26 09:45,21.533
2018-03-26 10:00,21.708
2018-03-26 10:15,22.029
2018-03-26 10:30,22.35
2018-03-26 10:45,22.671
2018-03-26 11:00,22.992
2018-03-26 11:15,23.321
2018-03-26 11:30,23.65
2018-03-26 11:45,23.979
2018-03-26 12:00,24.308
2018-03-26 12:15,24.881
2018-03-26 12:30,25.454
2018-03-26 12:45,26.027
2018-03-26 13:00,26.6
2018-03-26 13:15,26.956
2018-03-26 13:30,27.312
2018-03-26 13:45,27.667
2018-03-26 14:00,28.023
2018-03-26 14:15,28.217
2018-03-26 14:30,28.412
2018-03-26 14:45,28.606
2018-03-26 15:00,28.8
2018-03-26 15:15,29.138
2018-03-26 15:30,29.477
2018-03-26 15:45,29.816
2018-03-26 16:00,30.154
2018-03-26 16:15,30.212
2018-03-26 16:30,30.269
2018-03-26 16:45,30.327
2018-03-26 17:00,30.384
2018-03-26 17:15,30.181
2018-03-26 17:30,29.977
2018-03-26 17:45,29.773
2018-03-26 18:00,29.569
2018-03-26 18:15,29.337
2018-03-26 18:30,29.104
2018-03-26 18:45,28.871
2018-03-26 19:00,28.638
2018-03-26 19:15,28.444
2018-03-26 19:30,28.25
2018-03-26 19:45,28.056
2018-03-26 20:00,27.862
2018-03-26 20:15,27.641
2018-03-26 20:30,27.419
2018-03-26 20:45,27.198
2018-03-26 21:00,26.977
2018-03-26 21:15,26.783
2018-03-26 21:30,26.588
2018-03-26 21:45,26.394
2018-03-26 22:00,26.2
2018-03-26 22:15,26.016
2018-03-26 22:30,25.831
2018-03-26 22:45,25.646
2018-03-26 23:00,25.462
2018-03-26 23:15,25.063
2018-03-26 23:30,24.666
2018-03-26 23:45,24.267
2018-03-27 00:00,23.869
2018-03-27 00:15,23.667
2018-03-27 00:30,23.466
2018-03-27 00:45,23.263
2018-03-27 01:00,23.062
2018-03-27 01:15,23.042
2018-03-27 01:30,23.023
2018-03-27 01:45,23.004
2018-03-27 02:00,22.984
2018-03-27 02:15,22.984
2018-03-27 02:30,22.984
2018-03-27 02:45,22.984
2018-03-27 03:00,22.984
2018-03-27 03:15,22.984
2018-03-27 03:30,22.984
2018-03-27 03:45,22.984
2018-03-27 04:00,22.984
2018-03-27 04:15,22.916
2018-03-27 04:30,22.846
2018-03-27 04:45,22.777
2018-03-27 05:00,22.708
2018-03-27 05:15,22.623
2018-03-27 05:30,22.538
2018-03-27 05:45,22.454
2018-03-27 06:00,22.369
2018-03-27 06:15,22.465
2018-03-27 06:30,22.561
2018-03-27 06:45,22.657
2018-03-27 07:00,22.753
2018-03-27 07:15,21.827
2018-03-27 07:30,20.9
2018-03-27 07:45,19.973
2018-03-27 08:00,19.047
2018-03-27 08:15,19.033
2018-03-27 08:30,19.019
2018-03-27 08:45,19.006
2018-03-27 09:00,18.992
2018-03-27 09:15,18.989
2018-03-27 09:30,18.986
2018-03-27 09:45,18.983
2018-03-27 10:00,18.98
2018-03-27 10:15,18.98
2018-03-27 10:30,18.98
2018-03-27 10:45,18.98
2018-03-27 11:00,18.98
2018-03-27 11:15,18.877
2018-03-27 11:30,18.773
2018-03-27 11:45,18.67
2018-03-27 12:00,18.567
2018-03-27 12:15,18.558
2018-03-27 12:30,18.549
2018-03-27 12:45,18.54
2018-03-27 13:00,18.531
2018-03-27 13:15,18.579
2018-03-27 13:30,18.627
2018-03-27 13:45,18.676
2018-03-27 14:00,18.723
2018-03-27 14:15,18.789
2018-03-27 14:30,18.854
2018-03-27 14:45,18.92
2018-03-27 15:00,18.986
2018-03-27 15:15,18.986
2018-03-27 15:30,18.986
2018-03-27 15:45,18.987
2018-03-27 16:00,18.987
2018-03-27 16:15,18.984
2018-03-27 16:30,18.981
2018-03-27 16:45,18.978
2018-03-27 17:00,18.975
2018-03-27 17:15,18.921
2018-03-27 17:30,18.866
2018-03-27 17:45,18.811
2018-03-27 18:00,18.756
2018-03-27 18:15,18.46
2018-03-27 18:30,18.164
2018-03-27 18:45,17.868
2018-03-27 19:00,17.572
2018-03-27 19:15,17.426
2018-03-27 19:30,17.279
2018-03-27 19:45,17.133
2018-03-27 20:00,16.987
2018-03-27 20:15,16.998
2018-03-27 20:30,17.008
2018-03-27 20:45,17.018
2018-03-27 21:00,17.028
2018-03-27 21:15,17.007
2018-03-27 21:30,16.984
2018-03-27 21:45,16.962
2018-03-27 22:00,16.94
2018-03-27 22:15,16.741
2018-03-27 22:30,16.542
2018-03-27 22:45,16.343
2018-03-27 23:00,16.144
2018-03-27 23:15,16.097
2018-03-27 23:30,16.05
2018-03-27 23:45,16.003
2018-03-28 00:00,15.956
2018-03-28 00:15,15.964
2018-03-28 00:30,15.971
2018-03-28 00:45,15.978
2018-03-28 01:00,15.986
2018-03-28 01:15,15.975
2018-03-28 01:30,15.964
2018-03-28 01:45,15.953
2018-03-28 02:00,15.943
2018-03-28 02:15,15.943
2018-03-28 02:30,15.943
2018-03-28 02:45,15.943
2018-03-28 03:00,15.943
2018-03-28 03:15,15.937
2018-03-28 03:30,15.932
2018-03-28 03:45,15.926
2018-03-28 04:00,15.92
2018-03-28 04:15,15.932
2018-03-28 04:30,15.943
2018-03-28 04:45,15.955
2018-03-28 05:00,15.967
2018-03-28 05:15,15.967
2018-03-28 05:30,15.968
2018-03-28 05:45,15.968
2018-03-28 06:00,15.969
2018-03-28 06:15,15.969
2018-03-28 06:30,15.969
2018-03-28 06:45,15.969
2018-03-28 07:00,15.969
2018-03-28 07:15,15.881
2018-03-28 07:30,15.792
2018-03-28 07:45,15.704
2018-03-28 08:00,15.616
2018-03-28 08:15,15.423
2018-03-28 08:30,15.231
2018-03-28 08:45,15.038
2018-03-28 09:00,14.846
2018-03-28 09:15,15.129
2018-03-28 09:30,15.412
2018-03-28 09:45,15.696
2018-03-28 10:00,15.978
2018-03-28 10:15,16.134
2018-03-28 10:30,16.289
2018-03-28 10:45,16.444
2018-03-28 11:00,16.6
2018-03-28 11:15,16.677
2018-03-28 11:30,16.753
2018-03-28 11:45,16.83
2018-03-28 12:00,16.907
2018-03-28 12:15,17.236
2018-03-28 12:30,17.564
2018-03-28 12:45,17.893
2018-03-28 13:00,18.222
2018-03-28 13:15,18.318
2018-03-28 13:30,18.414
2018-03-28 13:45,18.511
2018-03-28 14:00,18.608
2018-03-28 14:15,18.606
2018-03-28 14:30,18.604
2018-03-28 14:45,18.602
2018-03-28 15:00,18.6
2018-03-28 15:15,18.456
2018-03-28 15:30,18.312
2018-03-28 15:45,18.167
2018-03-28 16:00,18.023
2018-03-28 16:15,17.172
2018-03-28 16:30,16.322
2018-03-28 16:45,15.471
2018-03-28 17:00,14.62
2018-03-28 17:15,14.463
2018-03-28 17:30,14.306
2018-03-28 17:45,14.149
2018-03-28 18:00,13.992
2018-03-28 18:15,14.002
2018-03-28 18:30,14.012
2018-03-28 18:45,14.021
2018-03-28 19:00,14.031
2018-03-28 19:15,14.031
2018-03-28 19:30,14.031
2018-03-28 19:45,14.031
2018-03-28 20:00,14.031
2018-03-28 20:15,14.04
2018-03-28 20:30,14.05
2018-03-28 20:45,14.059
2018-03-28 21:00,14.069
2018-03-28 21:15,14.049
2018-03-28 21:30,14.031
2018-03-28 21:45,14.012
2018-03-28 22:00,13.992
2018-03-28 22:15,13.779
2018-03-28 22:30,13.566
2018-03-28 22:45,13.352
2018-03-28 23:00,13.138
2018-03-28 23:15,13.1
2018-03-28 23:30,13.062
2018-03-28 23:45,13.023
2018-03-29 00:00,12.984
2018-03-29 00:15,12.888
2018-03-29 00:30,12.792
2018-03-29 00:45,12.696
2018-03-29 01:00,12.6
2018-03-29 01:15,12.658
2018-03-29 01:30,12.716
2018-03-29 01:45,12.773
2018-03-29 02:00,12.831
2018-03-29 02:15,12.73
2018-03-29 02:30,12.629
2018-03-29 02:45,12.529
2018-03-29 03:00,12.428
2018-03-29 03:15,12.386
2018-03-29 03:30,12.343
2018-03-29 03:45,12.3
2018-03-29 04:00,12.257
2018-03-29 04:15,12.362
2018-03-29 04:30,12.467
2018-03-29 04:45,12.572
2018-03-29 05:00,12.677
2018-03-29 05:15,12.515
2018-03-29 05:30,12.353
2018-03-29 05:45,12.191
2018-03-29 06:00,12.028
2018-03-29 06:15,12.016
2018-03-29 06:30,12.003
2018-03-29 06:45,11.99
2018-03-29 07:00,11.977
2018-03-29 07:15,11.977
2018-03-29 07:30,11.977
2018-03-29 07:45,11.977
2018-03-29 08:00,11.977
2018-03-29 08:15,12.008
2018-03-29 08:30,12.038
2018-03-29 08:45,12.069
2018-03-29 09:00,12.1
2018-03-29 09:15,12.313
2018-03-29 09:30,12.525
2018-03-29 09:45,12.737
2018-03-29 10:00,12.95
2018-03-29 10:15,13.206
2018-03-29 10:30,13.463
2018-03-29 10:45,13.719
2018-03-29 11:00,13.975
2018-03-29 11:15,14.892
2018-03-29 11:30,15.809
2018-03-29 11:45,16.726
2018-03-29 12:00,17.643
2018-03-29 12:15,18.282
2018-03-29 12:30,18.922
2018-03-29 12:45,19.561
2018-03-29 13:00,20.2
2018-03-29 13:15,20.441
2018-03-29 13:30,20.681
2018-03-29 13:45,20.921
2018-03-29 14:00,21.162
2018-03-29 14:15,21.277
2018-03-29 14:30,21.392
2018-03-29 14:45,21.508
2018-03-29 15:00,21.623
2018-03-29 15:15,21.875
2018-03-29 15:30,22.127
2018-03-29 15:45,22.379
2018-03-29 16:00,22.631
2018-03-29 16:15,22.592
2018-03-29 16:30,22.554
2018-03-29 16:45,22.516
2018-03-29 17:00,22.477
2018-03-29 17:15,22.234
2018-03-29 17:30,21.992
2018-03-29 17:45,21.75
2018-03-29 18:00,21.508
2018-03-29 18:15,21.284
2018-03-29 18:30,21.062
2018-03-29 18:45,20.838
2018-03-29 19:00,20.616
2018-03-29 19:15,20.073
2018-03-29 19:30,19.531
2018-03-29 19:45,18.988
2018-03-29 20:00,18.446
2018-03-29 20:15,17.962
2018-03-29 20:30,17.477
2018-03-29 20:45,16.992
2018-03-29 21:00,16.508
2018-03-29 21:15,16.119
2018-03-29 21:30,15.731
2018-03-29 21:45,15.342
2018-03-29 22:00,14.954
2018-03-29 22:15,14.916
2018-03-29 22:30,14.877
2018-03-29 22:45,14.838
2018-03-29 23:00,14.8
2018-03-29 23:15,14.598
2018-03-29 23:30,14.396
2018-03-29 23:45,14.194
2018-03-30 00:00,13.992
2018-03-30 00:15,13.798
2018-03-30 00:30,13.604
2018-03-30 00:45,13.409
2018-03-30 01:00,13.216
2018-03-30 01:15,13.158
2018-03-30 01:30,13.1
2018-03-30 01:45,13.042
2018-03-30 02:00,12.984
2018-03-30 02:15,12.625
2018-03-30 02:30,12.266
2018-03-30 02:45,11.906
2018-03-30 03:00,11.546
2018-03-30 03:15,11.363
2018-03-30 03:30,11.181
2018-03-30 03:45,10.998
2018-03-30 04:00,10.816
2018-03-30 04:15,10.631
2018-03-30 04:30,10.446
2018-03-30 04:45,10.262
2018-03-30 05:00,10.077
2018-03-30 05:15,9.962
2018-03-30 05:30,9.846
2018-03-30 05:45,9.731
2018-03-30 06:00,9.616
2018-03-30 06:15,9.623
2018-03-30 06:30,9.631
2018-03-30 06:45,9.638
2018-03-30 07:00,9.646
2018-03-30 07:15,9.492
2018-03-30 07:30,9.338
2018-03-30 07:45,9.184
2018-03-30 08:00,9.031
2018-03-30 08:15,9.391
2018-03-30 08:30,9.75
2018-03-30 08:45,10.109
2018-03-30 09:00,10.469
2018-03-30 09:15,10.992
2018-03-30 09:30,11.516
2018-03-30 09:45,12.038
2018-03-30 10:00,12.562
2018-03-30 10:15,13.125
2018-03-30 10:30,13.688
2018-03-30 10:45,14.252
2018-03-30 11:00,14.816
2018-03-30 11:15,15.348
2018-03-30 11:30,15.881
2018-03-30 11:45,16.413
2018-03-30 12:00,16.946
2018-03-30 12:15,17.421
2018-03-30 12:30,17.896
2018-03-30 12:45,18.371
2018-03-30 13:00,18.846
2018-03-30 13:15,19.184
2018-03-30 13:30,19.523
2018-03-30 13:45,19.862
2018-03-30 14:00,20.2
2018-03-30 14:15,20.392
2018-03-30 14:30,20.584
2018-03-30 14:45,20.777
2018-03-30 15:00,20.969
2018-03-30 15:15,21.133
2018-03-30 15:30,21.296
2018-03-30 15:45,21.459
2018-03-30 16:00,21.623
2018-03-30 16:15,21.712
2018-03-30 16:30,21.8
2018-03-30 16:45,21.888
2018-03-30 17:00,21.977
2018-03-30 17:15,21.987
2018-03-30 17:30,21.996
2018-03-30 17:45,22.006
2018-03-30 18:00,22.016
2018-03-30 18:15,21.917
2018-03-30 18:30,21.819
2018-03-30 18:45,21.721
2018-03-30 19:00,21.623
2018-03-30 19:15,21.313
2018-03-30 19:30,21.004
2018-03-30 19:45,20.694
2018-03-30 20:00,20.384
2018-03-30 20:15,19.85
2018-03-30 20:30,19.316
2018-03-30 20:45,18.781
2018-03-30 21:00,18.246
2018-03-30 21:15,17.888
2018-03-30 21:30,17.531
2018-03-30 21:45,17.173
2018-03-30 22:00,16.816
2018-03-30 22:15,16.527
2018-03-30 22:30,16.238
2018-03-30 22:45,15.95
2018-03-30 23:00,15.662
2018-03-30 23:15,15.273
2018-03-30 23:30,14.884
2018-03-30 23:45,14.496
2018-03-31 00:00,14.108
2018-03-31 00:15,14.166
2018-03-31 00:30,14.223
2018-03-31 00:45,14.281
2018-03-31 01:00,14.338
2018-03-31 01:15,14.358
2018-03-31 01:30,14.377
2018-03-31 01:45,14.396
2018-03-31 02:00,14.416
2018-03-31 02:15,14.038
2018-03-31 02:30,13.662
2018-03-31 02:45,13.284
2018-03-31 03:00,12.908
2018-03-31 03:15,12.956
2018-03-31 03:30,13.004
2018-03-31 03:45,13.052
2018-03-31 04:00,13.1
2018-03-31 04:15,13.081
2018-03-31 04:30,13.062
2018-03-31 04:45,13.042
2018-03-31 05:00,13.023
2018-03-31 05:15,13.217
2018-03-31 05:30,13.412
2018-03-31 05:45,13.606
2018-03-31 06:00,13.8
2018-03-31 06:15,14.246
2018-03-31 06:30,14.692
2018-03-31 06:45,15.138
2018-03-31 07:00,15.584
2018-03-31 07:15,15.623
2018-03-31 07:30,15.662
2018-03-31 07:45,15.7
2018-03-31 08:00,15.738
2018-03-31 08:15,16.088
2018-03-31 08:30,16.438
2018-03-31 08:45,16.788
2018-03-31 09:00,17.138
2018-03-31 09:15,17.584
2018-03-31 09:30,18.031
2018-03-31 09:45,18.477
2018-03-31 10:00,18.923
2018-03-31 10:15,19.367
2018-03-31 10:30,19.812
2018-03-31 10:45,20.256
2018-03-31 11:00,20.7
2018-03-31 11:15,21.156
2018-03-31 11:30,21.612
2018-03-31 11:45,22.067
2018-03-31 12:00,22.523
2018-03-31 12:15,22.744
2018-03-31 12:30,22.966
2018-03-31 12:45,23.187
2018-03-31 13:00,23.408
2018-03-31 13:15,23.517
2018-03-31 13:30,23.627
2018-03-31 13:45,23.737
2018-03-31 14:00,23.846
2018-03-31 14:15,24.367
2018-03-31 14:30,24.888
2018-03-31 14:45,25.409
2018-03-31 15:00,25.931
2018-03-31 15:15,26.154
2018-03-31 15:30,26.377
2018-03-31 15:45,26.6
2018-03-31 16:00,26.823
2018-03-31 16:15,26.862
2018-03-31 16:30,26.9
2018-03-31 16:45,26.938
2018-03-31 17:00,26.977
2018-03-31 17:15,26.85
2018-03-31 17:30,26.723
2018-03-31 17:45,26.596
2018-03-31 18:00,26.469
2018-03-31 18:15,26.313
2018-03-31 18:30,26.158
2018-03-31 18:45,26.002
2018-03-31 19:00,25.846
2018-03-31 19:15,25.441
2018-03-31 19:30,25.034
2018-03-31 19:45,24.629
2018-03-31 20:00,24.223
2018-03-31 20:15,23.971
2018-03-31 20:30,23.719
2018-03-31 20:45,23.467
2018-03-31 21:00,23.216
2018-03-31 21:15,23.012
2018-03-31 21:30,22.808
2018-03-31 21:45,22.604
2018-03-31 22:00,22.4
2018-03-31 22:15,22.293
2018-03-31 22:30,22.186
2018-03-31 22:45,22.079
2018-03-31 23:00,21.973
2018-03-31 23:15,21.789
2018-03-31 23:30,21.606
2018-03-31 23:45,21.422
2018-04-01 00:00,21.238
2018-04-01 00:15,21.171
2018-04-01 00:30,21.104
2018-04-01 00:45,21.037
2018-04-01 01:00,20.969
2018-04-01 01:15,20.842
2018-04-01 01:30,20.716
2018-04-01 01:45,20.588
2018-04-01 02:00,20.462
2018-04-01 02:15,20.2
2018-04-01 02:30,19.938
2018-04-01 02:45,19.677
2018-04-01 03:00,19.416
2018-04-01 03:15,19.308
2018-04-01 03:30,19.201
2018-04-01 03:45,19.093
2018-04-01 04:00,18.986
2018-04-01 04:15,18.841
2018-04-01 04:30,18.697
2018-04-01 04:45,18.552
2018-04-01 05:00,18.408
2018-04-01 05:15,18.312
2018-04-01 05:30,18.216
2018-04-01 05:45,18.119
2018-04-01 06:00,18.023
2018-04-01 06:15,18.112
2018-04-01 06:30,18.2
2018-04-01 06:45,18.288
2018-04-01 07:00,18.377
2018-04-01 07:15,18.288
2018-04-01 07:30,18.2
2018-04-01 07:45,18.112
2018-04-01 08:00,18.023
2018-04-01 08:15,18.275
2018-04-01 08:30,18.527
2018-04-01 08:45,18.779
2018-04-01 09:00,19.031
2018-04-01 09:15,19.177
2018-04-01 09:30,19.323
2018-04-01 09:45,19.469
2018-04-01 10:00,19.616
2018-04-01 10:15,19.858
2018-04-01 10:30,20.1
2018-04-01 10:45,20.342
2018-04-01 11:00,20.584
2018-04-01 11:15,20.709
2018-04-01 11:30,20.834
2018-04-01 11:45,20.959
2018-04-01 12:00,21.084
2018-04-01 12:15,21.25
2018-04-01 12:30,21.416
2018-04-01 12:45,21.581
2018-04-01 13:00,21.746
2018-04-01 13:15,21.95
2018-04-01 13:30,22.154
2018-04-01 13:45,22.358
2018-04-01 14:00,22.562
2018-04-01 14:15,22.484
2018-04-01 14:30,22.406
2018-04-01 14:45,22.328
2018-04-01 15:00,22.25
2018-04-01 15:15,21.831
2018-04-01 15:30,21.411
2018-04-01 15:45,20.991
2018-04-01 16:00,20.572
2018-04-01 16:15,19.7
2018-04-01 16:30,18.828
2018-04-01 16:45,17.956
2018-04-01 17:00,17.084
2018-04-01 17:15,16.635
2018-04-01 17:30,16.185
2018-04-01 17:45,15.736
2018-04-01 18:00,15.286
2018-04-01 18:15,14.689
2018-04-01 18:30,14.093
2018-04-01 18:45,13.497
2018-04-01 19:00,12.9
2018-04-01 19:15,12.329
2018-04-01 19:30,11.758
2018-04-01 19:45,11.187
2018-04-01 20:00,10.616
2018-04-01 20:15,10.209
2018-04-01 20:30,9.804
2018-04-01 20:45,9.398
2018-04-01 21:00,8.992
2018-04-01 21:15,8.88
2018-04-01 21:30,8.768
2018-04-01 21:45,8.655
2018-04-01 22:00,8.543
2018-04-01 22:15,8.403
2018-04-01 22:30,8.264
2018-04-01 22:45,8.124
2018-04-01 23:00,7.984
2018-04-01 23:15,7.984
2018-04-01 23:30,7.984
2018-04-01 23:45,7.984
2018-04-02 00:00,7.984
2018-04-02 00:15,7.896
2018-04-02 00:30,7.808
2018-04-02 00:45,7.719
2018-04-02 01:00,7.631
2018-04-02 01:15,7.48
2018-04-02 01:30,7.329
2018-04-02 01:45,7.179
2018-04-02 02:00,7.028
2018-04-02 02:15,7.019
2018-04-02 02:30,7.011
2018-04-02 02:45,7.002
2018-04-02 03:00,6.993
2018-04-02 03:15,6.989
2018-04-02 03:30,6.985
2018-04-02 03:45,6.981
2018-04-02 04:00,6.977
2018-04-02 04:15,6.972
2018-04-02 04:30,6.967
2018-04-02 04:45,6.962
2018-04-02 05:00,6.957
2018-04-02 05:15,6.939
2018-04-02 05:30,6.922
2018-04-02 05:45,6.903
2018-04-02 06:00,6.886
2018-04-02 06:15,6.666
2018-04-02 06:30,6.447
2018-04-02 06:45,6.227
2018-04-02 07:00,6.008
2018-04-02 07:15,5.998
2018-04-02 07:30,5.988
2018-04-02 07:45,5.979
2018-04-02 08:00,5.969
2018-04-02 08:15,5.898
2018-04-02 08:30,5.827
2018-04-02 08:45,5.757
2018-04-02 09:00,5.686
2018-04-02 09:15,5.779
2018-04-02 09:30,5.873
2018-04-02 09:45,5.967
2018-04-02 10:00,6.06
2018-04-02 10:15,6.288
2018-04-02 10:30,6.516
2018-04-02 10:45,6.744
2018-04-02 11:00,6.973
2018-04-02 11:15,6.983
2018-04-02 11:30,6.994
2018-04-02 11:45,7.004
2018-04-02 12:00,7.016
2018-04-02 12:15,7.219
2018-04-02 12:30,7.423
2018-04-02 12:45,7.627
2018-04-02 13:00,7.831
2018-04-02 13:15,7.898
2018-04-02 13:30,7.966
2018-04-02 13:45,8.033
2018-04-02 14:00,8.1
2018-04-02 14:15,8.331
2018-04-02 14:30,8.561
2018-04-02 14:45,8.791
2018-04-02 15:00,9.022
2018-04-02 15:15,9.182
2018-04-02 15:30,9.342
2018-04-02 15:45,9.502
2018-04-02 16:00,9.662
2018-04-02 16:15,10.0
2018-04-02 16:30,10.338
2018-04-02 16:45,10.676
2018-04-02 17:00,11.014
2018-04-02 17:15,11.353
2018-04-02 17:30,11.692
2018-04-02 17:45,12.031
2018-04-02 18:00,12.369
2018-04-02 18:15,12.702
2018-04-02 18:30,13.034
2018-04-02 18:45,13.367
2018-04-02 19:00,13.7
2018-04-02 19:15,13.783
2018-04-02 19:30,13.866
2018-04-02 19:45,13.948
2018-04-02 20:00,14.031
2018-04-02 20:15,14.031
2018-04-02 20:30,14.031
2018-04-02 20:45,14.031
2018-04-02 21:00,14.031
2018-04-02 21:15,14.021
2018-04-02 21:30,14.012
2018-04-02 21:45,14.002
2018-04-02 22:00,13.992
2018-04-02 22:15,13.877
2018-04-02 22:30,13.762
2018-04-02 22:45,13.646
2018-04-02 23:00,13.531
2018-04-02 23:15,13.804
2018-04-02 23:30,14.077
2018-04-02 23:45,14.35
2018-04-03 00:00,14.623
2018-04-03 00:15,15.127
2018-04-03 00:30,15.631
2018-04-03 00:45,16.134
2018-04-03 01:00,16.638
2018-04-03 01:15,17.554
2018-04-03 01:30,18.469
2018-04-03 01:45,19.384
2018-04-03 02:00,20.3
2018-04-03 02:15,20.352
2018-04-03 02:30,20.404
2018-04-03 02:45,20.456
2018-04-03 03:00,20.508
2018-04-03 03:15,20.633
2018-04-03 03:30,20.758
2018-04-03 03:45,20.883
2018-04-03 04:00,21.008
2018-04-03 04:15,21.008
2018-04-03 04:30,21.008
2018-04-03 04:45,21.008
2018-04-03 05:00,21.008
2018-04-03 05:15,21.066
2018-04-03 05:30,21.123
2018-04-03 05:45,21.181
2018-04-03 06:00,21.238
2018-04-03 06:15,21.296
2018-04-03 06:30,21.354
2018-04-03 06:45,21.412
2018-04-03 07:00,21.469
2018-04-03 07:15,21.606
2018-04-03 07:30,21.742
2018-04-03 07:45,21.879
2018-04-03 08:00,22.016
2018-04-03 08:15,22.191
2018-04-03 08:30,22.366
2018-04-03 08:45,22.541
2018-04-03 09:00,22.716
2018-04-03 09:15,22.988
2018-04-03 09:30,23.261
2018-04-03 09:45,23.534
2018-04-03 10:00,23.807
2018-04-03 10:15,24.207
2018-04-03 10:30,24.607
2018-04-03 10:45,25.007
2018-04-03 11:00,25.407
2018-04-03 11:15,25.656
2018-04-03 11:30,25.903
2018-04-03 11:45,26.152
2018-04-03 12:00,26.4
2018-04-03 12:15,26.709
2018-04-03 12:30,27.019
2018-04-03 12:45,27.329
2018-04-03 13:00,27.638
2018-04-03 13:15,27.456
2018-04-03 13:30,27.273
2018-04-03 13:45,27.09
2018-04-03 14:00,26.907
2018-04-03 14:15,26.219
2018-04-03 14:30,25.53
2018-04-03 14:45,24.842
2018-04-03 15:00,24.153
2018-04-03 15:15,24.132
2018-04-03 15:30,24.111
2018-04-03 15:45,24.09
2018-04-03 16:00,24.069
2018-04-03 16:15,23.806
2018-04-03 16:30,23.542
2018-04-03 16:45,23.279
2018-04-03 17:00,23.016
2018-04-03 17:15,22.833
2018-04-03 17:30,22.65
2018-04-03 17:45,22.467
2018-04-03 18:00,22.284
2018-04-03 18:15,21.887
2018-04-03 18:30,21.488
2018-04-03 18:45,21.091
2018-04-03 19:00,20.692
2018-04-03 19:15,20.062
2018-04-03 19:30,19.431
2018-04-03 19:45,18.8
2018-04-03 20:00,18.169
2018-04-03 20:15,17.716
2018-04-03 20:30,17.262
2018-04-03 20:45,16.808
2018-04-03 21:00,16.354
2018-04-03 21:15,15.879
2018-04-03 21:30,15.404
2018-04-03 21:45,14.929
2018-04-03 22:00,14.454
2018-04-03 22:15,14.056
2018-04-03 22:30,13.658
2018-04-03 22:45,13.259
2018-04-03 23:00,12.862
2018-04-03 23:15,12.641
2018-04-03 23:30,12.419
2018-04-03 23:45,12.198
2018-04-04 00:00,11.977
2018-04-04 00:15,11.725
2018-04-04 00:30,11.473
2018-04-04 00:45,11.221
2018-04-04 01:00,10.969
2018-04-04 01:15,10.648
2018-04-04 01:30,10.327
2018-04-04 01:45,10.006
2018-04-04 02:00,9.684
2018-04-04 02:15,9.325
2018-04-04 02:30,8.966
2018-04-04 02:45,8.606
2018-04-04 03:00,8.246
2018-04-04 03:15,7.938
2018-04-04 03:30,7.631
2018-04-04 03:45,7.323
2018-04-04 04:00,7.016
2018-04-04 04:15,6.879
2018-04-04 04:30,6.742
2018-04-04 04:45,6.606
2018-04-04 05:00,6.469
2018-04-04 05:15,6.442
2018-04-04 05:30,6.416
2018-04-04 05:45,6.388
2018-04-04 06:00,6.362
2018-04-04 06:15,6.156
2018-04-04 06:30,5.95
2018-04-04 06:45,5.744
2018-04-04 07:00,5.538
2018-04-04 07:15,5.531
2018-04-04 07:30,5.523
2018-04-04 07:45,5.516
2018-04-04 08:00,5.508
2018-04-04 08:15,5.916
2018-04-04 08:30,6.323
2018-04-04 08:45,6.731
2018-04-04 09:00,7.138
2018-04-04 09:15,7.642
2018-04-04 09:30,8.146
2018-04-04 09:45,8.65
2018-04-04 10:00,9.154
2018-04-04 10:15,9.725
2018-04-04 10:30,10.296
2018-04-04 10:45,10.867
2018-04-04 11:00,11.438
2018-04-04 11:15,11.7
2018-04-04 11:30,11.962
2018-04-04 11:45,12.223
2018-04-04 12:00,12.484
2018-04-04 12:15,12.813
2018-04-04 12:30,13.142
2018-04-04 12:45,13.471
2018-04-04 13:00,13.8
2018-04-04 13:15,14.267
2018-04-04 13:30,14.734
2018-04-04 13:45,15.202
2018-04-04 14:00,15.669
2018-04-04 14:15,15.938
2018-04-04 14:30,16.208
2018-04-04 14:45,16.477
2018-04-04 15:00,16.746
2018-04-04 15:15,16.871
2018-04-04 15:30,16.996
2018-04-04 15:45,17.121
2018-04-04 16:00,17.246
2018-04-04 16:15,17.399
2018-04-04 16:30,17.552
2018-04-04 16:45,17.706
2018-04-04 17:00,17.858
2018-04-04 17:15,17.89
2018-04-04 17:30,17.922
2018-04-04 17:45,17.953
2018-04-04 18:00,17.984
2018-04-04 18:15,17.762
2018-04-04 18:30,17.538
2018-04-04 18:45,17.316
2018-04-04 19:00,17.092
2018-04-04 19:15,16.888
2018-04-04 19:30,16.684
2018-04-04 19:45,16.481
2018-04-04 20:00,16.277
2018-04-04 20:15,15.888
2018-04-04 20:30,15.5
2018-04-04 20:45,15.112
2018-04-04 21:00,14.723
2018-04-04 21:15,14.541
2018-04-04 21:30,14.358
2018-04-04 21:45,14.175
2018-04-04 22:00,13.992
2018-04-04 22:15,13.759
2018-04-04 22:30,13.527
2018-04-04 22:45,13.294
2018-04-04 23:00,13.062
2018-04-04 23:15,12.934
2018-04-04 23:30,12.808
2018-04-04 23:45,12.681
2018-04-05 00:00,12.554
2018-04-05 00:15,12.312
2018-04-05 00:30,12.069
2018-04-05 00:45,11.827
2018-04-05 01:00,11.584
2018-04-05 01:15,11.459
2018-04-05 01:30,11.334
2018-04-05 01:45,11.209
2018-04-05 02:00,11.084
2018-04-05 02:15,11.066
2018-04-05 02:30,11.046
2018-04-05 02:45,11.027
2018-04-05 03:00,11.008
2018-04-05 03:15,10.998
2018-04-05 03:30,10.988
2018-04-05 03:45,10.979
2018-04-05 04:00,10.969
2018-04-05 04:15,10.766
2018-04-05 04:30,10.562
2018-04-05 04:45,10.358
2018-04-05 05:00,10.154
2018-04-05 05:15,10.552
2018-04-05 05:30,10.95
2018-04-05 05:45,11.348
2018-04-05 06:00,11.746
2018-04-05 06:15,11.804
2018-04-05 06:30,11.862
2018-04-05 06:45,11.919
2018-04-05 07:00,11.977
2018-04-05 07:15,11.746
2018-04-05 07:30,11.516
2018-04-05 07:45,11.284
2018-04-05 08:00,11.054
2018-04-05 08:15,11.383
2018-04-05 08:30,11.712
2018-04-05 08:45,12.041
2018-04-05 09:00,12.369
2018-04-05 09:15,12.766
2018-04-05 09:30,13.162
2018-04-05 09:45,13.558
2018-04-05 10:00,13.954
2018-04-05 10:15,14.448
2018-04-05 10:30,14.942
2018-04-05 10:45,15.437
2018-04-05 11:00,15.931
2018-04-05 11:15,16.427
2018-04-05 11:30,16.923
2018-04-05 11:45,17.419
2018-04-05 12:00,17.916
2018-04-05 12:15,18.496
2018-04-05 12:30,19.077
2018-04-05 12:45,19.658
2018-04-05 13:00,20.238
2018-04-05 13:15,20.733
2018-04-05 13:30,21.227
2018-04-05 13:45,21.721
2018-04-05 14:00,22.216
2018-04-05 14:15,22.398
2018-04-05 14:30,22.581
2018-04-05 14:45,22.763
2018-04-05 15:00,22.946
2018-04-05 15:15,23.169
2018-04-05 15:30,23.392
2018-04-05 15:45,23.616
2018-04-05 16:00,23.838
2018-04-05 16:15,23.944
2018-04-05 16:30,24.05
2018-04-05 16:45,24.156
2018-04-05 17:00,24.262
2018-04-05 17:15,24.262
2018-04-05 17:30,24.262
2018-04-05 17:45,24.262
2018-04-05 18:00,24.262
2018-04-05 18:15,24.125
2018-04-05 18:30,23.988
2018-04-05 18:45,23.852
2018-04-05 19:00,23.716
2018-04-05 19:15,23.444
2018-04-05 19:30,23.173
2018-04-05 19:45,22.902
2018-04-05 20:00,22.631
2018-04-05 20:15,22.467
2018-04-05 20:30,22.304
2018-04-05 20:45,22.141
2018-04-05 21:00,21.977
2018-04-05 21:15,21.773
2018-04-05 21:30,21.569
2018-04-05 21:45,21.366
2018-04-05 22:00,21.162
2018-04-05 22:15,21.113
2018-04-05 22:30,21.066
2018-04-05 22:45,21.017
2018-04-05 23:00,20.969
2018-04-05 23:15,20.87
2018-04-05 23:30,20.771
2018-04-05 23:45,20.672
2018-04-06 00:00,20.573
2018-04-06 00:15,20.653
2018-04-06 00:30,20.733
2018-04-06 00:45,20.813
2018-04-06 01:00,20.892
2018-04-06 01:15,20.905
2018-04-06 01:30,20.918
2018-04-06 01:45,20.93
2018-04-06 02:00,20.943
2018-04-06 02:15,20.946
2018-04-06 02:30,20.948
2018-04-06 02:45,20.951
2018-04-06 03:00,20.953
2018-04-06 03:15,20.968
2018-04-06 03:30,20.984
2018-04-06 03:45,20.999
2018-04-06 04:00,21.014
2018-04-06 04:15,21.006
2018-04-06 04:30,20.997
2018-04-06 04:45,20.988
2018-04-06 05:00,20.978
2018-04-06 05:15,20.978
2018-04-06 05:30,20.978
2018-04-06 05:45,20.978
2018-04-06 06:00,20.978
2018-04-06 06:15,20.976
2018-04-06 06:30,20.974
2018-04-06 06:45,20.972
2018-04-06 07:00,20.969
2018-04-06 07:15,20.973
2018-04-06 07:30,20.978
2018-04-06 07:45,20.982
2018-04-06 08:00,20.987
2018-04-06 08:15,21.244
2018-04-06 08:30,21.501
2018-04-06 08:45,21.758
2018-04-06 09:00,22.016
2018-04-06 09:15,22.229
2018-04-06 09:30,22.442
2018-04-06 09:45,22.656
2018-04-06 10:00,22.869
2018-04-06 10:15,23.248
2018-04-06 10:30,23.627
2018-04-06 10:45,24.007
2018-04-06 11:00,24.386
2018-04-06 11:15,24.628
2018-04-06 11:30,24.87
2018-04-06 11:45,25.112
2018-04-06 12:00,25.354
2018-04-06 12:15,25.692
2018-04-06 12:30,26.031
2018-04-06 12:45,26.369
2018-04-06 13:00,26.708
2018-04-06 13:15,26.959
2018-04-06 13:30,27.212
2018-04-06 13:45,27.463
2018-04-06 14:00,27.716
2018-04-06 14:15,27.996
2018-04-06 14:30,28.277
2018-04-06 14:45,28.558
2018-04-06 15:00,28.838
2018-04-06 15:15,28.944
2018-04-06 15:30,29.05
2018-04-06 15:45,29.156
2018-04-06 16:00,29.262
2018-04-06 16:15,29.278
2018-04-06 16:30,29.295
2018-04-06 16:45,29.312
2018-04-06 17:00,29.328
2018-04-06 17:15,29.204
2018-04-06 17:30,29.079
2018-04-06 17:45,28.955
2018-04-06 18:00,28.831
2018-04-06 18:15,27.602
2018-04-06 18:30,26.373
2018-04-06 18:45,25.144
2018-04-06 19:00,23.916
2018-04-06 19:15,23.267
2018-04-06 19:30,22.618
2018-04-06 19:45,21.969
2018-04-06 20:00,21.32
2018-04-06 20:15,20.524
2018-04-06 20:30,19.729
2018-04-06 20:45,18.934
2018-04-06 21:00,18.138
2018-04-06 21:15,17.421
2018-04-06 21:30,16.703
2018-04-06 21:45,15.984
2018-04-06 22:00,15.267
2018-04-06 22:15,14.827
2018-04-06 22:30,14.387
2018-04-06 22:45,13.947
2018-04-06 23:00,13.507
2018-04-06 23:15,13.163
2018-04-06 23:30,12.819
2018-04-06 23:45,12.475
2018-04-07 00:00,12.131
2018-04-07 00:15,11.791
2018-04-07 00:30,11.45
2018-04-07 00:45,11.109
2018-04-07 01:00,10.769
2018-04-07 01:15,10.431
2018-04-07 01:30,10.092
2018-04-07 01:45,9.754
2018-04-07 02:00,9.416
2018-04-07 02:15,9.306
2018-04-07 02:30,9.195
2018-04-07 02:45,9.085
2018-04-07 03:00,8.975
2018-04-07 03:15,8.531
2018-04-07 03:30,8.088
2018-04-07 03:45,7.644
2018-04-07 04:00,7.2
2018-04-07 04:15,7.107
2018-04-07 04:30,7.014
2018-04-07 04:45,6.921
2018-04-07 05:00,6.827
2018-04-07 05:15,6.493
2018-04-07 05:30,6.16
2018-04-07 05:45,5.826
2018-04-07 06:00,5.492
2018-04-07 06:15,5.063
2018-04-07 06:30,4.634
2018-04-07 06:45,4.204
2018-04-07 07:00,3.775
2018-04-07 07:15,3.577
2018-04-07 07:30,3.38
2018-04-07 07:45,3.182
2018-04-07 08:00,2.984
2018-04-07 08:15,2.762
2018-04-07 08:30,2.538
2018-04-07 08:45,2.316
2018-04-07 09:00,2.092
2018-04-07 09:15,2.063
2018-04-07 09:30,2.034
2018-04-07 09:45,2.006
2018-04-07 10:00,1.977
2018-04-07 10:15,1.862
2018-04-07 10:30,1.746
2018-04-07 10:45,1.631
2018-04-07 11:00,1.516
2018-04-07 11:15,1.612
2018-04-07 11:30,1.708
2018-04-07 11:45,1.804
2018-04-07 12:00,1.9
2018-04-07 12:15,1.914
2018-04-07 12:30,1.928
2018-04-07 12:45,1.943
2018-04-07 13:00,1.957
2018-04-07 13:15,1.966
2018-04-07 13:30,1.975
2018-04-07 13:45,1.984
2018-04-07 14:00,1.993
2018-04-07 14:15,2.129
2018-04-07 14:30,2.264
2018-04-07 14:45,2.4
2018-04-07 15:00,2.536
2018-04-07 15:15,2.972
2018-04-07 15:30,3.407
2018-04-07 15:45,3.843
2018-04-07 16:00,4.278
2018-04-07 16:15,4.692
2018-04-07 16:30,5.104
2018-04-07 16:45,5.518
2018-04-07 17:00,5.931
2018-04-07 17:15,6.116
2018-04-07 17:30,6.3
2018-04-07 17:45,6.484
2018-04-07 18:00,6.669
2018-04-07 18:15,6.746
2018-04-07 18:30,6.823
2018-04-07 18:45,6.9
2018-04-07 19:00,6.977
2018-04-07 19:15,6.977
2018-04-07 19:30,6.977
2018-04-07 19:45,6.977
2018-04-07 20:00,6.977
2018-04-07 20:15,6.927
2018-04-07 20:30,6.877
2018-04-07 20:45,6.827
2018-04-07 21:00,6.777
2018-04-07 21:15,6.584
2018-04-07 21:30,6.392
2018-04-07 21:45,6.2
2018-04-07 22:00,6.008
2018-04-07 22:15,5.998
2018-04-07 22:30,5.988
2018-04-07 22:45,5.979
2018-04-07 23:00,5.969
2018-04-07 23:15,5.823
2018-04-07 23:30,5.677
2018-04-07 23:45,5.531
2018-04-08 00:00,5.384
2018-04-08 00:15,5.056
2018-04-08 00:30,4.727
2018-04-08 00:45,4.398
2018-04-08 01:00,4.069
2018-04-08 01:15,4.05
2018-04-08 01:30,4.031
2018-04-08 01:45,4.012
2018-04-08 02:00,3.992
2018-04-08 02:15,3.904
2018-04-08 02:30,3.816
2018-04-08 02:45,3.727
2018-04-08 03:00,3.638
2018-04-08 03:15,3.484
2018-04-08 03:30,3.331
2018-04-08 03:45,3.177
2018-04-08 04:00,3.023
2018-04-08 04:15,3.023
2018-04-08 04:30,3.023
2018-04-08 04:45,3.023
2018-04-08 05:00,3.023
2018-04-08 05:15,3.013
2018-04-08 05:30,3.004
2018-04-08 05:45,2.994
2018-04-08 06:00,2.984
2018-04-08 06:15,2.984
2018-04-08 06:30,2.984
2018-04-08 06:45,2.984
2018-04-08 07:00,2.984
2018-04-08 07:15,2.99
2018-04-08 07:30,2.996
2018-04-08 07:45,3.002
2018-04-08 08:00,3.007
2018-04-08 08:15,3.157
2018-04-08 08:30,3.307
2018-04-08 08:45,3.458
2018-04-08 09:00,3.608
2018-04-08 09:15,3.802
2018-04-08 09:30,3.996
2018-04-08 09:45,4.191
2018-04-08 10:00,4.384
2018-04-08 10:15,4.733
2018-04-08 10:30,5.081
2018-04-08 10:45,5.429
2018-04-08 11:00,5.777
2018-04-08 11:15,5.918
2018-04-08 11:30,6.06
2018-04-08 11:45,6.201
2018-04-08 12:00,6.343
2018-04-08 12:15,6.667
2018-04-08 12:30,6.991
2018-04-08 12:45,7.314
2018-04-08 13:00,7.638
2018-04-08 13:15,8.048
2018-04-08 13:30,8.458
2018-04-08 13:45,8.868
2018-04-08 14:00,9.278
2018-04-08 14:15,9.722
2018-04-08 14:30,10.166
2018-04-08 14:45,10.61
2018-04-08 15:00,11.054
2018-04-08 15:15,11.402
2018-04-08 15:30,11.75
2018-04-08 15:45,12.098
2018-04-08 16:00,12.446
2018-04-08 16:15,12.681
2018-04-08 16:30,12.916
2018-04-08 16:45,13.15
2018-04-08 17:00,13.384
2018-04-08 17:15,13.488
2018-04-08 17:30,13.592
2018-04-08 17:45,13.696
2018-04-08 18:00,13.8
2018-04-08 18:15,13.829
2018-04-08 18:30,13.858
2018-04-08 18:45,13.887
2018-04-08 19:00,13.916
2018-04-08 19:15,13.633
2018-04-08 19:30,13.35
2018-04-08 19:45,13.067
2018-04-08 20:00,12.784
2018-04-08 20:15,12.583
2018-04-08 20:30,12.381
2018-04-08 20:45,12.179
2018-04-08 21:00,11.977
2018-04-08 21:15,11.888
2018-04-08 21:30,11.8
2018-04-08 21:45,11.712
2018-04-08 22:00,11.623
2018-04-08 22:15,11.379
2018-04-08 22:30,11.134
2018-04-08 22:45,10.891
2018-04-08 23:00,10.646
2018-04-08 23:15,10.396
2018-04-08 23:30,10.146
2018-04-08 23:45,9.896
2018-04-09 00:00,9.646
2018-04-09 00:15,9.473
2018-04-09 00:30,9.3
2018-04-09 00:45,9.127
2018-04-09 01:00,8.954
2018-04-09 01:15,9.196
2018-04-09 01:30,9.438
2018-04-09 01:45,9.681
2018-04-09 02:00,9.923
2018-04-09 02:15,9.896
2018-04-09 02:30,9.869
2018-04-09 02:45,9.842
2018-04-09 03:00,9.814
2018-04-09 03:15,9.521
2018-04-09 03:30,9.226
2018-04-09 03:45,8.932
2018-04-09 04:00,8.638
2018-04-09 04:15,8.658
2018-04-09 04:30,8.677
2018-04-09 04:45,8.696
2018-04-09 05:00,8.716
2018-04-09 05:15,8.533
2018-04-09 05:30,8.35
2018-04-09 05:45,8.167
2018-04-09 06:00,7.984
2018-04-09 06:15,7.984
2018-04-09 06:30,7.984
2018-04-09 06:45,7.984
2018-04-09 07:00,7.984
2018-04-09 07:15,7.841
2018-04-09 07:30,7.696
2018-04-09 07:45,7.552
2018-04-09 08:00,7.408
2018-04-09 08:15,7.883
2018-04-09 08:30,8.358
2018-04-09 08:45,8.833
2018-04-09 09:00,9.308
2018-04-09 09:15,9.936
2018-04-09 09:30,10.564
2018-04-09 09:45,11.193
2018-04-09 10:00,11.822
2018-04-09 10:15,12.443
2018-04-09 10:30,13.064
2018-04-09 10:45,13.686
2018-04-09 11:00,14.308
2018-04-09 11:15,14.859
2018-04-09 11:30,15.412
2018-04-09 11:45,15.963
2018-04-09 12:00,16.516
2018-04-09 12:15,16.839
2018-04-09 12:30,17.163
2018-04-09 12:45,17.487
2018-04-09 13:00,17.811
2018-04-09 13:15,18.208
2018-04-09 13:30,18.606
2018-04-09 13:45,19.003
2018-04-09 14:00,19.4
2018-04-09 14:15,19.665
2018-04-09 14:30,19.93
2018-04-09 14:45,20.195
2018-04-09 15:00,20.46
2018-04-09 15:15,20.475
2018-04-09 15:30,20.49
2018-04-09 15:45,20.505
2018-04-09 16:00,20.52
2018-04-09 16:15,20.681
2018-04-09 16:30,20.841
2018-04-09 16:45,21.001
2018-04-09 17:00,21.162
2018-04-09 17:15,21.181
2018-04-09 17:30,21.2
2018-04-09 17:45,21.219
2018-04-09 18:00,21.238
2018-04-09 18:15,21.171
2018-04-09 18:30,21.104
2018-04-09 18:45,21.037
2018-04-09 19:00,20.969
2018-04-09 19:15,20.773
2018-04-09 19:30,20.577
2018-04-09 19:45,20.381
2018-04-09 20:00,20.184
2018-04-09 20:15,19.769
2018-04-09 20:30,19.354
2018-04-09 20:45,18.938
2018-04-09 21:00,18.523
2018-04-09 21:15,18.271
2018-04-09 21:30,18.019
2018-04-09 21:45,17.767
2018-04-09 22:00,17.516
2018-04-09 22:15,17.381
2018-04-09 22:30,17.246
2018-04-09 22:45,17.112
2018-04-09 23:00,16.977
2018-04-09 23:15,16.598
2018-04-09 23:30,16.219
2018-04-09 23:45,15.841
2018-04-10 00:00,15.462
2018-04-10 00:15,14.967
2018-04-10 00:30,14.473
2018-04-10 00:45,13.979
2018-04-10 01:00,13.484
2018-04-10 01:15,13.341
2018-04-10 01:30,13.196
2018-04-10 01:45,13.052
2018-04-10 02:00,12.908
2018-04-10 02:15,12.742
2018-04-10 02:30,12.577
2018-04-10 02:45,12.412
2018-04-10 03:00,12.246
2018-04-10 03:15,12.091
2018-04-10 03:30,11.934
2018-04-10 03:45,11.779
2018-04-10 04:00,11.623
2018-04-10 04:15,11.441
2018-04-10 04:30,11.258
2018-04-10 04:45,11.075
2018-04-10 05:00,10.892
2018-04-10 05:15,10.494
2018-04-10 05:30,10.096
2018-04-10 05:45,9.698
2018-04-10 06:00,9.3
2018-04-10 06:15,9.134
2018-04-10 06:30,8.969
2018-04-10 06:45,8.804
2018-04-10 07:00,8.638
2018-04-10 07:15,8.592
2018-04-10 07:30,8.546
2018-04-10 07:45,8.5
2018-04-10 08:00,8.454
2018-04-10 08:15,9.123
2018-04-10 08:30,9.792
2018-04-10 08:45,10.462
2018-04-10 09:00,11.131
2018-04-10 09:15,11.702
2018-04-10 09:30,12.273
2018-04-10 09:45,12.844
2018-04-10 10:00,13.416
2018-04-10 10:15,14.075
2018-04-10 10:30,14.734
2018-04-10 10:45,15.394
2018-04-10 11:00,16.054
2018-04-10 11:15,16.527
2018-04-10 11:30,17.0
2018-04-10 11:45,17.473
2018-04-10 12:00,17.946
2018-04-10 12:15,18.287
2018-04-10 12:30,18.627
2018-04-10 12:45,18.967
2018-04-10 13:00,19.308
2018-04-10 13:15,19.608
2018-04-10 13:30,19.908
2018-04-10 13:45,20.208
2018-04-10 14:00,20.508
2018-04-10 14:15,20.817
2018-04-10 14:30,21.127
2018-04-10 14:45,21.437
2018-04-10 15:00,21.746
2018-04-10 15:15,21.863
2018-04-10 15:30,21.981
2018-04-10 15:45,22.098
2018-04-10 16:00,22.216
2018-04-10 16:15,22.273
2018-04-10 16:30,22.331
2018-04-10 16:45,22.388
2018-04-10 17:00,22.446
2018-04-10 17:15,22.434
2018-04-10 17:30,22.423
2018-04-10 17:45,22.412
2018-04-10 18:00,22.4
2018-04-10 18:15,22.244
2018-04-10 18:30,22.088
2018-04-10 18:45,21.933
2018-04-10 19:00,21.777
2018-04-10 19:15,21.517
2018-04-10 19:30,21.258
2018-04-10 19:45,20.998
2018-04-10 20:00,20.738
2018-04-10 20:15,20.444
2018-04-10 20:30,20.15
2018-04-10 20:45,19.856
2018-04-10 21:00,19.562
2018-04-10 21:15,18.916
2018-04-10 21:30,18.269
2018-04-10 21:45,17.623
2018-04-10 22:00,16.977
2018-04-10 22:15,16.816
2018-04-10 22:30,16.655
2018-04-10 22:45,16.494
2018-04-10 23:00,16.333
2018-04-10 23:15,15.725
2018-04-10 23:30,15.117
2018-04-10 23:45,14.508
2018-04-11 00:00,13.9
2018-04-11 00:15,13.841
2018-04-11 00:30,13.782
2018-04-11 00:45,13.723
2018-04-11 01:00,13.664
2018-04-11 01:15,13.688
2018-04-11 01:30,13.713
2018-04-11 01:45,13.737
2018-04-11 02:00,13.762
2018-04-11 02:15,13.258
2018-04-11 02:30,12.754
2018-04-11 02:45,12.25
2018-04-11 03:00,11.746
2018-04-11 03:15,11.716
2018-04-11 03:30,11.684
2018-04-11 03:45,11.654
2018-04-11 04:00,11.623
2018-04-11 04:15,11.498
2018-04-11 04:30,11.373
2018-04-11 04:45,11.248
2018-04-11 05:00,11.123
2018-04-11 05:15,11.25
2018-04-11 05:30,11.377
2018-04-11 05:45,11.504
2018-04-11 06:00,11.631
2018-04-11 06:15,11.717
2018-04-11 06:30,11.804
2018-04-11 06:45,11.891
2018-04-11 07:00,11.977
2018-04-11 07:15,11.783
2018-04-11 07:30,11.588
2018-04-11 07:45,11.394
2018-04-11 08:00,11.2
2018-04-11 08:15,11.863
2018-04-11 08:30,12.527
2018-04-11 08:45,13.191
2018-04-11 09:00,13.854
2018-04-11 09:15,14.869
2018-04-11 09:30,15.884
2018-04-11 09:45,16.9
2018-04-11 10:00,17.916
2018-04-11 10:15,18.487
2018-04-11 10:30,19.058
2018-04-11 10:45,19.629
2018-04-11 11:00,20.2
2018-04-11 11:15,20.684
2018-04-11 11:30,21.169
2018-04-11 11:45,21.654
2018-04-11 12:00,22.138
2018-04-11 12:15,22.573
2018-04-11 12:30,23.008
2018-04-11 12:45,23.442
2018-04-11 13:00,23.877
2018-04-11 13:15,24.325
2018-04-11 13:30,24.773
2018-04-11 13:45,25.221
2018-04-11 14:00,25.669
2018-04-11 14:15,25.904
2018-04-11 14:30,26.139
2018-04-11 14:45,26.374
2018-04-11 15:00,26.609
2018-04-11 15:15,26.711
2018-04-11 15:30,26.812
2018-04-11 15:45,26.914
2018-04-11 16:00,27.016
2018-04-11 16:15,27.084
2018-04-11 16:30,27.154
2018-04-11 16:45,27.223
2018-04-11 17:00,27.292
2018-04-11 17:15,27.3
2018-04-11 17:30,27.308
2018-04-11 17:45,27.316
2018-04-11 18:00,27.323
2018-04-11 18:15,27.167
2018-04-11 18:30,27.012
2018-04-11 18:45,26.856
2018-04-11 19:00,26.7
2018-04-11 19:15,26.359
2018-04-11 19:30,26.019
2018-04-11 19:45,25.679
2018-04-11 20:00,25.338
2018-04-11 20:15,24.913
2018-04-11 20:30,24.488
2018-04-11 20:45,24.063
2018-04-11 21:00,23.638
2018-04-11 21:15,23.474
2018-04-11 21:30,23.309
2018-04-11 21:45,23.144
2018-04-11 22:00,22.98
2018-04-11 22:15,22.797
2018-04-11 22:30,22.613
2018-04-11 22:45,22.429
2018-04-11 23:00,22.246
2018-04-11 23:15,22.179
2018-04-11 23:30,22.112
2018-04-11 23:45,22.044
2018-04-12 00:00,21.977
2018-04-12 00:15,21.783
2018-04-12 00:30,21.588
2018-04-12 00:45,21.394
2018-04-12 01:00,21.2
2018-04-12 01:15,20.977
2018-04-12 01:30,20.754
2018-04-12 01:45,20.531
2018-04-12 02:00,20.308
2018-04-12 02:15,19.979
2018-04-12 02:30,19.65
2018-04-12 02:45,19.321
2018-04-12 03:00,18.992
2018-04-12 03:15,18.759
2018-04-12 03:30,18.527
2018-04-12 03:45,18.294
2018-04-12 04:00,18.062
2018-04-12 04:15,18.042
2018-04-12 04:30,18.023
2018-04-12 04:45,18.004
2018-04-12 05:00,17.984
2018-04-12 05:15,17.781
2018-04-12 05:30,17.577
2018-04-12 05:45,17.373
2018-04-12 06:00,17.169
2018-04-12 06:15,17.131
2018-04-12 06:30,17.092
2018-04-12 06:45,17.054
2018-04-12 07:00,17.016
2018-04-12 07:15,17.123
2018-04-12 07:30,17.231
2018-04-12 07:45,17.338
2018-04-12 08:00,17.446
2018-04-12 08:15,17.727
2018-04-12 08:30,18.008
2018-04-12 08:45,18.288
2018-04-12 09:00,18.569
2018-04-12 09:15,19.141
2018-04-12 09:30,19.712
2018-04-12 09:45,20.283
2018-04-12 10:00,20.854
2018-04-12 10:15,21.262
2018-04-12 10:30,21.669
2018-04-12 10:45,22.077
2018-04-12 11:00,22.484
2018-04-12 11:15,22.772
2018-04-12 11:30,23.059
2018-04-12 11:45,23.346
2018-04-12 12:00,23.633
2018-04-12 12:15,24.104
2018-04-12 12:30,24.574
2018-04-12 12:45,25.045
2018-04-12 13:00,25.516
2018-04-12 13:15,25.891
2018-04-12 13:30,26.266
2018-04-12 13:45,26.641
2018-04-12 14:00,27.016
2018-04-12 14:15,27.262
2018-04-12 14:30,27.508
2018-04-12 14:45,27.754
2018-04-12 15:00,28.0
2018-04-12 15:15,28.108
2018-04-12 15:30,28.217
2018-04-12 15:45,28.325
2018-04-12 16:00,28.433
2018-04-12 16:15,28.393
2018-04-12 16:30,28.353
2018-04-12 16:45,28.313
2018-04-12 17:00,28.273
2018-04-12 17:15,28.201
2018-04-12 17:30,28.129
2018-04-12 17:45,28.057
2018-04-12 18:00,27.984
2018-04-12 18:15,27.984
2018-04-12 18:30,27.984
2018-04-12 18:45,27.984
2018-04-12 19:00,27.984
2018-04-12 19:15,27.733
2018-04-12 19:30,27.481
2018-04-12 19:45,27.229
2018-04-12 20:00,26.977
2018-04-12 20:15,26.812
2018-04-12 20:30,26.646
2018-04-12 20:45,26.481
2018-04-12 21:00,26.316
2018-04-12 21:15,26.121
2018-04-12 21:30,25.927
2018-04-12 21:45,25.733
2018-04-12 22:00,25.538
2018-04-12 22:15,25.258
2018-04-12 22:30,24.977
2018-04-12 22:45,24.696
2018-04-12 23:00,24.416
2018-04-12 23:15,24.179
2018-04-12 23:30,23.943
2018-04-12 23:45,23.707
2018-04-13 00:00,23.472
2018-04-13 00:15,23.359
2018-04-13 00:30,23.247
2018-04-13 00:45,23.135
2018-04-13 01:00,23.023
2018-04-13 01:15,23.013
2018-04-13 01:30,23.004
2018-04-13 01:45,22.994
2018-04-13 02:00,22.984
2018-04-13 02:15,22.984
2018-04-13 02:30,22.984
2018-04-13 02:45,22.984
2018-04-13 03:00,22.983
2018-04-13 03:15,22.984
2018-04-13 03:30,22.984
2018-04-13 03:45,22.984
2018-04-13 04:00,22.984
2018-04-13 04:15,22.99
2018-04-13 04:30,22.996
2018-04-13 04:45,23.001
2018-04-13 05:00,23.007
2018-04-13 05:15,23.011
2018-04-13 05:30,23.015
2018-04-13 05:45,23.019
2018-04-13 06:00,23.023
2018-04-13 06:15,23.028
2018-04-13 06:30,23.033
2018-04-13 06:45,23.038
2018-04-13 07:00,23.043
2018-04-13 07:15,23.043
2018-04-13 07:30,23.043
2018-04-13 07:45,23.043
2018-04-13 08:00,23.043
2018-04-13 08:15,23.034
2018-04-13 08:30,23.025
2018-04-13 08:45,23.016
2018-04-13 09:00,23.007
2018-04-13 09:15,23.002
2018-04-13 09:30,22.996
2018-04-13 09:45,22.99
2018-04-13 10:00,22.984
2018-04-13 10:15,23.217
2018-04-13 10:30,23.449
2018-04-13 10:45,23.681
2018-04-13 11:00,23.913
2018-04-13 11:15,24.244
2018-04-13 11:30,24.575
2018-04-13 11:45,24.906
2018-04-13 12:00,25.236
2018-04-13 12:15,25.866
2018-04-13 12:30,26.496
2018-04-13 12:45,27.126
2018-04-13 13:00,27.756
2018-04-13 13:15,27.858
2018-04-13 13:30,27.961
2018-04-13 13:45,28.064
2018-04-13 14:00,28.167
2018-04-13 14:15,28.814
2018-04-13 14:30,29.463
2018-04-13 14:45,30.111
2018-04-13 15:00,30.758
2018-04-13 15:15,30.821
2018-04-13 15:30,30.883
2018-04-13 15:45,30.946
2018-04-13 16:00,31.008
2018-04-13 16:15,30.604
2018-04-13 16:30,30.199
2018-04-13 16:45,29.796
2018-04-13 17:00,29.392
2018-04-13 17:15,29.424
2018-04-13 17:30,29.456
2018-04-13 17:45,29.488
2018-04-13 18:00,29.52
2018-04-13 18:15,29.038
2018-04-13 18:30,28.556
2018-04-13 18:45,28.074
2018-04-13 19:00,27.592
2018-04-13 19:15,27.283
2018-04-13 19:30,26.973
2018-04-13 19:45,26.663
2018-04-13 20:00,26.354
2018-04-13 20:15,26.042
2018-04-13 20:30,25.731
2018-04-13 20:45,25.419
2018-04-13 21:00,25.108
2018-04-13 21:15,25.063
2018-04-13 21:30,25.018
2018-04-13 21:45,24.973
2018-04-13 22:00,24.928
2018-04-13 22:15,24.625
2018-04-13 22:30,24.322
2018-04-13 22:45,24.019
2018-04-13 23:00,23.716
2018-04-13 23:15,23.259
2018-04-13 23:30,22.804
2018-04-13 23:45,22.348
2018-04-14 00:00,21.892
2018-04-14 00:15,21.108
2018-04-14 00:30,20.323
2018-04-14 00:45,19.538
2018-04-14 01:00,18.754
2018-04-14 01:15,18.183
2018-04-14 01:30,17.612
2018-04-14 01:45,17.041
2018-04-14 02:00,16.469
2018-04-14 02:15,16.042
2018-04-14 02:30,15.616
2018-04-14 02:45,15.188
2018-04-14 03:00,14.762
2018-04-14 03:15,14.313
2018-04-14 03:30,13.864
2018-04-14 03:45,13.416
2018-04-14 04:00,12.967
2018-04-14 04:15,12.727
2018-04-14 04:30,12.487
2018-04-14 04:45,12.247
2018-04-14 05:00,12.008
2018-04-14 05:15,11.641
2018-04-14 05:30,11.273
2018-04-14 05:45,10.906
2018-04-14 06:00,10.538
2018-04-14 06:15,10.152
2018-04-14 06:30,9.766
2018-04-14 06:45,9.379
2018-04-14 07:00,8.992
2018-04-14 07:15,8.884
2018-04-14 07:30,8.777
2018-04-14 07:45,8.669
2018-04-14 08:00,8.562
2018-04-14 08:15,8.49
2018-04-14 08:30,8.418
2018-04-14 08:45,8.347
2018-04-14 09:00,8.275
2018-04-14 09:15,8.483
2018-04-14 09:30,8.691
2018-04-14 09:45,8.899
2018-04-14 10:00,9.108
2018-04-14 10:15,9.594
2018-04-14 10:30,10.081
2018-04-14 10:45,10.567
2018-04-14 11:00,11.054
2018-04-14 11:15,11.412
2018-04-14 11:30,11.769
2018-04-14 11:45,12.127
2018-04-14 12:00,12.484
2018-04-14 12:15,12.727
2018-04-14 12:30,12.969
2018-04-14 12:45,13.212
2018-04-14 13:00,13.454
2018-04-14 13:15,13.871
2018-04-14 13:30,14.288
2018-04-14 13:45,14.706
2018-04-14 14:00,15.123
2018-04-14 14:15,15.413
2018-04-14 14:30,15.704
2018-04-14 14:45,15.994
2018-04-14 15:00,16.284
2018-04-14 15:15,16.467
2018-04-14 15:30,16.65
2018-04-14 15:45,16.833
2018-04-14 16:00,17.016
2018-04-14 16:15,17.016
2018-04-14 16:30,17.016
2018-04-14 16:45,17.016
2018-04-14 17:00,17.016
2018-04-14 17:15,17.016
2018-04-14 17:30,17.016
2018-04-14 17:45,17.016
2018-04-14 18:00,17.016
2018-04-14 18:15,16.937
2018-04-14 18:30,16.858
2018-04-14 18:45,16.779
2018-04-14 19:00,16.7
2018-04-14 19:15,16.321
2018-04-14 19:30,15.942
2018-04-14 19:45,15.563
2018-04-14 20:00,15.184
2018-04-14 20:15,14.867
2018-04-14 20:30,14.55
2018-04-14 20:45,14.233
2018-04-14 21:00,13.916
2018-04-14 21:15,13.534
2018-04-14 21:30,13.154
2018-04-14 21:45,12.773
2018-04-14 22:00,12.392
2018-04-14 22:15,11.813
2018-04-14 22:30,11.234
2018-04-14 22:45,10.656
2018-04-14 23:00,10.077
2018-04-14 23:15,9.794
2018-04-14 23:30,9.512
2018-04-14 23:45,9.229
2018-04-15 00:00,8.946
2018-04-15 00:15,8.763
2018-04-15 00:30,8.581
2018-04-15 00:45,8.398
2018-04-15 01:00,8.216
2018-04-15 01:15,7.867
2018-04-15 01:30,7.519
2018-04-15 01:45,7.171
2018-04-15 02:00,6.823
2018-04-15 02:15,6.667
2018-04-15 02:30,6.512
2018-04-15 02:45,6.356
2018-04-15 03:00,6.2
2018-04-15 03:15,6.142
2018-04-15 03:30,6.084
2018-04-15 03:45,6.027
2018-04-15 04:00,5.969
2018-04-15 04:15,5.746
2018-04-15 04:30,5.523
2018-04-15 04:45,5.3
2018-04-15 05:00,5.077
2018-04-15 05:15,4.834
2018-04-15 05:30,4.592
2018-04-15 05:45,4.35
2018-04-15 06:00,4.108
2018-04-15 06:15,4.079
2018-04-15 06:30,4.05
2018-04-15 06:45,4.021
2018-04-15 07:00,3.992
2018-04-15 07:15,4.002
2018-04-15 07:30,4.012
2018-04-15 07:45,4.021
2018-04-15 08:00,4.031
2018-04-15 08:15,4.459
2018-04-15 08:30,4.888
2018-04-15 08:45,5.317
2018-04-15 09:00,5.746
2018-04-15 09:15,6.162
2018-04-15 09:30,6.577
2018-04-15 09:45,6.992
2018-04-15 10:00,7.408
2018-04-15 10:15,7.913
2018-04-15 10:30,8.419
2018-04-15 10:45,8.925
2018-04-15 11:00,9.431
2018-04-15 11:15,10.031
2018-04-15 11:30,10.631
2018-04-15 11:45,11.231
2018-04-15 12:00,11.831
2018-04-15 12:15,12.304
2018-04-15 12:30,12.777
2018-04-15 12:45,13.25
2018-04-15 13:00,13.723
2018-04-15 13:15,14.237
2018-04-15 13:30,14.75
2018-04-15 13:45,15.263
2018-04-15 14:00,15.777
2018-04-15 14:15,16.117
2018-04-15 14:30,16.458
2018-04-15 14:45,16.798
2018-04-15 15:00,17.138
2018-04-15 15:15,17.341
2018-04-15 15:30,17.542
2018-04-15 15:45,17.744
2018-04-15 16:00,17.946
2018-04-15 16:15,18.169
2018-04-15 16:30,18.392
2018-04-15 16:45,18.616
2018-04-15 17:00,18.838
2018-04-15 17:15,18.877
2018-04-15 17:30,18.916
2018-04-15 17:45,18.954
2018-04-15 18:00,18.992
2018-04-15 18:15,18.779
2018-04-15 18:30,18.566
2018-04-15 18:45,18.352
2018-04-15 19:00,18.138
2018-04-15 19:15,17.719
2018-04-15 19:30,17.3
2018-04-15 19:45,16.881
2018-04-15 20:00,16.462
2018-04-15 20:15,15.967
2018-04-15 20:30,15.473
2018-04-15 20:45,14.979
2018-04-15 21:00,14.484
2018-04-15 21:15,14.098
2018-04-15 21:30,13.712
2018-04-15 21:45,13.325
2018-04-15 22:00,12.938
2018-04-15 22:15,12.6
2018-04-15 22:30,12.262
2018-04-15 22:45,11.923
2018-04-15 23:00,11.584
2018-04-15 23:15,11.334
2018-04-15 23:30,11.084
2018-04-15 23:45,10.834
2018-04-16 00:00,10.584
2018-04-16 00:15,10.329
2018-04-16 00:30,10.073
2018-04-16 00:45,9.817
2018-04-16 01:00,9.562
2018-04-16 01:15,9.448
2018-04-16 01:30,9.334
2018-04-16 01:45,9.221
2018-04-16 02:00,9.108
2018-04-16 02:15,8.942
2018-04-16 02:30,8.777
2018-04-16 02:45,8.612
2018-04-16 03:00,8.446
2018-04-16 03:15,8.273
2018-04-16 03:30,8.1
2018-04-16 03:45,7.927
2018-04-16 04:00,7.754
2018-04-16 04:15,8.016
2018-04-16 04:30,8.277
2018-04-16 04:45,8.538
2018-04-16 05:00,8.8
2018-04-16 05:15,8.758
2018-04-16 05:30,8.716
2018-04-16 05:45,8.673
2018-04-16 06:00,8.631
2018-04-16 06:15,8.344
2018-04-16 06:30,8.058
2018-04-16 06:45,7.771
2018-04-16 07:00,7.484
2018-04-16 07:15,7.775
2018-04-16 07:30,8.066
2018-04-16 07:45,8.356
2018-04-16 08:00,8.646
2018-04-16 08:15,9.404
2018-04-16 08:30,10.162
2018-04-16 08:45,10.919
2018-04-16 09:00,11.677
2018-04-16 09:15,12.548
2018-04-16 09:30,13.419
2018-04-16 09:45,14.291
2018-04-16 10:00,15.162
2018-04-16 10:15,15.859
2018-04-16 10:30,16.558
2018-04-16 10:45,17.256
2018-04-16 11:00,17.954
2018-04-16 11:15,18.769
2018-04-16 11:30,19.584
2018-04-16 11:45,20.4
2018-04-16 12:00,21.216
2018-04-16 12:15,22.096
2018-04-16 12:30,22.977
2018-04-16 12:45,23.858
2018-04-16 13:00,24.738
2018-04-16 13:15,25.269
2018-04-16 13:30,25.8
2018-04-16 13:45,26.331
2018-04-16 14:00,26.862
2018-04-16 14:15,27.079
2018-04-16 14:30,27.297
2018-04-16 14:45,27.516
2018-04-16 15:00,27.733
2018-04-16 15:15,27.841
2018-04-16 15:30,27.948
2018-04-16 15:45,28.055
2018-04-16 16:00,28.163
2018-04-16 16:15,28.122
2018-04-16 16:30,28.081
2018-04-16 16:45,28.041
2018-04-16 17:00,28.0
2018-04-16 17:15,28.0
2018-04-16 17:30,28.0
2018-04-16 17:45,28.0
2018-04-16 18:00,28.0
2018-04-16 18:15,27.888
2018-04-16 18:30,27.777
2018-04-16 18:45,27.666
2018-04-16 19:00,27.554
2018-04-16 19:15,27.204
2018-04-16 19:30,26.854
2018-04-16 19:45,26.504
2018-04-16 20:00,26.154
2018-04-16 20:15,25.601
2018-04-16 20:30,25.048
2018-04-16 20:45,24.494
2018-04-16 21:00,23.942
2018-04-16 21:15,23.702
2018-04-16 21:30,23.463
2018-04-16 21:45,23.224
2018-04-16 22:00,22.984
2018-04-16 22:15,22.943
2018-04-16 22:30,22.901
2018-04-16 22:45,22.859
2018-04-16 23:00,22.817
2018-04-16 23:15,22.719
2018-04-16 23:30,22.623
2018-04-16 23:45,22.526
2018-04-17 00:00,22.428
2018-04-17 00:15,22.152
2018-04-17 00:30,21.874
2018-04-17 00:45,21.597
2018-04-17 01:00,21.32
2018-04-17 01:15,20.94
2018-04-17 01:30,20.56
2018-04-17 01:45,20.18
2018-04-17 02:00,19.8
2018-04-17 02:15,19.548
2018-04-17 02:30,19.296
2018-04-17 02:45,19.044
2018-04-17 03:00,18.792
2018-04-17 03:15,18.444
2018-04-17 03:30,18.096
2018-04-17 03:45,17.748
2018-04-17 04:00,17.4
2018-04-17 04:15,17.294
2018-04-17 04:30,17.188
2018-04-17 04:45,17.083
2018-04-17 05:00,16.977
2018-04-17 05:15,16.831
2018-04-17 05:30,16.684
2018-04-17 05:45,16.538
2018-04-17 06:00,16.392
2018-04-17 06:15,16.287
2018-04-17 06:30,16.181
2018-04-17 06:45,16.075
2018-04-17 07:00,15.969
2018-04-17 07:15,16.021
2018-04-17 07:30,16.072
2018-04-17 07:45,16.123
2018-04-17 08:00,16.175
2018-04-17 08:15,16.483
2018-04-17 08:30,16.791
2018-04-17 08:45,17.099
2018-04-17 09:00,17.408
2018-04-17 09:15,18.019
2018-04-17 09:30,18.631
2018-04-17 09:45,19.242
2018-04-17 10:00,19.854
2018-04-17 10:15,20.406
2018-04-17 10:30,20.958
2018-04-17 10:45,21.509
2018-04-17 11:00,22.062
2018-04-17 11:15,22.844
2018-04-17 11:30,23.626
2018-04-17 11:45,24.408
2018-04-17 12:00,25.191
2018-04-17 12:15,25.726
2018-04-17 12:30,26.261
2018-04-17 12:45,26.796
2018-04-17 13:00,27.331
2018-04-17 13:15,27.883
2018-04-17 13:30,28.434
2018-04-17 13:45,28.987
2018-04-17 14:00,29.538
2018-04-17 14:15,29.896
2018-04-17 14:30,30.254
2018-04-17 14:45,30.612
2018-04-17 15:00,30.969
2018-04-17 15:15,31.192
2018-04-17 15:30,31.416
2018-04-17 15:45,31.638
2018-04-17 16:00,31.862
2018-04-17 16:15,31.771
2018-04-17 16:30,31.681
2018-04-17 16:45,31.591
2018-04-17 17:00,31.5
2018-04-17 17:15,31.247
2018-04-17 17:30,30.994
2018-04-17 17:45,30.742
2018-04-17 18:00,30.489
2018-04-17 18:15,30.019
2018-04-17 18:30,29.549
2018-04-17 18:45,29.078
2018-04-17 19:00,28.608
2018-04-17 19:15,28.306
2018-04-17 19:30,28.004
2018-04-17 19:45,27.702
2018-04-17 20:00,27.4
2018-04-17 20:15,27.211
2018-04-17 20:30,27.023
2018-04-17 20:45,26.834
2018-04-17 21:00,26.646
2018-04-17 21:15,26.427
2018-04-17 21:30,26.207
2018-04-17 21:45,25.988
2018-04-17 22:00,25.769
2018-04-17 22:15,25.431
2018-04-17 22:30,25.092
2018-04-17 22:45,24.754
2018-04-17 23:00,24.416
2018-04-17 23:15,24.169
2018-04-17 23:30,23.923
2018-04-17 23:45,23.676
2018-04-18 00:00,23.43
2018-04-18 00:15,23.153
2018-04-18 00:30,22.877
2018-04-18 00:45,22.6
2018-04-18 01:00,22.323
2018-04-18 01:15,22.237
2018-04-18 01:30,22.15
2018-04-18 01:45,22.063
2018-04-18 02:00,21.977
2018-04-18 02:15,21.831
2018-04-18 02:30,21.684
2018-04-18 02:45,21.538
2018-04-18 03:00,21.392
2018-04-18 03:15,21.256
2018-04-18 03:30,21.119
2018-04-18 03:45,20.983
2018-04-18 04:00,20.846
2018-04-18 04:15,20.634
2018-04-18 04:30,20.423
2018-04-18 04:45,20.212
2018-04-18 05:00,20.0
2018-04-18 05:15,19.767
2018-04-18 05:30,19.534
2018-04-18 05:45,19.302
2018-04-18 06:00,19.069
2018-04-18 06:15,19.079
2018-04-18 06:30,19.088
2018-04-18 06:45,19.098
2018-04-18 07:00,19.108
2018-04-18 07:15,19.156
2018-04-18 07:30,19.204
2018-04-18 07:45,19.252
2018-04-18 08:00,19.3
2018-04-18 08:15,19.359
2018-04-18 08:30,19.419
2018-04-18 08:45,19.479
2018-04-18 09:00,19.538
2018-04-18 09:15,19.925
2018-04-18 09:30,20.312
2018-04-18 09:45,20.698
2018-04-18 10:00,21.084
2018-04-18 10:15,21.317
2018-04-18 10:30,21.55
2018-04-18 10:45,21.783
2018-04-18 11:00,22.016
2018-04-18 11:15,22.289
2018-04-18 11:30,22.562
2018-04-18 11:45,22.835
2018-04-18 12:00,23.108
2018-04-18 12:15,23.206
2018-04-18 12:30,23.304
2018-04-18 12:45,23.402
2018-04-18 13:00,23.5
2018-04-18 13:15,24.025
2018-04-18 13:30,24.55
2018-04-18 13:45,25.075
2018-04-18 14:00,25.6
2018-04-18 14:15,25.688
2018-04-18 14:30,25.775
2018-04-18 14:45,25.863
2018-04-18 15:00,25.95
2018-04-18 15:15,25.984
2018-04-18 15:30,26.017
2018-04-18 15:45,26.051
2018-04-18 16:00,26.084
2018-04-18 16:15,26.066
2018-04-18 16:30,26.046
2018-04-18 16:45,26.027
2018-04-18 17:00,26.008
2018-04-18 17:15,25.929
2018-04-18 17:30,25.85
2018-04-18 17:45,25.771
2018-04-18 18:00,25.692
2018-04-18 18:15,25.344
2018-04-18 18:30,24.996
2018-04-18 18:45,24.648
2018-04-18 19:00,24.3
2018-04-18 19:15,23.823
2018-04-18 19:30,23.346
2018-04-18 19:45,22.869
2018-04-18 20:00,22.392
2018-04-18 20:15,21.569
2018-04-18 20:30,20.746
2018-04-18 20:45,19.923
2018-04-18 21:00,19.1
2018-04-18 21:15,18.771
2018-04-18 21:30,18.442
2018-04-18 21:45,18.113
2018-04-18 22:00,17.784
2018-04-18 22:15,17.709
2018-04-18 22:30,17.634
2018-04-18 22:45,17.559
2018-04-18 23:00,17.484
2018-04-18 23:15,17.221
2018-04-18 23:30,16.958
2018-04-18 23:45,16.694
2018-04-19 00:00,16.431
2018-04-19 00:15,15.937
2018-04-19 00:30,15.442
2018-04-19 00:45,14.948
2018-04-19 01:00,14.454
2018-04-19 01:15,14.525
2018-04-19 01:30,14.596
2018-04-19 01:45,14.667
2018-04-19 02:00,14.738
2018-04-19 02:15,14.716
2018-04-19 02:30,14.692
2018-04-19 02:45,14.669
2018-04-19 03:00,14.646
2018-04-19 03:15,14.483
2018-04-19 03:30,14.319
2018-04-19 03:45,14.156
2018-04-19 04:00,13.992
2018-04-19 04:15,13.633
2018-04-19 04:30,13.273
2018-04-19 04:45,12.913
2018-04-19 05:00,12.554
2018-04-19 05:15,12.216
2018-04-19 05:30,11.877
2018-04-19 05:45,11.538
2018-04-19 06:00,11.2
2018-04-19 06:15,10.938
2018-04-19 06:30,10.677
2018-04-19 06:45,10.416
2018-04-19 07:00,10.154
2018-04-19 07:15,10.097
2018-04-19 07:30,10.039
2018-04-19 07:45,9.982
2018-04-19 08:00,9.925
2018-04-19 08:15,10.886
2018-04-19 08:30,11.847
2018-04-19 08:45,12.808
2018-04-19 09:00,13.769
2018-04-19 09:15,14.175
2018-04-19 09:30,14.581
2018-04-19 09:45,14.987
2018-04-19 10:00,15.392
2018-04-19 10:15,15.817
2018-04-19 10:30,16.242
2018-04-19 10:45,16.667
2018-04-19 11:00,17.092
2018-04-19 11:15,17.375
2018-04-19 11:30,17.658
2018-04-19 11:45,17.941
2018-04-19 12:00,18.223
2018-04-19 12:15,18.494
2018-04-19 12:30,18.766
2018-04-19 12:45,19.037
2018-04-19 13:00,19.308
2018-04-19 13:15,19.5
2018-04-19 13:30,19.692
2018-04-19 13:45,19.884
2018-04-19 14:00,20.077
2018-04-19 14:15,20.456
2018-04-19 14:30,20.834
2018-04-19 14:45,21.213
2018-04-19 15:00,21.592
2018-04-19 15:15,21.698
2018-04-19 15:30,21.804
2018-04-19 15:45,21.909
2018-04-19 16:00,22.016
2018-04-19 16:15,22.034
2018-04-19 16:30,22.054
2018-04-19 16:45,22.073
2018-04-19 17:00,22.092
2018-04-19 17:15,22.063
2018-04-19 17:30,22.034
2018-04-19 17:45,22.006
2018-04-19 18:00,21.977
2018-04-19 18:15,21.802
2018-04-19 18:30,21.627
2018-04-19 18:45,21.452
2018-04-19 19:00,21.277
2018-04-19 19:15,20.859
2018-04-19 19:30,20.442
2018-04-19 19:45,20.025
2018-04-19 20:00,19.608
2018-04-19 20:15,19.202
2018-04-19 20:30,18.796
2018-04-19 20:45,18.391
2018-04-19 21:00,17.984
2018-04-19 21:15,17.733
2018-04-19 21:30,17.481
2018-04-19 21:45,17.229
2018-04-19 22:00,16.977
2018-04-19 22:15,16.802
2018-04-19 22:30,16.627
2018-04-19 22:45,16.452
2018-04-19 23:00,16.277
2018-04-19 23:15,16.181
2018-04-19 23:30,16.084
2018-04-19 23:45,15.988
2018-04-20 00:00,15.892
2018-04-20 00:15,15.484
2018-04-20 00:30,15.077
2018-04-20 00:45,14.669
2018-04-20 01:00,14.262
2018-04-20 01:15,14.137
2018-04-20 01:30,14.012
2018-04-20 01:45,13.887
2018-04-20 02:00,13.762
2018-04-20 02:15,13.567
2018-04-20 02:30,13.373
2018-04-20 02:45,13.179
2018-04-20 03:00,12.984
2018-04-20 03:15,12.887
2018-04-20 03:30,12.788
2018-04-20 03:45,12.691
2018-04-20 04:00,12.592
2018-04-20 04:15,12.448
2018-04-20 04:30,12.304
2018-04-20 04:45,12.159
2018-04-20 05:00,12.016
2018-04-20 05:15,12.016
2018-04-20 05:30,12.016
2018-04-20 05:45,12.016
2018-04-20 06:00,12.016
2018-04-20 06:15,12.006
2018-04-20 06:30,11.996
2018-04-20 06:45,11.987
2018-04-20 07:00,11.977
2018-04-20 07:15,11.977
2018-04-20 07:30,11.977
2018-04-20 07:45,11.977
2018-04-20 08:00,11.977
2018-04-20 08:15,12.056
2018-04-20 08:30,12.134
2018-04-20 08:45,12.213
2018-04-20 09:00,12.292
2018-04-20 09:15,12.631
2018-04-20 09:30,12.969
2018-04-20 09:45,13.308
2018-04-20 10:00,13.646
2018-04-20 10:15,14.054
2018-04-20 10:30,14.462
2018-04-20 10:45,14.869
2018-04-20 11:00,15.277
2018-04-20 11:15,15.634
2018-04-20 11:30,15.992
2018-04-20 11:45,16.35
2018-04-20 12:00,16.708
2018-04-20 12:15,17.009
2018-04-20 12:30,17.312
2018-04-20 12:45,17.613
2018-04-20 13:00,17.916
2018-04-20 13:15,18.244
2018-04-20 13:30,18.573
2018-04-20 13:45,18.902
2018-04-20 14:00,19.231
2018-04-20 14:15,19.694
2018-04-20 14:30,20.158
2018-04-20 14:45,20.622
2018-04-20 15:00,21.086
2018-04-20 15:15,21.241
2018-04-20 15:30,21.397
2018-04-20 15:45,21.552
2018-04-20 16:00,21.708
2018-04-20 16:15,21.756
2018-04-20 16:30,21.804
2018-04-20 16:45,21.852
2018-04-20 17:00,21.9
2018-04-20 17:15,21.919
2018-04-20 17:30,21.938
2018-04-20 17:45,21.958
2018-04-20 18:00,21.977
2018-04-20 18:15,21.821
2018-04-20 18:30,21.666
2018-04-20 18:45,21.509
2018-04-20 19:00,21.354
2018-04-20 19:15,21.004
2018-04-20 19:30,20.654
2018-04-20 19:45,20.304
2018-04-20 20:00,19.954
2018-04-20 20:15,19.625
2018-04-20 20:30,19.296
2018-04-20 20:45,18.967
2018-04-20 21:00,18.638
2018-04-20 21:15,18.475
2018-04-20 21:30,18.312
2018-04-20 21:45,18.148
2018-04-20 22:00,17.984
2018-04-20 22:15,17.838
2018-04-20 22:30,17.692
2018-04-20 22:45,17.546
2018-04-20 23:00,17.4
2018-04-20 23:15,17.275
2018-04-20 23:30,17.15
2018-04-20 23:45,17.025
2018-04-21 00:00,16.9
2018-04-21 00:15,16.677
2018-04-21 00:30,16.454
2018-04-21 00:45,16.231
2018-04-21 01:00,16.008
2018-04-21 01:15,16.008
2018-04-21 01:30,16.008
2018-04-21 01:45,16.008
2018-04-21 02:00,16.008
2018-04-21 02:15,15.998
2018-04-21 02:30,15.988
2018-04-21 02:45,15.979
2018-04-21 03:00,15.969
2018-04-21 03:15,15.935
2018-04-21 03:30,15.901
2018-04-21 03:45,15.867
2018-04-21 04:00,15.833
2018-04-21 04:15,15.741
2018-04-21 04:30,15.647
2018-04-21 04:45,15.554
2018-04-21 05:00,15.462
2018-04-21 05:15,15.296
2018-04-21 05:30,15.131
2018-04-21 05:45,14.966
2018-04-21 06:00,14.8
2018-04-21 06:15,14.754
2018-04-21 06:30,14.708
2018-04-21 06:45,14.662
2018-04-21 07:00,14.616
2018-04-21 07:15,14.762
2018-04-21 07:30,14.908
2018-04-21 07:45,15.054
2018-04-21 08:00,15.2
2018-04-21 08:15,15.268
2018-04-21 08:30,15.336
2018-04-21 08:45,15.403
2018-04-21 09:00,15.472
2018-04-21 09:15,15.694
2018-04-21 09:30,15.917
2018-04-21 09:45,16.139
2018-04-21 10:00,16.362
2018-04-21 10:15,16.257
2018-04-21 10:30,16.152
2018-04-21 10:45,16.048
2018-04-21 11:00,15.943
2018-04-21 11:15,15.877
2018-04-21 11:30,15.812
2018-04-21 11:45,15.746
2018-04-21 12:00,15.68
2018-04-21 12:15,15.763
2018-04-21 12:30,15.847
2018-04-21 12:45,15.931
2018-04-21 13:00,16.014
2018-04-21 13:15,16.159
2018-04-21 13:30,16.303
2018-04-21 13:45,16.448
2018-04-21 14:00,16.593
2018-04-21 14:15,16.981
2018-04-21 14:30,17.369
2018-04-21 14:45,17.758
2018-04-21 15:00,18.146
2018-04-21 15:15,18.321
2018-04-21 15:30,18.496
2018-04-21 15:45,18.671
2018-04-21 16:00,18.846
2018-04-21 16:15,19.031
2018-04-21 16:30,19.217
2018-04-21 16:45,19.402
2018-04-21 17:00,19.587
2018-04-21 17:15,19.435
2018-04-21 17:30,19.283
2018-04-21 17:45,19.132
2018-04-21 18:00,18.98
2018-04-21 18:15,18.746
2018-04-21 18:30,18.512
2018-04-21 18:45,18.277
2018-04-21 19:00,18.043
2018-04-21 19:15,17.718
2018-04-21 19:30,17.393
2018-04-21 19:45,17.068
2018-04-21 20:00,16.743
2018-04-21 20:15,16.368
2018-04-21 20:30,15.993
2018-04-21 20:45,15.618
2018-04-21 21:00,15.243
2018-04-21 21:15,14.93
2018-04-21 21:30,14.618
2018-04-21 21:45,14.305
2018-04-21 22:00,13.992
2018-04-21 22:15,13.991
2018-04-21 22:30,13.989
2018-04-21 22:45,13.987
2018-04-21 23:00,13.986
2018-04-21 23:15,13.903
2018-04-21 23:30,13.822
2018-04-21 23:45,13.739
2018-04-22 00:00,13.657
2018-04-22 00:15,13.333
2018-04-22 00:30,13.009
2018-04-22 00:45,12.686
2018-04-22 01:00,12.362
2018-04-22 01:15,12.269
2018-04-22 01:30,12.177
2018-04-22 01:45,12.085
2018-04-22 02:00,11.993
2018-04-22 02:15,12.002
2018-04-22 02:30,12.011
2018-04-22 02:45,12.019
2018-04-22 03:00,12.028
2018-04-22 03:15,12.025
2018-04-22 03:30,12.022
2018-04-22 03:45,12.019
2018-04-22 04:00,12.016
2018-04-22 04:15,12.016
2018-04-22 04:30,12.016
2018-04-22 04:45,12.016
2018-04-22 05:00,12.016
2018-04-22 05:15,12.016
2018-04-22 05:30,12.016
2018-04-22 05:45,12.016
2018-04-22 06:00,12.016
2018-04-22 06:15,12.006
2018-04-22 06:30,11.996
2018-04-22 06:45,11.987
2018-04-22 07:00,11.977
2018-04-22 07:15,11.854
2018-04-22 07:30,11.731
2018-04-22 07:45,11.608
2018-04-22 08:00,11.486
2018-04-22 08:15,11.707
2018-04-22 08:30,11.927
2018-04-22 08:45,12.148
2018-04-22 09:00,12.369
2018-04-22 09:15,12.65
2018-04-22 09:30,12.931
2018-04-22 09:45,13.212
2018-04-22 10:00,13.492
2018-04-22 10:15,13.9
2018-04-22 10:30,14.308
2018-04-22 10:45,14.716
2018-04-22 11:00,15.123
2018-04-22 11:15,15.433
2018-04-22 11:30,15.742
2018-04-22 11:45,16.052
2018-04-22 12:00,16.362
2018-04-22 12:15,16.633
2018-04-22 12:30,16.904
2018-04-22 12:45,17.175
2018-04-22 13:00,17.446
2018-04-22 13:15,17.621
2018-04-22 13:30,17.796
2018-04-22 13:45,17.971
2018-04-22 14:00,18.146
2018-04-22 14:15,18.271
2018-04-22 14:30,18.396
2018-04-22 14:45,18.521
2018-04-22 15:00,18.646
2018-04-22 15:15,18.842
2018-04-22 15:30,19.038
2018-04-22 15:45,19.234
2018-04-22 16:00,19.431
2018-04-22 16:15,19.437
2018-04-22 16:30,19.442
2018-04-22 16:45,19.448
2018-04-22 17:00,19.454
2018-04-22 17:15,19.502
2018-04-22 17:30,19.55
2018-04-22 17:45,19.598
2018-04-22 18:00,19.646
2018-04-22 18:15,19.646
2018-04-22 18:30,19.646
2018-04-22 18:45,19.646
2018-04-22 19:00,19.646
2018-04-22 19:15,19.433
2018-04-22 19:30,19.219
2018-04-22 19:45,19.006
2018-04-22 20:00,18.792
2018-04-22 20:15,18.404
2018-04-22 20:30,18.016
2018-04-22 20:45,17.627
2018-04-22 21:00,17.238
2018-04-22 21:15,16.706
2018-04-22 21:30,16.173
2018-04-22 21:45,15.641
2018-04-22 22:00,15.108
2018-04-22 22:15,14.798
2018-04-22 22:30,14.488
2018-04-22 22:45,14.179
2018-04-22 23:00,13.869
2018-04-22 23:15,13.784
2018-04-22 23:30,13.7
2018-04-22 23:45,13.616
2018-04-23 00:00,13.531
2018-04-23 00:15,13.413
2018-04-23 00:30,13.296
2018-04-23 00:45,13.179
2018-04-23 01:00,13.062
2018-04-23 01:15,13.042
2018-04-23 01:30,13.023
2018-04-23 01:45,13.004
2018-04-23 02:00,12.984
2018-04-23 02:15,12.984
2018-04-23 02:30,12.984
2018-04-23 02:45,12.984
2018-04-23 03:00,12.984
2018-04-23 03:15,12.858
2018-04-23 03:30,12.731
2018-04-23 03:45,12.604
2018-04-23 04:00,12.477
2018-04-23 04:15,12.088
2018-04-23 04:30,11.7
2018-04-23 04:45,11.312
2018-04-23 05:00,10.923
2018-04-23 05:15,10.838
2018-04-23 05:30,10.754
2018-04-23 05:45,10.669
2018-04-23 06:00,10.584
2018-04-23 06:15,10.652
2018-04-23 06:30,10.719
2018-04-23 06:45,10.787
2018-04-23 07:00,10.854
2018-04-23 07:15,11.096
2018-04-23 07:30,11.337
2018-04-23 07:45,11.578
2018-04-23 08:00,11.82
2018-04-23 08:15,12.219
2018-04-23 08:30,12.618
2018-04-23 08:45,13.017
2018-04-23 09:00,13.416
2018-04-23 09:15,14.219
2018-04-23 09:30,15.023
2018-04-23 09:45,15.827
2018-04-23 10:00,16.631
2018-04-23 10:15,17.096
2018-04-23 10:30,17.562
2018-04-23 10:45,18.027
2018-04-23 11:00,18.492
2018-04-23 11:15,18.929
2018-04-23 11:30,19.366
2018-04-23 11:45,19.802
2018-04-23 12:00,20.238
2018-04-23 12:15,20.606
2018-04-23 12:30,20.973
2018-04-23 12:45,21.341
2018-04-23 13:00,21.708
2018-04-23 13:15,21.969
2018-04-23 13:30,22.231
2018-04-23 13:45,22.492
2018-04-23 14:00,22.754
2018-04-23 14:15,23.025
2018-04-23 14:30,23.296
2018-04-23 14:45,23.567
2018-04-23 15:00,23.838
2018-04-23 15:15,23.994
2018-04-23 15:30,24.15
2018-04-23 15:45,24.306
2018-04-23 16:00,24.462
2018-04-23 16:15,24.566
2018-04-23 16:30,24.669
2018-04-23 16:45,24.773
2018-04-23 17:00,24.877
2018-04-23 17:15,24.862
2018-04-23 17:30,24.846
2018-04-23 17:45,24.831
2018-04-23 18:00,24.816
2018-04-23 18:15,24.773
2018-04-23 18:30,24.731
2018-04-23 18:45,24.688
2018-04-23 19:00,24.646
2018-04-23 19:15,24.248
2018-04-23 19:30,23.85
2018-04-23 19:45,23.452
2018-04-23 20:00,23.054
2018-04-23 20:15,22.571
2018-04-23 20:30,22.088
2018-04-23 20:45,21.606
2018-04-23 21:00,21.123
2018-04-23 21:15,20.869
2018-04-23 21:30,20.616
2018-04-23 21:45,20.362
2018-04-23 22:00,20.108
2018-04-23 22:15,19.731
2018-04-23 22:30,19.354
2018-04-23 22:45,18.977
2018-04-23 23:00,18.6
2018-04-23 23:15,18.388
2018-04-23 23:30,18.177
2018-04-23 23:45,17.966
2018-04-24 00:00,17.754
2018-04-24 00:15,17.442
2018-04-24 00:30,17.131
2018-04-24 00:45,16.819
2018-04-24 01:00,16.508
2018-04-24 01:15,16.273
2018-04-24 01:30,16.038
2018-04-24 01:45,15.804
2018-04-24 02:00,15.569
2018-04-24 02:15,15.573
2018-04-24 02:30,15.577
2018-04-24 02:45,15.581
2018-04-24 03:00,15.584
2018-04-24 03:15,15.091
2018-04-24 03:30,14.596
2018-04-24 03:45,14.102
2018-04-24 04:00,13.608
2018-04-24 04:15,13.713
2018-04-24 04:30,13.819
2018-04-24 04:45,13.925
2018-04-24 05:00,14.031
2018-04-24 05:15,14.119
2018-04-24 05:30,14.208
2018-04-24 05:45,14.296
2018-04-24 06:00,14.384
2018-04-24 06:15,14.334
2018-04-24 06:30,14.284
2018-04-24 06:45,14.234
2018-04-24 07:00,14.184
2018-04-24 07:15,14.313
2018-04-24 07:30,14.442
2018-04-24 07:45,14.571
2018-04-24 08:00,14.7
2018-04-24 08:15,15.484
2018-04-24 08:30,16.269
2018-04-24 08:45,17.054
2018-04-24 09:00,17.838
2018-04-24 09:15,18.546
2018-04-24 09:30,19.254
2018-04-24 09:45,19.962
2018-04-24 10:00,20.669
2018-04-24 10:15,21.25
2018-04-24 10:30,21.831
2018-04-24 10:45,22.412
2018-04-24 11:00,22.992
2018-04-24 11:15,23.506
2018-04-24 11:30,24.019
2018-04-24 11:45,24.533
2018-04-24 12:00,25.046
2018-04-24 12:15,25.384
2018-04-24 12:30,25.723
2018-04-24 12:45,26.062
2018-04-24 13:00,26.4
2018-04-24 13:15,26.554
2018-04-24 13:30,26.708
2018-04-24 13:45,26.862
2018-04-24 14:00,27.016
2018-04-24 14:15,27.229
2018-04-24 14:30,27.442
2018-04-24 14:45,27.656
2018-04-24 15:00,27.869
2018-04-24 15:15,28.016
2018-04-24 15:30,28.162
2018-04-24 15:45,28.308
2018-04-24 16:00,28.454
2018-04-24 16:15,28.559
2018-04-24 16:30,28.666
2018-04-24 16:45,28.771
2018-04-24 17:00,28.877
2018-04-24 17:15,28.906
2018-04-24 17:30,28.934
2018-04-24 17:45,28.963
2018-04-24 18:00,28.992
2018-04-24 18:15,28.827
2018-04-24 18:30,28.662
2018-04-24 18:45,28.496
2018-04-24 19:00,28.331
2018-04-24 19:15,28.088
2018-04-24 19:30,27.846
2018-04-24 19:45,27.604
2018-04-24 20:00,27.362
2018-04-24 20:15,27.052
2018-04-24 20:30,26.742
2018-04-24 20:45,26.433
2018-04-24 21:00,26.123
2018-04-24 21:15,25.706
2018-04-24 21:30,25.288
2018-04-24 21:45,24.871
2018-04-24 22:00,24.454
2018-04-24 22:15,24.319
2018-04-24 22:30,24.184
2018-04-24 22:45,24.05
2018-04-24 23:00,23.916
2018-04-24 23:15,23.623
2018-04-24 23:30,23.331
2018-04-24 23:45,23.038
2018-04-25 00:00,22.746
2018-04-25 00:15,22.476
2018-04-25 00:30,22.207
2018-04-25 00:45,21.937
2018-04-25 01:00,21.667
2018-04-25 01:15,21.531
2018-04-25 01:30,21.395
2018-04-25 01:45,21.259
2018-04-25 02:00,21.123
2018-04-25 02:15,20.687
2018-04-25 02:30,20.25
2018-04-25 02:45,19.813
2018-04-25 03:00,19.377
2018-04-25 03:15,19.367
2018-04-25 03:30,19.358
2018-04-25 03:45,19.348
2018-04-25 04:00,19.338
2018-04-25 04:15,19.338
2018-04-25 04:30,19.338
2018-04-25 04:45,19.338
2018-04-25 05:00,19.338
2018-04-25 05:15,19.183
2018-04-25 05:30,19.027
2018-04-25 05:45,18.871
2018-04-25 06:00,18.716
2018-04-25 06:15,18.606
2018-04-25 06:30,18.495
2018-04-25 06:45,18.385
2018-04-25 07:00,18.275
2018-04-25 07:15,18.172
2018-04-25 07:30,18.068
2018-04-25 07:45,17.965
2018-04-25 08:00,17.862
2018-04-25 08:15,17.217
2018-04-25 08:30,16.572
2018-04-25 08:45,15.928
2018-04-25 09:00,15.283
2018-04-25 09:15,14.989
2018-04-25 09:30,14.696
2018-04-25 09:45,14.402
2018-04-25 10:00,14.108
2018-04-25 10:15,14.096
2018-04-25 10:30,14.084
2018-04-25 10:45,14.073
2018-04-25 11:00,14.062
2018-04-25 11:15,14.306
2018-04-25 11:30,14.55
2018-04-25 11:45,14.794
2018-04-25 12:00,15.038
2018-04-25 12:15,14.954
2018-04-25 12:30,14.869
2018-04-25 12:45,14.784
2018-04-25 13:00,14.7
2018-04-25 13:15,14.391
2018-04-25 13:30,14.082
2018-04-25 13:45,13.773
2018-04-25 14:00,13.464
2018-04-25 14:15,13.369
2018-04-25 14:30,13.275
2018-04-25 14:45,13.181
2018-04-25 15:00,13.086
2018-04-25 15:15,12.929
2018-04-25 15:30,12.772
2018-04-25 15:45,12.615
2018-04-25 16:00,12.458
2018-04-25 16:15,12.348
2018-04-25 16:30,12.237
2018-04-25 16:45,12.126
2018-04-25 17:00,12.016
2018-04-25 17:15,12.016
2018-04-25 17:30,12.016
2018-04-25 17:45,12.016
2018-04-25 18:00,12.016
2018-04-25 18:15,12.065
2018-04-25 18:30,12.114
2018-04-25 18:45,12.164
2018-04-25 19:00,12.213
2018-04-25 19:15,12.337
2018-04-25 19:30,12.461
2018-04-25 19:45,12.584
2018-04-25 20:00,12.708
2018-04-25 20:15,12.379
2018-04-25 20:30,12.05
2018-04-25 20:45,11.721
2018-04-25 21:00,11.392
2018-04-25 21:15,11.287
2018-04-25 21:30,11.181
2018-04-25 21:45,11.075
2018-04-25 22:00,10.969
2018-04-25 22:15,10.938
2018-04-25 22:30,10.908
2018-04-25 22:45,10.877
2018-04-25 23:00,10.846
2018-04-25 23:15,10.858
2018-04-25 23:30,10.869
2018-04-25 23:45,10.881
2018-04-26 00:00,10.892
2018-04-26 00:15,10.669
2018-04-26 00:30,10.446
2018-04-26 00:45,10.223
2018-04-26 01:00,10.0
2018-04-26 01:15,9.777
2018-04-26 01:30,9.554
2018-04-26 01:45,9.331
2018-04-26 02:00,9.108
2018-04-26 02:15,9.079
2018-04-26 02:30,9.05
2018-04-26 02:45,9.021
2018-04-26 03:00,8.992
2018-04-26 03:15,8.992
2018-04-26 03:30,8.992
2018-04-26 03:45,8.992
2018-04-26 04:00,8.992
2018-04-26 04:15,8.884
2018-04-26 04:30,8.777
2018-04-26 04:45,8.669
2018-04-26 05:00,8.562
2018-04-26 05:15,8.417
2018-04-26 05:30,8.273
2018-04-26 05:45,8.129
2018-04-26 06:00,7.984
2018-04-26 06:15,8.025
2018-04-26 06:30,8.066
2018-04-26 06:45,8.106
2018-04-26 07:00,8.146
2018-04-26 07:15,8.283
2018-04-26 07:30,8.419
2018-04-26 07:45,8.556
2018-04-26 08:00,8.692
2018-04-26 08:15,9.525
2018-04-26 08:30,10.358
2018-04-26 08:45,11.191
2018-04-26 09:00,12.023
2018-04-26 09:15,12.721
2018-04-26 09:30,13.419
2018-04-26 09:45,14.117
2018-04-26 10:00,14.816
2018-04-26 10:15,15.404
2018-04-26 10:30,15.992
2018-04-26 10:45,16.581
2018-04-26 11:00,17.169
2018-04-26 11:15,17.577
2018-04-26 11:30,17.984
2018-04-26 11:45,18.392
2018-04-26 12:00,18.8
2018-04-26 12:15,19.062
2018-04-26 12:30,19.323
2018-04-26 12:45,19.584
2018-04-26 13:00,19.846
2018-04-26 13:15,20.117
2018-04-26 13:30,20.388
2018-04-26 13:45,20.659
2018-04-26 14:00,20.931
2018-04-26 14:15,21.213
2018-04-26 14:30,21.496
2018-04-26 14:45,21.779
2018-04-26 15:00,22.062
2018-04-26 15:15,22.283
2018-04-26 15:30,22.504
2018-04-26 15:45,22.725
2018-04-26 16:00,22.946
2018-04-26 16:15,23.042
2018-04-26 16:30,23.138
2018-04-26 16:45,23.234
2018-04-26 17:00,23.331
2018-04-26 17:15,23.408
2018-04-26 17:30,23.484
2018-04-26 17:45,23.562
2018-04-26 18:00,23.638
2018-04-26 18:15,23.444
2018-04-26 18:30,23.25
2018-04-26 18:45,23.056
2018-04-26 19:00,22.862
2018-04-26 19:15,22.621
2018-04-26 19:30,22.381
2018-04-26 19:45,22.141
2018-04-26 20:00,21.9
2018-04-26 20:15,21.617
2018-04-26 20:30,21.334
2018-04-26 20:45,21.052
2018-04-26 21:00,20.769
2018-04-26 21:15,20.616
2018-04-26 21:30,20.462
2018-04-26 21:45,20.308
2018-04-26 22:00,20.154
2018-04-26 22:15,19.691
2018-04-26 22:30,19.227
2018-04-26 22:45,18.763
2018-04-26 23:00,18.3
2018-04-26 23:15,18.184
2018-04-26 23:30,18.068
2018-04-26 23:45,17.952
2018-04-27 00:00,17.836
2018-04-27 00:15,17.602
2018-04-27 00:30,17.368
2018-04-27 00:45,17.134
2018-04-27 01:00,16.9
2018-04-27 01:15,16.85
2018-04-27 01:30,16.8
2018-04-27 01:45,16.75
2018-04-27 02:00,16.7
2018-04-27 02:15,16.457
2018-04-27 02:30,16.214
2018-04-27 02:45,15.971
2018-04-27 03:00,15.727
2018-04-27 03:15,15.468
2018-04-27 03:30,15.21
2018-04-27 03:45,14.951
2018-04-27 04:00,14.692
2018-04-27 04:15,14.546
2018-04-27 04:30,14.4
2018-04-27 04:45,14.254
2018-04-27 05:00,14.108
2018-04-27 05:15,14.234
2018-04-27 05:30,14.362
2018-04-27 05:45,14.488
2018-04-27 06:00,14.616
2018-04-27 06:15,14.596
2018-04-27 06:30,14.577
2018-04-27 06:45,14.558
2018-04-27 07:00,14.538
2018-04-27 07:15,14.723
2018-04-27 07:30,14.908
2018-04-27 07:45,15.092
2018-04-27 08:00,15.277
2018-04-27 08:15,15.723
2018-04-27 08:30,16.169
2018-04-27 08:45,16.616
2018-04-27 09:00,17.062
2018-04-27 09:15,17.596
2018-04-27 09:30,18.131
2018-04-27 09:45,18.666
2018-04-27 10:00,19.2
2018-04-27 10:15,19.741
2018-04-27 10:30,20.281
2018-04-27 10:45,20.821
2018-04-27 11:00,21.362
2018-04-27 11:15,21.681
2018-04-27 11:30,22.0
2018-04-27 11:45,22.319
2018-04-27 12:00,22.638
2018-04-27 12:15,22.967
2018-04-27 12:30,23.296
2018-04-27 12:45,23.625
2018-04-27 13:00,23.954
2018-04-27 13:15,24.254
2018-04-27 13:30,24.554
2018-04-27 13:45,24.854
2018-04-27 14:00,25.154
2018-04-27 14:15,25.387
2018-04-27 14:30,25.619
2018-04-27 14:45,25.852
2018-04-27 15:00,26.084
2018-04-27 15:15,26.192
2018-04-27 15:30,26.3
2018-04-27 15:45,26.408
2018-04-27 16:00,26.516
2018-04-27 16:15,26.631
2018-04-27 16:30,26.746
2018-04-27 16:45,26.862
2018-04-27 17:00,26.977
2018-04-27 17:15,26.977
2018-04-27 17:30,26.977
2018-04-27 17:45,26.977
2018-04-27 18:00,26.977
2018-04-27 18:15,26.802
2018-04-27 18:30,26.627
2018-04-27 18:45,26.452
2018-04-27 19:00,26.277
2018-04-27 19:15,25.867
2018-04-27 19:30,25.458
2018-04-27 19:45,25.048
2018-04-27 20:00,24.638
2018-04-27 20:15,24.098
2018-04-27 20:30,23.558
2018-04-27 20:45,23.017
2018-04-27 21:00,22.477
2018-04-27 21:15,21.846
2018-04-27 21:30,21.216
2018-04-27 21:45,20.584
2018-04-27 22:00,19.954
2018-04-27 22:15,19.488
2018-04-27 22:30,19.023
2018-04-27 22:45,18.558
2018-04-27 23:00,18.092
2018-04-27 23:15,18.008
2018-04-27 23:30,17.923
2018-04-27 23:45,17.838
2018-04-28 00:00,17.754
2018-04-28 00:15,17.577
2018-04-28 00:30,17.4
2018-04-28 00:45,17.223
2018-04-28 01:00,17.046
2018-04-28 01:15,16.708
2018-04-28 01:30,16.369
2018-04-28 01:45,16.031
2018-04-28 02:00,15.692
2018-04-28 02:15,15.469
2018-04-28 02:30,15.246
2018-04-28 02:45,15.023
2018-04-28 03:00,14.8
2018-04-28 03:15,14.559
2018-04-28 03:30,14.319
2018-04-28 03:45,14.079
2018-04-28 04:00,13.838
2018-04-28 04:15,13.479
2018-04-28 04:30,13.119
2018-04-28 04:45,12.759
2018-04-28 05:00,12.4
2018-04-28 05:15,12.304
2018-04-28 05:30,12.208
2018-04-28 05:45,12.112
2018-04-28 06:00,12.016
2018-04-28 06:15,12.034
2018-04-28 06:30,12.054
2018-04-28 06:45,12.073
2018-04-28 07:00,12.092
2018-04-28 07:15,12.221
2018-04-28 07:30,12.35
2018-04-28 07:45,12.479
2018-04-28 08:00,12.608
2018-04-28 08:15,13.577
2018-04-28 08:30,14.546
2018-04-28 08:45,15.516
2018-04-28 09:00,16.484
2018-04-28 09:15,17.55
2018-04-28 09:30,18.616
2018-04-28 09:45,19.681
2018-04-28 10:00,20.746
2018-04-28 10:15,21.433
2018-04-28 10:30,22.119
2018-04-28 10:45,22.806
2018-04-28 11:00,23.492
2018-04-28 11:15,23.977
2018-04-28 11:30,24.462
2018-04-28 11:45,24.946
2018-04-28 12:00,25.431
2018-04-28 12:15,25.769
2018-04-28 12:30,26.108
2018-04-28 12:45,26.446
2018-04-28 13:00,26.784
2018-04-28 13:15,27.087
2018-04-28 13:30,27.388
2018-04-28 13:45,27.691
2018-04-28 14:00,27.992
2018-04-28 14:15,28.204
2018-04-28 14:30,28.416
2018-04-28 14:45,28.627
2018-04-28 15:00,28.838
2018-04-28 15:15,28.887
2018-04-28 15:30,28.934
2018-04-28 15:45,28.983
2018-04-28 16:00,29.031
2018-04-28 16:15,29.088
2018-04-28 16:30,29.146
2018-04-28 16:45,29.204
2018-04-28 17:00,29.262
2018-04-28 17:15,29.242
2018-04-28 17:30,29.223
2018-04-28 17:45,29.204
2018-04-28 18:00,29.184
2018-04-28 18:15,29.067
2018-04-28 18:30,28.95
2018-04-28 18:45,28.833
2018-04-28 19:00,28.716
2018-04-28 19:15,28.358
2018-04-28 19:30,28.0
2018-04-28 19:45,27.642
2018-04-28 20:00,27.284
2018-04-28 20:15,26.791
2018-04-28 20:30,26.296
2018-04-28 20:45,25.802
2018-04-28 21:00,25.308
2018-04-28 21:15,25.017
2018-04-28 21:30,24.727
2018-04-28 21:45,24.437
2018-04-28 22:00,24.146
2018-04-28 22:15,23.719
2018-04-28 22:30,23.292
2018-04-28 22:45,22.866
2018-04-28 23:00,22.438
2018-04-28 23:15,22.002
2018-04-28 23:30,21.566
2018-04-28 23:45,21.129
2018-04-29 00:00,20.692
2018-04-29 00:15,20.762
2018-04-29 00:30,20.831
2018-04-29 00:45,20.9
2018-04-29 01:00,20.969
2018-04-29 01:15,20.706
2018-04-29 01:30,20.442
2018-04-29 01:45,20.179
2018-04-29 02:00,19.916
2018-04-29 02:15,19.462
2018-04-29 02:30,19.008
2018-04-29 02:45,18.554
2018-04-29 03:00,18.1
2018-04-29 03:15,18.081
2018-04-29 03:30,18.062
2018-04-29 03:45,18.042
2018-04-29 04:00,18.023
2018-04-29 04:15,18.091
2018-04-29 04:30,18.158
2018-04-29 04:45,18.225
2018-04-29 05:00,18.292
2018-04-29 05:15,18.1
2018-04-29 05:30,17.908
2018-04-29 05:45,17.716
2018-04-29 06:00,17.523
2018-04-29 06:15,17.502
2018-04-29 06:30,17.481
2018-04-29 06:45,17.459
2018-04-29 07:00,17.438
2018-04-29 07:15,17.383
2018-04-29 07:30,17.327
2018-04-29 07:45,17.271
2018-04-29 08:00,17.216
2018-04-29 08:15,17.75
2018-04-29 08:30,18.284
2018-04-29 08:45,18.819
2018-04-29 09:00,19.354
2018-04-29 09:15,20.206
2018-04-29 09:30,21.058
2018-04-29 09:45,21.909
2018-04-29 10:00,22.762
2018-04-29 10:15,23.469
2018-04-29 10:30,24.177
2018-04-29 10:45,24.884
2018-04-29 11:00,25.592
2018-04-29 11:15,26.056
2018-04-29 11:30,26.519
2018-04-29 11:45,26.983
2018-04-29 12:00,27.446
2018-04-29 12:15,27.641
2018-04-29 12:30,27.834
2018-04-29 12:45,28.029
2018-04-29 13:00,28.223
2018-04-29 13:15,28.387
2018-04-29 13:30,28.55
2018-04-29 13:45,28.713
2018-04-29 14:00,28.877
2018-04-29 14:15,28.934
2018-04-29 14:30,28.992
2018-04-29 14:45,29.05
2018-04-29 15:00,29.108
2018-04-29 15:15,29.292
2018-04-29 15:30,29.477
2018-04-29 15:45,29.662
2018-04-29 16:00,29.846
2018-04-29 16:15,29.738
2018-04-29 16:30,29.631
2018-04-29 16:45,29.523
2018-04-29 17:00,29.416
2018-04-29 17:15,29.329
2018-04-29 17:30,29.242
2018-04-29 17:45,29.156
2018-04-29 18:00,29.069
2018-04-29 18:15,28.875
2018-04-29 18:30,28.681
2018-04-29 18:45,28.487
2018-04-29 19:00,28.292
2018-04-29 19:15,27.991
2018-04-29 19:30,27.688
2018-04-29 19:45,27.387
2018-04-29 20:00,27.084
2018-04-29 20:15,26.698
2018-04-29 20:30,26.312
2018-04-29 20:45,25.925
2018-04-29 21:00,25.538
2018-04-29 21:15,25.209
2018-04-29 21:30,24.881
2018-04-29 21:45,24.552
2018-04-29 22:00,24.223
2018-04-29 22:15,23.933
2018-04-29 22:30,23.642
2018-04-29 22:45,23.352
2018-04-29 23:00,23.062
2018-04-29 23:15,22.927
2018-04-29 23:30,22.792
2018-04-29 23:45,22.658
2018-04-30 00:00,22.523
2018-04-30 00:15,22.434
2018-04-30 00:30,22.346
2018-04-30 00:45,22.258
2018-04-30 01:00,22.169
2018-04-30 01:15,22.102
2018-04-30 01:30,22.034
2018-04-30 01:45,21.967
2018-04-30 02:00,21.9
2018-04-30 02:15,21.617
2018-04-30 02:30,21.334
2018-04-30 02:45,21.052
2018-04-30 03:00,20.769
2018-04-30 03:15,20.431
2018-04-30 03:30,20.092
2018-04-30 03:45,19.754
2018-04-30 04:00,19.416
2018-04-30 04:15,19.192
2018-04-30 04:30,18.969
2018-04-30 04:45,18.746
2018-04-30 05:00,18.523
2018-04-30 05:15,18.117
2018-04-30 05:30,17.712
2018-04-30 05:45,17.306
2018-04-30 06:00,16.9
2018-04-30 06:15,16.919
2018-04-30 06:30,16.938
2018-04-30 06:45,16.958
2018-04-30 07:00,16.977
2018-04-30 07:15,17.084
2018-04-30 07:30,17.192
2018-04-30 07:45,17.3
2018-04-30 08:00,17.408
2018-04-30 08:15,17.702
2018-04-30 08:30,17.997
2018-04-30 08:45,18.291
2018-04-30 09:00,18.586
2018-04-30 09:15,18.716
2018-04-30 09:30,18.847
2018-04-30 09:45,18.977
2018-04-30 10:00,19.108
2018-04-30 10:15,19.711
2018-04-30 10:30,20.314
2018-04-30 10:45,20.918
2018-04-30 11:00,21.522
2018-04-30 11:15,22.003
2018-04-30 11:30,22.486
2018-04-30 11:45,22.968
2018-04-30 12:00,23.45
2018-04-30 12:15,24.063
2018-04-30 12:30,24.675
2018-04-30 12:45,25.288
2018-04-30 13:00,25.9
2018-04-30 13:15,26.054
2018-04-30 13:30,26.208
2018-04-30 13:45,26.362
2018-04-30 14:00,26.516
2018-04-30 14:15,26.748
2018-04-30 14:30,26.981
2018-04-30 14:45,27.213
2018-04-30 15:00,27.446
2018-04-30 15:15,27.521
2018-04-30 15:30,27.596
2018-04-30 15:45,27.671
2018-04-30 16:00,27.746
2018-04-30 16:15,27.573
2018-04-30 16:30,27.4
2018-04-30 16:45,27.227
2018-04-30 17:00,27.054
2018-04-30 17:15,26.946
2018-04-30 17:30,26.838
2018-04-30 17:45,26.731
2018-04-30 18:00,26.623
2018-04-30 18:15,26.371
2018-04-30 18:30,26.119
2018-04-30 18:45,25.867
2018-04-30 19:00,25.616
2018-04-30 19:15,25.354
2018-04-30 19:30,25.092
2018-04-30 19:45,24.831
2018-04-30 20:00,24.569
2018-04-30 20:15,24.425
2018-04-30 20:30,24.281
2018-04-30 20:45,24.137
2018-04-30 21:00,23.992
2018-04-30 21:15,23.992
2018-04-30 21:30,23.992
2018-04-30 21:45,23.992
2018-04-30 22:00,23.992
2018-04-30 22:15,23.904
2018-04-30 22:30,23.816
2018-04-30 22:45,23.727
2018-04-30 23:00,23.638
2018-04-30 23:15,23.484
2018-04-30 23:30,23.331
2018-04-30 23:45,23.177
2018-05-01 00:00,23.023
2018-05-01 00:15,23.01
2018-05-01 00:30,22.997
2018-05-01 00:45,22.984
2018-05-01 01:00,22.972
2018-05-01 01:15,22.752
2018-05-01 01:30,22.532
2018-05-01 01:45,22.312
2018-05-01 02:00,22.092
2018-05-01 02:15,22.067
2018-05-01 02:30,22.043
2018-05-01 02:45,22.018
2018-05-01 03:00,21.993
2018-05-01 03:15,21.989
2018-05-01 03:30,21.985
2018-05-01 03:45,21.981
2018-05-01 04:00,21.977
2018-05-01 04:15,21.977
2018-05-01 04:30,21.977
2018-05-01 04:45,21.977
2018-05-01 05:00,21.977
2018-05-01 05:15,21.977
2018-05-01 05:30,21.977
2018-05-01 05:45,21.977
2018-05-01 06:00,21.977
2018-05-01 06:15,21.958
2018-05-01 06:30,21.938
2018-05-01 06:45,21.919
2018-05-01 07:00,21.9
2018-05-01 07:15,21.929
2018-05-01 07:30,21.958
2018-05-01 07:45,21.987
2018-05-01 08:00,22.016
2018-05-01 08:15,22.016
2018-05-01 08:30,22.016
2018-05-01 08:45,22.016
2018-05-01 09:00,22.016
2018-05-01 09:15,22.258
2018-05-01 09:30,22.5
2018-05-01 09:45,22.742
2018-05-01 10:00,22.984
2018-05-01 10:15,23.044
2018-05-01 10:30,23.104
2018-05-01 10:45,23.163
2018-05-01 11:00,23.223
2018-05-01 11:15,23.475
2018-05-01 11:30,23.727
2018-05-01 11:45,23.979
2018-05-01 12:00,24.231
2018-05-01 12:15,24.589
2018-05-01 12:30,24.948
2018-05-01 12:45,25.306
2018-05-01 13:00,25.664
2018-05-01 13:15,25.707
2018-05-01 13:30,25.75
2018-05-01 13:45,25.793
2018-05-01 14:00,25.836
2018-05-01 14:15,25.975
2018-05-01 14:30,26.114
2018-05-01 14:45,26.253
2018-05-01 15:00,26.392
2018-05-01 15:15,26.121
2018-05-01 15:30,25.85
2018-05-01 15:45,25.579
2018-05-01 16:00,25.308
2018-05-01 16:15,25.681
2018-05-01 16:30,26.054
2018-05-01 16:45,26.427
2018-05-01 17:00,26.8
2018-05-01 17:15,26.84
2018-05-01 17:30,26.88
2018-05-01 17:45,26.92
2018-05-01 18:00,26.96
2018-05-01 18:15,26.895
2018-05-01 18:30,26.83
2018-05-01 18:45,26.765
2018-05-01 19:00,26.7
2018-05-01 19:15,26.53
2018-05-01 19:30,26.36
2018-05-01 19:45,26.19
2018-05-01 20:00,26.02
2018-05-01 20:15,26.007
2018-05-01 20:30,25.994
2018-05-01 20:45,25.982
2018-05-01 21:00,25.969
2018-05-01 21:15,25.804
2018-05-01 21:30,25.638
2018-05-01 21:45,25.473
2018-05-01 22:00,25.308
2018-05-01 22:15,25.113
2018-05-01 22:30,24.919
2018-05-01 22:45,24.725
2018-05-01 23:00,24.531
2018-05-01 23:15,24.288
2018-05-01 23:30,24.046
2018-05-01 23:45,23.804
2018-05-02 00:00,23.562
2018-05-02 00:15,23.423
2018-05-02 00:30,23.284
2018-05-02 00:45,23.146
2018-05-02 01:00,23.007
2018-05-02 01:15,22.993
2018-05-02 01:30,22.978
2018-05-02 01:45,22.964
2018-05-02 02:00,22.95
2018-05-02 02:15,22.953
2018-05-02 02:30,22.955
2018-05-02 02:45,22.958
2018-05-02 03:00,22.96
2018-05-02 03:15,22.966
2018-05-02 03:30,22.972
2018-05-02 03:45,22.978
2018-05-02 04:00,22.984
2018-05-02 04:15,22.981
2018-05-02 04:30,22.978
2018-05-02 04:45,22.975
2018-05-02 05:00,22.972
2018-05-02 05:15,22.975
2018-05-02 05:30,22.978
2018-05-02 05:45,22.981
2018-05-02 06:00,22.984
2018-05-02 06:15,22.994
2018-05-02 06:30,23.004
2018-05-02 06:45,23.013
2018-05-02 07:00,23.023
2018-05-02 07:15,23.023
2018-05-02 07:30,23.023
2018-05-02 07:45,23.023
2018-05-02 08:00,23.023
2018-05-02 08:15,23.054
2018-05-02 08:30,23.084
2018-05-02 08:45,23.116
2018-05-02 09:00,23.146
2018-05-02 09:15,23.475
2018-05-02 09:30,23.804
2018-05-02 09:45,24.133
2018-05-02 10:00,24.462
2018-05-02 10:15,24.853
2018-05-02 10:30,25.244
2018-05-02 10:45,25.636
2018-05-02 11:00,26.027
2018-05-02 11:15,26.195
2018-05-02 11:30,26.363
2018-05-02 11:45,26.532
2018-05-02 12:00,26.7
2018-05-02 12:15,26.809
2018-05-02 12:30,26.919
2018-05-02 12:45,27.029
2018-05-02 13:00,27.138
2018-05-02 13:15,27.439
2018-05-02 13:30,27.741
2018-05-02 13:45,28.042
2018-05-02 14:00,28.343
2018-05-02 14:15,28.771
2018-05-02 14:30,29.198
2018-05-02 14:45,29.626
2018-05-02 15:00,30.054
2018-05-02 15:15,30.331
2018-05-02 15:30,30.608
2018-05-02 15:45,30.884
2018-05-02 16:00,31.162
2018-05-02 16:15,31.094
2018-05-02 16:30,31.027
2018-05-02 16:45,30.959
2018-05-02 17:00,30.892
2018-05-02 17:15,30.912
2018-05-02 17:30,30.931
2018-05-02 17:45,30.95
2018-05-02 18:00,30.969
2018-05-02 18:15,30.9
2018-05-02 18:30,30.831
2018-05-02 18:45,30.762
2018-05-02 19:00,30.692
2018-05-02 19:15,30.287
2018-05-02 19:30,29.881
2018-05-02 19:45,29.475
2018-05-02 20:00,29.069
2018-05-02 20:15,29.05
2018-05-02 20:30,29.031
2018-05-02 20:45,29.012
2018-05-02 21:00,28.992
2018-05-02 21:15,28.75
2018-05-02 21:30,28.508
2018-05-02 21:45,28.266
2018-05-02 22:00,28.023
2018-05-02 22:15,28.013
2018-05-02 22:30,28.004
2018-05-02 22:45,27.994
2018-05-02 23:00,27.984
2018-05-02 23:15,27.858
2018-05-02 23:30,27.731
2018-05-02 23:45,27.604
2018-05-03 00:00,27.477
2018-05-03 00:15,27.283
2018-05-03 00:30,27.088
2018-05-03 00:45,26.894
2018-05-03 01:00,26.7
2018-05-03 01:15,26.538
2018-05-03 01:30,26.375
2018-05-03 01:45,26.213
2018-05-03 02:00,26.05
2018-05-03 02:15,25.922
2018-05-03 02:30,25.794
2018-05-03 02:45,25.666
2018-05-03 03:00,25.538
2018-05-03 03:15,25.334
2018-05-03 03:30,25.131
2018-05-03 03:45,24.927
2018-05-03 04:00,24.723
2018-05-03 04:15,24.452
2018-05-03 04:30,24.181
2018-05-03 04:45,23.909
2018-05-03 05:00,23.638
2018-05-03 05:15,23.484
2018-05-03 05:30,23.331
2018-05-03 05:45,23.177
2018-05-03 06:00,23.023
2018-05-03 06:15,23.255
2018-05-03 06:30,23.487
2018-05-03 06:45,23.718
2018-05-03 07:00,23.95
2018-05-03 07:15,23.97
2018-05-03 07:30,23.991
2018-05-03 07:45,24.011
2018-05-03 08:00,24.031
2018-05-03 08:15,24.246
2018-05-03 08:30,24.462
2018-05-03 08:45,24.677
2018-05-03 09:00,24.892
2018-05-03 09:15,24.812
2018-05-03 09:30,24.731
2018-05-03 09:45,24.65
2018-05-03 10:00,24.569
2018-05-03 10:15,23.644
2018-05-03 10:30,22.719
2018-05-03 10:45,21.794
2018-05-03 11:00,20.869
2018-05-03 11:15,20.652
2018-05-03 11:30,20.434
2018-05-03 11:45,20.217
2018-05-03 12:00,20.0
2018-05-03 12:15,20.056
2018-05-03 12:30,20.111
2018-05-03 12:45,20.166
2018-05-03 13:00,20.222
2018-05-03 13:15,20.538
2018-05-03 13:30,20.853
2018-05-03 13:45,21.169
2018-05-03 14:00,21.486
2018-05-03 14:15,22.366
2018-05-03 14:30,23.247
2018-05-03 14:45,24.127
2018-05-03 15:00,25.008
2018-05-03 15:15,25.502
2018-05-03 15:30,25.996
2018-05-03 15:45,26.491
2018-05-03 16:00,26.984
2018-05-03 16:15,27.196
2018-05-03 16:30,27.408
2018-05-03 16:45,27.619
2018-05-03 17:00,27.831
2018-05-03 17:15,27.792
2018-05-03 17:30,27.754
2018-05-03 17:45,27.716
2018-05-03 18:00,27.677
2018-05-03 18:15,27.666
2018-05-03 18:30,27.654
2018-05-03 18:45,27.642
2018-05-03 19:00,27.631
2018-05-03 19:15,27.467
2018-05-03 19:30,27.304
2018-05-03 19:45,27.141
2018-05-03 20:00,26.977
2018-05-03 20:15,26.572
2018-05-03 20:30,26.167
2018-05-03 20:45,25.762
2018-05-03 21:00,25.357
2018-05-03 21:15,25.016
2018-05-03 21:30,24.675
2018-05-03 21:45,24.333
2018-05-03 22:00,23.992
2018-05-03 22:15,23.866
2018-05-03 22:30,23.738
2018-05-03 22:45,23.612
2018-05-03 23:00,23.484
2018-05-03 23:15,23.369
2018-05-03 23:30,23.254
2018-05-03 23:45,23.138
2018-05-04 00:00,23.023
2018-05-04 00:15,23.023
2018-05-04 00:30,23.023
2018-05-04 00:45,23.023
2018-05-04 01:00,23.023
2018-05-04 01:15,23.159
2018-05-04 01:30,23.296
2018-05-04 01:45,23.433
2018-05-04 02:00,23.569
2018-05-04 02:15,23.675
2018-05-04 02:30,23.781
2018-05-04 02:45,23.887
2018-05-04 03:00,23.992
2018-05-04 03:15,23.962
2018-05-04 03:30,23.932
2018-05-04 03:45,23.902
2018-05-04 04:00,23.872
2018-05-04 04:15,23.668
2018-05-04 04:30,23.466
2018-05-04 04:45,23.263
2018-05-04 05:00,23.06
2018-05-04 05:15,23.056
2018-05-04 05:30,23.052
2018-05-04 05:45,23.047
2018-05-04 06:00,23.043
2018-05-04 06:15,22.936
2018-05-04 06:30,22.829
2018-05-04 06:45,22.722
2018-05-04 07:00,22.616
2018-05-04 07:15,22.404
2018-05-04 07:30,22.193
2018-05-04 07:45,21.982
2018-05-04 08:00,21.772
2018-05-04 08:15,21.521
2018-05-04 08:30,21.271
2018-05-04 08:45,21.02
2018-05-04 09:00,20.769
2018-05-04 09:15,20.577
2018-05-04 09:30,20.384
2018-05-04 09:45,20.192
2018-05-04 10:00,20.0
2018-05-04 10:15,19.758
2018-05-04 10:30,19.516
2018-05-04 10:45,19.273
2018-05-04 11:00,19.031
2018-05-04 11:15,19.021
2018-05-04 11:30,19.012
2018-05-04 11:45,19.002
2018-05-04 12:00,18.992
2018-05-04 12:15,18.846
2018-05-04 12:30,18.7
2018-05-04 12:45,18.554
2018-05-04 13:00,18.408
2018-05-04 13:15,18.563
2018-05-04 13:30,18.719
2018-05-04 13:45,18.875
2018-05-04 14:00,19.031
2018-05-04 14:15,19.208
2018-05-04 14:30,19.384
2018-05-04 14:45,19.562
2018-05-04 15:00,19.738
2018-05-04 15:15,20.298
2018-05-04 15:30,20.858
2018-05-04 15:45,21.417
2018-05-04 16:00,21.977
2018-05-04 16:15,22.037
2018-05-04 16:30,22.096
2018-05-04 16:45,22.156
2018-05-04 17:00,22.216
2018-05-04 17:15,22.437
2018-05-04 17:30,22.658
2018-05-04 17:45,22.879
2018-05-04 18:00,23.1
2018-05-04 18:15,23.002
2018-05-04 18:30,22.904
2018-05-04 18:45,22.806
2018-05-04 19:00,22.708
2018-05-04 19:15,22.602
2018-05-04 19:30,22.496
2018-05-04 19:45,22.391
2018-05-04 20:00,22.284
2018-05-04 20:15,22.013
2018-05-04 20:30,21.742
2018-05-04 20:45,21.471
2018-05-04 21:00,21.2
2018-05-04 21:15,20.862
2018-05-04 21:30,20.523
2018-05-04 21:45,20.184
2018-05-04 22:00,19.846
2018-05-04 22:15,19.613
2018-05-04 22:30,19.381
2018-05-04 22:45,19.148
2018-05-04 23:00,18.916
2018-05-04 23:15,18.8
2018-05-04 23:30,18.684
2018-05-04 23:45,18.569
2018-05-05 00:00,18.454
2018-05-05 00:15,18.287
2018-05-05 00:30,18.119
2018-05-05 00:45,17.952
2018-05-05 01:00,17.784
2018-05-05 01:15,17.592
2018-05-05 01:30,17.4
2018-05-05 01:45,17.208
2018-05-05 02:00,17.016
2018-05-05 02:15,16.987
2018-05-05 02:30,16.958
2018-05-05 02:45,16.929
2018-05-05 03:00,16.9
2018-05-05 03:15,16.831
2018-05-05 03:30,16.762
2018-05-05 03:45,16.692
2018-05-05 04:00,16.623
2018-05-05 04:15,16.469
2018-05-05 04:30,16.316
2018-05-05 04:45,16.162
2018-05-05 05:00,16.008
2018-05-05 05:15,16.008
2018-05-05 05:30,16.008
2018-05-05 05:45,16.008
2018-05-05 06:00,16.008
2018-05-05 06:15,15.929
2018-05-05 06:30,15.85
2018-05-05 06:45,15.771
2018-05-05 07:00,15.692
2018-05-05 07:15,15.9
2018-05-05 07:30,16.108
2018-05-05 07:45,16.316
2018-05-05 08:00,16.523
2018-05-05 08:15,17.084
2018-05-05 08:30,17.646
2018-05-05 08:45,18.208
2018-05-05 09:00,18.769
2018-05-05 09:15,19.427
2018-05-05 09:30,20.084
2018-05-05 09:45,20.742
2018-05-05 10:00,21.4
2018-05-05 10:15,21.894
2018-05-05 10:30,22.388
2018-05-05 10:45,22.883
2018-05-05 11:00,23.377
2018-05-05 11:15,23.9
2018-05-05 11:30,24.423
2018-05-05 11:45,24.946
2018-05-05 12:00,25.469
2018-05-05 12:15,25.759
2018-05-05 12:30,26.05
2018-05-05 12:45,26.341
2018-05-05 13:00,26.631
2018-05-05 13:15,26.796
2018-05-05 13:30,26.962
2018-05-05 13:45,27.127
2018-05-05 14:00,27.292
2018-05-05 14:15,27.446
2018-05-05 14:30,27.6
2018-05-05 14:45,27.754
2018-05-05 15:00,27.908
2018-05-05 15:15,27.956
2018-05-05 15:30,28.004
2018-05-05 15:45,28.052
2018-05-05 16:00,28.1
2018-05-05 16:15,28.169
2018-05-05 16:30,28.238
2018-05-05 16:45,28.308
2018-05-05 17:00,28.377
2018-05-05 17:15,28.288
2018-05-05 17:30,28.2
2018-05-05 17:45,28.112
2018-05-05 18:00,28.023
2018-05-05 18:15,27.963
2018-05-05 18:30,27.904
2018-05-05 18:45,27.844
2018-05-05 19:00,27.784
2018-05-05 19:15,27.292
2018-05-05 19:30,26.8
2018-05-05 19:45,26.308
2018-05-05 20:00,25.816
2018-05-05 20:15,25.566
2018-05-05 20:30,25.316
2018-05-05 20:45,25.066
2018-05-05 21:00,24.816
2018-05-05 21:15,24.629
2018-05-05 21:30,24.442
2018-05-05 21:45,24.256
2018-05-05 22:00,24.069
2018-05-05 22:15,23.552
2018-05-05 22:30,23.034
2018-05-05 22:45,22.517
2018-05-05 23:00,22.0
2018-05-05 23:15,21.469
2018-05-05 23:30,20.938
2018-05-05 23:45,20.408
2018-05-06 00:00,19.877
2018-05-06 00:15,19.529
2018-05-06 00:30,19.181
2018-05-06 00:45,18.833
2018-05-06 01:00,18.484
2018-05-06 01:15,18.359
2018-05-06 01:30,18.234
2018-05-06 01:45,18.109
2018-05-06 02:00,17.984
2018-05-06 02:15,17.877
2018-05-06 02:30,17.769
2018-05-06 02:45,17.662
2018-05-06 03:00,17.554
2018-05-06 03:15,17.409
2018-05-06 03:30,17.266
2018-05-06 03:45,17.121
2018-05-06 04:00,16.977
2018-05-06 04:15,16.967
2018-05-06 04:30,16.958
2018-05-06 04:45,16.948
2018-05-06 05:00,16.938
2018-05-06 05:15,16.812
2018-05-06 05:30,16.684
2018-05-06 05:45,16.558
2018-05-06 06:00,16.431
2018-05-06 06:15,16.383
2018-05-06 06:30,16.334
2018-05-06 06:45,16.287
2018-05-06 07:00,16.238
2018-05-06 07:15,16.367
2018-05-06 07:30,16.496
2018-05-06 07:45,16.625
2018-05-06 08:00,16.754
2018-05-06 08:15,17.491
2018-05-06 08:30,18.227
2018-05-06 08:45,18.963
2018-05-06 09:00,19.7
2018-05-06 09:15,20.552
2018-05-06 09:30,21.404
2018-05-06 09:45,22.256
2018-05-06 10:00,23.108
2018-05-06 10:15,23.756
2018-05-06 10:30,24.404
2018-05-06 10:45,25.052
2018-05-06 11:00,25.7
2018-05-06 11:15,26.098
2018-05-06 11:30,26.496
2018-05-06 11:45,26.894
2018-05-06 12:00,27.292
2018-05-06 12:15,27.437
2018-05-06 12:30,27.581
2018-05-06 12:45,27.725
2018-05-06 13:00,27.869
2018-05-06 13:15,28.179
2018-05-06 13:30,28.488
2018-05-06 13:45,28.798
2018-05-06 14:00,29.108
2018-05-06 14:15,29.304
2018-05-06 14:30,29.5
2018-05-06 14:45,29.696
2018-05-06 15:00,29.892
2018-05-06 15:15,30.152
2018-05-06 15:30,30.412
2018-05-06 15:45,30.671
2018-05-06 16:00,30.931
2018-05-06 16:15,30.969
2018-05-06 16:30,31.008
2018-05-06 16:45,31.046
2018-05-06 17:00,31.084
2018-05-06 17:15,31.181
2018-05-06 17:30,31.277
2018-05-06 17:45,31.373
2018-05-06 18:00,31.469
2018-05-06 18:15,31.344
2018-05-06 18:30,31.219
2018-05-06 18:45,31.094
2018-05-06 19:00,30.969
2018-05-06 19:15,30.259
2018-05-06 19:30,29.55
2018-05-06 19:45,28.841
2018-05-06 20:00,28.131
2018-05-06 20:15,27.559
2018-05-06 20:30,26.988
2018-05-06 20:45,26.417
2018-05-06 21:00,25.846
2018-05-06 21:15,25.284
2018-05-06 21:30,24.723
2018-05-06 21:45,24.162
2018-05-06 22:00,23.6
2018-05-06 22:15,23.513
2018-05-06 22:30,23.427
2018-05-06 22:45,23.341
2018-05-06 23:00,23.254
2018-05-06 23:15,23.05
2018-05-06 23:30,22.846
2018-05-06 23:45,22.642
2018-05-07 00:00,22.438
2018-05-07 00:15,22.333
2018-05-07 00:30,22.227
2018-05-07 00:45,22.121
2018-05-07 01:00,22.016
2018-05-07 01:15,21.841
2018-05-07 01:30,21.666
2018-05-07 01:45,21.491
2018-05-07 02:00,21.316
2018-05-07 02:15,21.229
2018-05-07 02:30,21.142
2018-05-07 02:45,21.056
2018-05-07 03:00,20.969
2018-05-07 03:15,20.725
2018-05-07 03:30,20.481
2018-05-07 03:45,20.237
2018-05-07 04:00,19.992
2018-05-07 04:15,19.788
2018-05-07 04:30,19.584
2018-05-07 04:45,19.381
2018-05-07 05:00,19.177
2018-05-07 05:15,18.887
2018-05-07 05:30,18.596
2018-05-07 05:45,18.306
2018-05-07 06:00,18.016
2018-05-07 06:15,17.912
2018-05-07 06:30,17.808
2018-05-07 06:45,17.704
2018-05-07 07:00,17.6
2018-05-07 07:15,17.854
2018-05-07 07:30,18.108
2018-05-07 07:45,18.362
2018-05-07 08:00,18.616
2018-05-07 08:15,19.342
2018-05-07 08:30,20.069
2018-05-07 08:45,20.796
2018-05-07 09:00,21.523
2018-05-07 09:15,22.269
2018-05-07 09:30,23.016
2018-05-07 09:45,23.762
2018-05-07 10:00,24.508
2018-05-07 10:15,25.309
2018-05-07 10:30,26.112
2018-05-07 10:45,26.913
2018-05-07 11:00,27.716
2018-05-07 11:15,28.133
2018-05-07 11:30,28.55
2018-05-07 11:45,28.967
2018-05-07 12:00,29.384
2018-05-07 12:15,29.927
2018-05-07 12:30,30.469
2018-05-07 12:45,31.012
2018-05-07 13:00,31.554
2018-05-07 13:15,31.883
2018-05-07 13:30,32.212
2018-05-07 13:45,32.541
2018-05-07 14:00,32.869
2018-05-07 14:15,32.996
2018-05-07 14:30,33.123
2018-05-07 14:45,33.25
2018-05-07 15:00,33.377
2018-05-07 15:15,33.531
2018-05-07 15:30,33.684
2018-05-07 15:45,33.838
2018-05-07 16:00,33.992
2018-05-07 16:15,33.992
2018-05-07 16:30,33.992
2018-05-07 16:45,33.992
2018-05-07 17:00,33.992
2018-05-07 17:15,33.992
2018-05-07 17:30,33.992
2018-05-07 17:45,33.992
2018-05-07 18:00,33.992
2018-05-07 18:15,33.729
2018-05-07 18:30,33.466
2018-05-07 18:45,33.202
2018-05-07 19:00,32.938
2018-05-07 19:15,32.241
2018-05-07 19:30,31.542
2018-05-07 19:45,30.844
2018-05-07 20:00,30.146
2018-05-07 20:15,29.575
2018-05-07 20:30,29.004
2018-05-07 20:45,28.433
2018-05-07 21:00,27.862
2018-05-07 21:15,27.552
2018-05-07 21:30,27.242
2018-05-07 21:45,26.933
2018-05-07 22:00,26.623
2018-05-07 22:15,26.508
2018-05-07 22:30,26.392
2018-05-07 22:45,26.277
2018-05-07 23:00,26.162
2018-05-07 23:15,25.879
2018-05-07 23:30,25.596
2018-05-07 23:45,25.313
2018-05-08 00:00,25.031
2018-05-08 00:15,24.781
2018-05-08 00:30,24.531
2018-05-08 00:45,24.281
2018-05-08 01:00,24.031
2018-05-08 01:15,24.234
2018-05-08 01:30,24.438
2018-05-08 01:45,24.642
2018-05-08 02:00,24.846
2018-05-08 02:15,24.75
2018-05-08 02:30,24.654
2018-05-08 02:45,24.558
2018-05-08 03:00,24.462
2018-05-08 03:15,24.208
2018-05-08 03:30,23.954
2018-05-08 03:45,23.7
2018-05-08 04:00,23.446
2018-05-08 04:15,23.108
2018-05-08 04:30,22.769
2018-05-08 04:45,22.431
2018-05-08 05:00,22.092
2018-05-08 05:15,22.112
2018-05-08 05:30,22.131
2018-05-08 05:45,22.15
2018-05-08 06:00,22.169
2018-05-08 06:15,21.927
2018-05-08 06:30,21.684
2018-05-08 06:45,21.442
2018-05-08 07:00,21.2
2018-05-08 07:15,21.075
2018-05-08 07:30,20.95
2018-05-08 07:45,20.825
2018-05-08 08:00,20.7
2018-05-08 08:15,21.273
2018-05-08 08:30,21.846
2018-05-08 08:45,22.419
2018-05-08 09:00,22.992
2018-05-08 09:15,23.748
2018-05-08 09:30,24.504
2018-05-08 09:45,25.259
2018-05-08 10:00,26.016
2018-05-08 10:15,26.392
2018-05-08 10:30,26.769
2018-05-08 10:45,27.146
2018-05-08 11:00,27.523
2018-05-08 11:15,27.981
2018-05-08 11:30,28.438
2018-05-08 11:45,28.896
2018-05-08 12:00,29.354
2018-05-08 12:15,29.902
2018-05-08 12:30,30.45
2018-05-08 12:45,30.998
2018-05-08 13:00,31.546
2018-05-08 13:15,31.644
2018-05-08 13:30,31.742
2018-05-08 13:45,31.841
2018-05-08 14:00,31.938
2018-05-08 14:15,32.121
2018-05-08 14:30,32.304
2018-05-08 14:45,32.487
2018-05-08 15:00,32.669
2018-05-08 15:15,32.662
2018-05-08 15:30,32.654
2018-05-08 15:45,32.646
2018-05-08 16:00,32.638
2018-05-08 16:15,32.744
2018-05-08 16:30,32.85
2018-05-08 16:45,32.956
2018-05-08 17:00,33.062
2018-05-08 17:15,33.042
2018-05-08 17:30,33.023
2018-05-08 17:45,33.004
2018-05-08 18:00,32.984
2018-05-08 18:15,32.625
2018-05-08 18:30,32.266
2018-05-08 18:45,31.906
2018-05-08 19:00,31.546
2018-05-08 19:15,31.129
2018-05-08 19:30,30.712
2018-05-08 19:45,30.294
2018-05-08 20:00,29.877
2018-05-08 20:15,29.462
2018-05-08 20:30,29.046
2018-05-08 20:45,28.631
2018-05-08 21:00,28.216
2018-05-08 21:15,27.944
2018-05-08 21:30,27.673
2018-05-08 21:45,27.402
2018-05-08 22:00,27.131
2018-05-08 22:15,26.841
2018-05-08 22:30,26.55
2018-05-08 22:45,26.259
2018-05-08 23:00,25.969
2018-05-08 23:15,25.893
2018-05-08 23:30,25.818
2018-05-08 23:45,25.742
2018-05-09 00:00,25.667
2018-05-09 00:15,25.225
2018-05-09 00:30,24.783
2018-05-09 00:45,24.342
2018-05-09 01:00,23.9
2018-05-09 01:15,23.9
2018-05-09 01:30,23.9
2018-05-09 01:45,23.9
2018-05-09 02:00,23.9
2018-05-09 02:15,23.917
2018-05-09 02:30,23.933
2018-05-09 02:45,23.95
2018-05-09 03:00,23.967
2018-05-09 03:15,23.827
2018-05-09 03:30,23.687
2018-05-09 03:45,23.547
2018-05-09 04:00,23.408
2018-05-09 04:15,23.252
2018-05-09 04:30,23.096
2018-05-09 04:45,22.941
2018-05-09 05:00,22.784
2018-05-09 05:15,22.583
2018-05-09 05:30,22.381
2018-05-09 05:45,22.179
2018-05-09 06:00,21.977
2018-05-09 06:15,21.637
2018-05-09 06:30,21.296
2018-05-09 06:45,20.956
2018-05-09 07:00,20.616
2018-05-09 07:15,20.531
2018-05-09 07:30,20.446
2018-05-09 07:45,20.362
2018-05-09 08:00,20.277
2018-05-09 08:15,20.538
2018-05-09 08:30,20.8
2018-05-09 08:45,21.062
2018-05-09 09:00,21.323
2018-05-09 09:15,21.877
2018-05-09 09:30,22.431
2018-05-09 09:45,22.984
2018-05-09 10:00,23.538
2018-05-09 10:15,24.234
2018-05-09 10:30,24.931
2018-05-09 10:45,25.627
2018-05-09 11:00,26.323
2018-05-09 11:15,26.759
2018-05-09 11:30,27.196
2018-05-09 11:45,27.633
2018-05-09 12:00,28.069
2018-05-09 12:15,28.525
2018-05-09 12:30,28.981
2018-05-09 12:45,29.437
2018-05-09 13:00,29.892
2018-05-09 13:15,30.171
2018-05-09 13:30,30.45
2018-05-09 13:45,30.729
2018-05-09 14:00,31.008
2018-05-09 14:15,31.231
2018-05-09 14:30,31.454
2018-05-09 14:45,31.677
2018-05-09 15:00,31.9
2018-05-09 15:15,31.948
2018-05-09 15:30,31.996
2018-05-09 15:45,32.044
2018-05-09 16:00,32.092
2018-05-09 16:15,32.063
2018-05-09 16:30,32.034
2018-05-09 16:45,32.006
2018-05-09 17:00,31.977
2018-05-09 17:15,31.869
2018-05-09 17:30,31.762
2018-05-09 17:45,31.654
2018-05-09 18:00,31.546
2018-05-09 18:15,31.294
2018-05-09 18:30,31.042
2018-05-09 18:45,30.791
2018-05-09 19:00,30.538
2018-05-09 19:15,30.102
2018-05-09 19:30,29.666
2018-05-09 19:45,29.229
2018-05-09 20:00,28.792
2018-05-09 20:15,28.416
2018-05-09 20:30,28.038
2018-05-09 20:45,27.662
2018-05-09 21:00,27.284
2018-05-09 21:15,27.013
2018-05-09 21:30,26.742
2018-05-09 21:45,26.471
2018-05-09 22:00,26.2
2018-05-09 22:15,26.004
2018-05-09 22:30,25.808
2018-05-09 22:45,25.612
2018-05-09 23:00,25.416
2018-05-09 23:15,25.145
2018-05-09 23:30,24.874
2018-05-09 23:45,24.604
2018-05-10 00:00,24.333
2018-05-10 00:15,24.225
2018-05-10 00:30,24.117
2018-05-10 00:45,24.008
2018-05-10 01:00,23.9
2018-05-10 01:15,23.839
2018-05-10 01:30,23.778
2018-05-10 01:45,23.717
2018-05-10 02:00,23.656
2018-05-10 02:15,23.526
2018-05-10 02:30,23.397
2018-05-10 02:45,23.268
2018-05-10 03:00,23.138
2018-05-10 03:15,22.954
2018-05-10 03:30,22.769
2018-05-10 03:45,22.584
2018-05-10 04:00,22.4
2018-05-10 04:15,22.275
2018-05-10 04:30,22.15
2018-05-10 04:45,22.025
2018-05-10 05:00,21.9
2018-05-10 05:15,21.637
2018-05-10 05:30,21.373
2018-05-10 05:45,21.109
2018-05-10 06:00,20.846
2018-05-10 06:15,20.488
2018-05-10 06:30,20.131
2018-05-10 06:45,19.773
2018-05-10 07:00,19.416
2018-05-10 07:15,19.573
2018-05-10 07:30,19.731
2018-05-10 07:45,19.888
2018-05-10 08:00,20.046
2018-05-10 08:15,20.492
2018-05-10 08:30,20.938
2018-05-10 08:45,21.384
2018-05-10 09:00,21.831
2018-05-10 09:15,22.246
2018-05-10 09:30,22.662
2018-05-10 09:45,23.077
2018-05-10 10:00,23.492
2018-05-10 10:15,23.967
2018-05-10 10:30,24.442
2018-05-10 10:45,24.917
2018-05-10 11:00,25.392
2018-05-10 11:15,25.817
2018-05-10 11:30,26.242
2018-05-10 11:45,26.667
2018-05-10 12:00,27.092
2018-05-10 12:15,27.471
2018-05-10 12:30,27.85
2018-05-10 12:45,28.229
2018-05-10 13:00,28.608
2018-05-10 13:15,28.833
2018-05-10 13:30,29.058
2018-05-10 13:45,29.283
2018-05-10 14:00,29.508
2018-05-10 14:15,29.758
2018-05-10 14:30,30.008
2018-05-10 14:45,30.258
2018-05-10 15:00,30.508
2018-05-10 15:15,30.633
2018-05-10 15:30,30.758
2018-05-10 15:45,30.883
2018-05-10 16:00,31.008
2018-05-10 16:15,30.998
2018-05-10 16:30,30.988
2018-05-10 16:45,30.979
2018-05-10 17:00,30.969
2018-05-10 17:15,30.881
2018-05-10 17:30,30.792
2018-05-10 17:45,30.704
2018-05-10 18:00,30.616
2018-05-10 18:15,30.334
2018-05-10 18:30,30.054
2018-05-10 18:45,29.773
2018-05-10 19:00,29.492
2018-05-10 19:15,29.241
2018-05-10 19:30,28.988
2018-05-10 19:45,28.737
2018-05-10 20:00,28.484
2018-05-10 20:15,28.213
2018-05-10 20:30,27.942
2018-05-10 20:45,27.671
2018-05-10 21:00,27.4
2018-05-10 21:15,27.167
2018-05-10 21:30,26.934
2018-05-10 21:45,26.702
2018-05-10 22:00,26.469
2018-05-10 22:15,26.344
2018-05-10 22:30,26.219
2018-05-10 22:45,26.094
2018-05-10 23:00,25.969
2018-05-10 23:15,25.65
2018-05-10 23:30,25.331
2018-05-10 23:45,25.012
2018-05-11 00:00,24.692
2018-05-11 00:15,24.546
2018-05-11 00:30,24.4
2018-05-11 00:45,24.254
2018-05-11 01:00,24.108
2018-05-11 01:15,24.088
2018-05-11 01:30,24.069
2018-05-11 01:45,24.05
2018-05-11 02:00,24.031
2018-05-11 02:15,24.021
2018-05-11 02:30,24.012
2018-05-11 02:45,24.002
2018-05-11 03:00,23.992
2018-05-11 03:15,23.759
2018-05-11 03:30,23.527
2018-05-11 03:45,23.294
2018-05-11 04:00,23.062
2018-05-11 04:15,22.934
2018-05-11 04:30,22.808
2018-05-11 04:45,22.681
2018-05-11 05:00,22.554
2018-05-11 05:15,22.409
2018-05-11 05:30,22.266
2018-05-11 05:45,22.121
2018-05-11 06:00,21.977
2018-05-11 06:15,21.977
2018-05-11 06:30,21.977
2018-05-11 06:45,21.977
2018-05-11 07:00,21.977
2018-05-11 07:15,22.072
2018-05-11 07:30,22.167
2018-05-11 07:45,22.262
2018-05-11 08:00,22.357
2018-05-11 08:15,22.593
2018-05-11 08:30,22.828
2018-05-11 08:45,23.064
2018-05-11 09:00,23.3
2018-05-11 09:15,23.715
2018-05-11 09:30,24.13
2018-05-11 09:45,24.545
2018-05-11 10:00,24.96
2018-05-11 10:15,25.454
2018-05-11 10:30,25.949
2018-05-11 10:45,26.444
2018-05-11 11:00,26.938
2018-05-11 11:15,27.248
2018-05-11 11:30,27.558
2018-05-11 11:45,27.867
2018-05-11 12:00,28.177
2018-05-11 12:15,28.419
2018-05-11 12:30,28.662
2018-05-11 12:45,28.904
2018-05-11 13:00,29.146
2018-05-11 13:15,29.525
2018-05-11 13:30,29.904
2018-05-11 13:45,30.283
2018-05-11 14:00,30.662
2018-05-11 14:15,30.942
2018-05-11 14:30,31.223
2018-05-11 14:45,31.504
2018-05-11 15:00,31.784
2018-05-11 15:15,31.842
2018-05-11 15:30,31.9
2018-05-11 15:45,31.958
2018-05-11 16:00,32.016
2018-05-11 16:15,32.016
2018-05-11 16:30,32.016
2018-05-11 16:45,32.016
2018-05-11 17:00,32.016
2018-05-11 17:15,31.987
2018-05-11 17:30,31.958
2018-05-11 17:45,31.929
2018-05-11 18:00,31.9
2018-05-11 18:15,31.687
2018-05-11 18:30,31.473
2018-05-11 18:45,31.259
2018-05-11 19:00,31.046
2018-05-11 19:15,30.716
2018-05-11 19:30,30.384
2018-05-11 19:45,30.054
2018-05-11 20:00,29.723
2018-05-11 20:15,29.384
2018-05-11 20:30,29.046
2018-05-11 20:45,28.708
2018-05-11 21:00,28.369
2018-05-11 21:15,28.098
2018-05-11 21:30,27.827
2018-05-11 21:45,27.556
2018-05-11 22:00,27.284
2018-05-11 22:15,27.208
2018-05-11 22:30,27.131
2018-05-11 22:45,27.054
2018-05-11 23:00,26.977
2018-05-11 23:15,26.881
2018-05-11 23:30,26.784
2018-05-11 23:45,26.688
2018-05-12 00:00,26.592
2018-05-12 00:15,26.456
2018-05-12 00:30,26.319
2018-05-12 00:45,26.183
2018-05-12 01:00,26.046
2018-05-12 01:15,25.881
2018-05-12 01:30,25.716
2018-05-12 01:45,25.55
2018-05-12 02:00,25.384
2018-05-12 02:15,25.056
2018-05-12 02:30,24.727
2018-05-12 02:45,24.398
2018-05-12 03:00,24.069
2018-05-12 03:15,24.05
2018-05-12 03:30,24.031
2018-05-12 03:45,24.012
2018-05-12 04:00,23.992
2018-05-12 04:15,23.904
2018-05-12 04:30,23.816
2018-05-12 04:45,23.727
2018-05-12 05:00,23.638
2018-05-12 05:15,23.484
2018-05-12 05:30,23.331
2018-05-12 05:45,23.177
2018-05-12 06:00,23.023
2018-05-12 06:15,23.028
2018-05-12 06:30,23.033
2018-05-12 06:45,23.038
2018-05-12 07:00,23.043
2018-05-12 07:15,23.211
2018-05-12 07:30,23.378
2018-05-12 07:45,23.546
2018-05-12 08:00,23.713
2018-05-12 08:15,23.978
2018-05-12 08:30,24.243
2018-05-12 08:45,24.508
2018-05-12 09:00,24.773
2018-05-12 09:15,25.199
2018-05-12 09:30,25.625
2018-05-12 09:45,26.051
2018-05-12 10:00,26.477
2018-05-12 10:15,26.856
2018-05-12 10:30,27.234
2018-05-12 10:45,27.613
2018-05-12 11:00,27.992
2018-05-12 11:15,28.341
2018-05-12 11:30,28.688
2018-05-12 11:45,29.037
2018-05-12 12:00,29.384
2018-05-12 12:15,29.723
2018-05-12 12:30,30.062
2018-05-12 12:45,30.4
2018-05-12 13:00,30.738
2018-05-12 13:15,30.856
2018-05-12 13:30,30.973
2018-05-12 13:45,31.091
2018-05-12 14:00,31.208
2018-05-12 14:15,31.441
2018-05-12 14:30,31.673
2018-05-12 14:45,31.906
2018-05-12 15:00,32.138
2018-05-12 15:15,32.127
2018-05-12 15:30,32.116
2018-05-12 15:45,32.104
2018-05-12 16:00,32.092
2018-05-12 16:15,32.169
2018-05-12 16:30,32.246
2018-05-12 16:45,32.323
2018-05-12 17:00,32.4
2018-05-12 17:15,32.342
2018-05-12 17:30,32.284
2018-05-12 17:45,32.227
2018-05-12 18:00,32.169
2018-05-12 18:15,32.091
2018-05-12 18:30,32.012
2018-05-12 18:45,31.933
2018-05-12 19:00,31.854
2018-05-12 19:15,31.563
2018-05-12 19:30,31.273
2018-05-12 19:45,30.983
2018-05-12 20:00,30.692
2018-05-12 20:15,30.306
2018-05-12 20:30,29.919
2018-05-12 20:45,29.533
2018-05-12 21:00,29.146
2018-05-12 21:15,28.856
2018-05-12 21:30,28.566
2018-05-12 21:45,28.275
2018-05-12 22:00,27.984
2018-05-12 22:15,27.896
2018-05-12 22:30,27.808
2018-05-12 22:45,27.719
2018-05-12 23:00,27.631
2018-05-12 23:15,27.467
2018-05-12 23:30,27.304
2018-05-12 23:45,27.141
2018-05-13 00:00,26.977
2018-05-13 00:15,26.869
2018-05-13 00:30,26.762
2018-05-13 00:45,26.654
2018-05-13 01:00,26.546
2018-05-13 01:15,26.402
2018-05-13 01:30,26.258
2018-05-13 01:45,26.113
2018-05-13 02:00,25.969
2018-05-13 02:15,25.842
2018-05-13 02:30,25.716
2018-05-13 02:45,25.588
2018-05-13 03:00,25.462
2018-05-13 03:15,25.238
2018-05-13 03:30,25.016
2018-05-13 03:45,24.792
2018-05-13 04:00,24.569
2018-05-13 04:15,24.425
2018-05-13 04:30,24.281
2018-05-13 04:45,24.137
2018-05-13 05:00,23.992
2018-05-13 05:15,23.827
2018-05-13 05:30,23.662
2018-05-13 05:45,23.496
2018-05-13 06:00,23.331
2018-05-13 06:15,23.244
2018-05-13 06:30,23.158
2018-05-13 06:45,23.071
2018-05-13 07:00,22.984
2018-05-13 07:15,23.131
2018-05-13 07:30,23.277
2018-05-13 07:45,23.423
2018-05-13 08:00,23.569
2018-05-13 08:15,24.083
2018-05-13 08:30,24.596
2018-05-13 08:45,25.109
2018-05-13 09:00,25.623
2018-05-13 09:15,25.861
2018-05-13 09:30,26.098
2018-05-13 09:45,26.336
2018-05-13 10:00,26.573
2018-05-13 10:15,26.936
2018-05-13 10:30,27.298
2018-05-13 10:45,27.661
2018-05-13 11:00,28.023
2018-05-13 11:15,28.209
2018-05-13 11:30,28.396
2018-05-13 11:45,28.583
2018-05-13 12:00,28.769
2018-05-13 12:15,29.204
2018-05-13 12:30,29.638
2018-05-13 12:45,30.073
2018-05-13 13:00,30.508
2018-05-13 13:15,30.613
2018-05-13 13:30,30.719
2018-05-13 13:45,30.825
2018-05-13 14:00,30.931
2018-05-13 14:15,31.279
2018-05-13 14:30,31.627
2018-05-13 14:45,31.975
2018-05-13 15:00,32.323
2018-05-13 15:15,32.296
2018-05-13 15:30,32.269
2018-05-13 15:45,32.242
2018-05-13 16:00,32.216
2018-05-13 16:15,32.262
2018-05-13 16:30,32.308
2018-05-13 16:45,32.354
2018-05-13 17:00,32.4
2018-05-13 17:15,32.448
2018-05-13 17:30,32.496
2018-05-13 17:45,32.544
2018-05-13 18:00,32.592
2018-05-13 18:15,32.438
2018-05-13 18:30,32.284
2018-05-13 18:45,32.131
2018-05-13 19:00,31.977
2018-05-13 19:15,31.694
2018-05-13 19:30,31.412
2018-05-13 19:45,31.129
2018-05-13 20:00,30.846
2018-05-13 20:15,30.459
2018-05-13 20:30,30.073
2018-05-13 20:45,29.687
2018-05-13 21:00,29.3
2018-05-13 21:15,29.077
2018-05-13 21:30,28.854
2018-05-13 21:45,28.631
2018-05-13 22:00,28.408
2018-05-13 22:15,28.302
2018-05-13 22:30,28.196
2018-05-13 22:45,28.091
2018-05-13 23:00,27.984
2018-05-13 23:15,27.819
2018-05-13 23:30,27.654
2018-05-13 23:45,27.488
2018-05-14 00:00,27.323
2018-05-14 00:15,27.237
2018-05-14 00:30,27.15
2018-05-14 00:45,27.063
2018-05-14 01:00,26.977
2018-05-14 01:15,26.85
2018-05-14 01:30,26.723
2018-05-14 01:45,26.596
2018-05-14 02:00,26.469
2018-05-14 02:15,26.344
2018-05-14 02:30,26.219
2018-05-14 02:45,26.094
2018-05-14 03:00,25.969
2018-05-14 03:15,25.842
2018-05-14 03:30,25.716
2018-05-14 03:45,25.588
2018-05-14 04:00,25.462
2018-05-14 04:15,25.327
2018-05-14 04:30,25.192
2018-05-14 04:45,25.058
2018-05-14 05:00,24.923
2018-05-14 05:15,24.709
2018-05-14 05:30,24.496
2018-05-14 05:45,24.283
2018-05-14 06:00,24.069
2018-05-14 06:15,24.05
2018-05-14 06:30,24.031
2018-05-14 06:45,24.012
2018-05-14 07:00,23.992
2018-05-14 07:15,24.002
2018-05-14 07:30,24.012
2018-05-14 07:45,24.021
2018-05-14 08:00,24.031
2018-05-14 08:15,24.429
2018-05-14 08:30,24.827
2018-05-14 08:45,25.225
2018-05-14 09:00,25.623
2018-05-14 09:15,26.021
2018-05-14 09:30,26.419
2018-05-14 09:45,26.817
2018-05-14 10:00,27.216
2018-05-14 10:15,27.487
2018-05-14 10:30,27.758
2018-05-14 10:45,28.029
2018-05-14 11:00,28.3
2018-05-14 11:15,28.552
2018-05-14 11:30,28.804
2018-05-14 11:45,29.056
2018-05-14 12:00,29.308
2018-05-14 12:15,29.694
2018-05-14 12:30,30.081
2018-05-14 12:45,30.467
2018-05-14 13:00,30.854
2018-05-14 13:15,31.077
2018-05-14 13:30,31.3
2018-05-14 13:45,31.523
2018-05-14 14:00,31.746
2018-05-14 14:15,31.833
2018-05-14 14:30,31.919
2018-05-14 14:45,32.006
2018-05-14 15:00,32.092
2018-05-14 15:15,32.006
2018-05-14 15:30,31.919
2018-05-14 15:45,31.833
2018-05-14 16:00,31.746
2018-05-14 16:15,31.931
2018-05-14 16:30,32.116
2018-05-14 16:45,32.3
2018-05-14 17:00,32.484
2018-05-14 17:15,32.377
2018-05-14 17:30,32.269
2018-05-14 17:45,32.162
2018-05-14 18:00,32.054
2018-05-14 18:15,31.888
2018-05-14 18:30,31.723
2018-05-14 18:45,31.558
2018-05-14 19:00,31.392
2018-05-14 19:15,31.179
2018-05-14 19:30,30.966
2018-05-14 19:45,30.752
2018-05-14 20:00,30.538
2018-05-14 20:15,30.191
2018-05-14 20:30,29.842
2018-05-14 20:45,29.494
2018-05-14 21:00,29.146
2018-05-14 21:15,29.0
2018-05-14 21:30,28.854
2018-05-14 21:45,28.708
2018-05-14 22:00,28.562
2018-05-14 22:15,28.417
2018-05-14 22:30,28.273
2018-05-14 22:45,28.129
2018-05-14 23:00,27.984
2018-05-14 23:15,27.838
2018-05-14 23:30,27.692
2018-05-14 23:45,27.546
2018-05-15 00:00,27.4
2018-05-15 00:15,27.294
2018-05-15 00:30,27.188
2018-05-15 00:45,27.083
2018-05-15 01:00,26.977
2018-05-15 01:15,26.783
2018-05-15 01:30,26.588
2018-05-15 01:45,26.394
2018-05-15 02:00,26.2
2018-05-15 02:15,26.142
2018-05-15 02:30,26.084
2018-05-15 02:45,26.027
2018-05-15 03:00,25.969
2018-05-15 03:15,25.912
2018-05-15 03:30,25.854
2018-05-15 03:45,25.796
2018-05-15 04:00,25.738
2018-05-15 04:15,25.554
2018-05-15 04:30,25.369
2018-05-15 04:45,25.184
2018-05-15 05:00,25.0
2018-05-15 05:15,25.077
2018-05-15 05:30,25.154
2018-05-15 05:45,25.231
2018-05-15 06:00,25.308
2018-05-15 06:15,25.231
2018-05-15 06:30,25.154
2018-05-15 06:45,25.077
2018-05-15 07:00,25.0
2018-05-15 07:15,25.019
2018-05-15 07:30,25.038
2018-05-15 07:45,25.058
2018-05-15 08:00,25.077
2018-05-15 08:15,25.309
2018-05-15 08:30,25.542
2018-05-15 08:45,25.775
2018-05-15 09:00,26.008
2018-05-15 09:15,26.194
2018-05-15 09:30,26.381
2018-05-15 09:45,26.567
2018-05-15 10:00,26.754
2018-05-15 10:15,26.966
2018-05-15 10:30,27.177
2018-05-15 10:45,27.388
2018-05-15 11:00,27.6
2018-05-15 11:15,27.938
2018-05-15 11:30,28.277
2018-05-15 11:45,28.616
2018-05-15 12:00,28.954
2018-05-15 12:15,29.246
2018-05-15 12:30,29.538
2018-05-15 12:45,29.831
2018-05-15 13:00,30.123
2018-05-15 13:15,30.316
2018-05-15 13:30,30.508
2018-05-15 13:45,30.7
2018-05-15 14:00,30.892
2018-05-15 14:15,30.952
2018-05-15 14:30,31.012
2018-05-15 14:45,31.071
2018-05-15 15:00,31.131
2018-05-15 15:15,31.098
2018-05-15 15:30,31.066
2018-05-15 15:45,31.033
2018-05-15 16:00,31.0
2018-05-15 16:15,30.719
2018-05-15 16:30,30.438
2018-05-15 16:45,30.158
2018-05-15 17:00,29.877
2018-05-15 17:15,29.666
2018-05-15 17:30,29.454
2018-05-15 17:45,29.242
2018-05-15 18:00,29.031
2018-05-15 18:15,29.262
2018-05-15 18:30,29.492
2018-05-15 18:45,29.723
2018-05-15 19:00,29.954
2018-05-15 19:15,29.683
2018-05-15 19:30,29.412
2018-05-15 19:45,29.141
2018-05-15 20:00,28.869
2018-05-15 20:15,28.648
2018-05-15 20:30,28.427
2018-05-15 20:45,28.206
2018-05-15 21:00,27.984
2018-05-15 21:15,27.702
2018-05-15 21:30,27.419
2018-05-15 21:45,27.137
2018-05-15 22:00,26.854
2018-05-15 22:15,26.652
2018-05-15 22:30,26.45
2018-05-15 22:45,26.248
2018-05-15 23:00,26.046
2018-05-15 23:15,25.9
2018-05-15 23:30,25.754
2018-05-15 23:45,25.608
2018-05-16 00:00,25.462
2018-05-16 00:15,25.308
2018-05-16 00:30,25.154
2018-05-16 00:45,25.0
2018-05-16 01:00,24.846
2018-05-16 01:15,24.652
2018-05-16 01:30,24.458
2018-05-16 01:45,24.263
2018-05-16 02:00,24.069
2018-05-16 02:15,23.877
2018-05-16 02:30,23.684
2018-05-16 02:45,23.492
2018-05-16 03:00,23.3
2018-05-16 03:15,23.288
2018-05-16 03:30,23.277
2018-05-16 03:45,23.266
2018-05-16 04:00,23.254
2018-05-16 04:15,23.196
2018-05-16 04:30,23.138
2018-05-16 04:45,23.081
2018-05-16 05:00,23.023
2018-05-16 05:15,22.877
2018-05-16 05:30,22.731
2018-05-16 05:45,22.584
2018-05-16 06:00,22.438
2018-05-16 06:15,22.266
2018-05-16 06:30,22.092
2018-05-16 06:45,21.919
2018-05-16 07:00,21.746
2018-05-16 07:15,21.825
2018-05-16 07:30,21.904
2018-05-16 07:45,21.983
2018-05-16 08:00,22.062
2018-05-16 08:15,22.391
2018-05-16 08:30,22.719
2018-05-16 08:45,23.048
2018-05-16 09:00,23.377
2018-05-16 09:15,23.629
2018-05-16 09:30,23.881
2018-05-16 09:45,24.133
2018-05-16 10:00,24.384
2018-05-16 10:15,24.687
2018-05-16 10:30,24.988
2018-05-16 10:45,25.291
2018-05-16 11:00,25.592
2018-05-16 11:15,26.231
2018-05-16 11:30,26.869
2018-05-16 11:45,27.508
2018-05-16 12:00,28.146
2018-05-16 12:15,28.602
2018-05-16 12:30,29.058
2018-05-16 12:45,29.513
2018-05-16 13:00,29.969
2018-05-16 13:15,30.512
2018-05-16 13:30,31.054
2018-05-16 13:45,31.596
2018-05-16 14:00,32.138
2018-05-16 14:15,32.379
2018-05-16 14:30,32.619
2018-05-16 14:45,32.859
2018-05-16 15:00,33.1
2018-05-16 15:15,33.266
2018-05-16 15:30,33.431
2018-05-16 15:45,33.596
2018-05-16 16:00,33.762
2018-05-16 16:15,33.712
2018-05-16 16:30,33.662
2018-05-16 16:45,33.612
2018-05-16 17:00,33.562
2018-05-16 17:15,33.592
2018-05-16 17:30,33.623
2018-05-16 17:45,33.654
2018-05-16 18:00,33.684
2018-05-16 18:15,33.325
2018-05-16 18:30,32.966
2018-05-16 18:45,32.606
2018-05-16 19:00,32.246
2018-05-16 19:15,32.004
2018-05-16 19:30,31.762
2018-05-16 19:45,31.519
2018-05-16 20:00,31.277
2018-05-16 20:15,30.821
2018-05-16 20:30,30.366
2018-05-16 20:45,29.909
2018-05-16 21:00,29.454
2018-05-16 21:15,29.056
2018-05-16 21:30,28.658
2018-05-16 21:45,28.259
2018-05-16 22:00,27.862
2018-05-16 22:15,27.746
2018-05-16 22:30,27.631
2018-05-16 22:45,27.516
2018-05-16 23:00,27.4
2018-05-16 23:15,27.198
2018-05-16 23:30,26.996
2018-05-16 23:45,26.794
2018-05-17 00:00,26.592
2018-05-17 00:15,26.221
2018-05-17 00:30,25.849
2018-05-17 00:45,25.479
2018-05-17 01:00,25.108
2018-05-17 01:15,24.792
2018-05-17 01:30,24.477
2018-05-17 01:45,24.162
2018-05-17 02:00,23.846
2018-05-17 02:15,23.688
2018-05-17 02:30,23.531
2018-05-17 02:45,23.373
2018-05-17 03:00,23.216
2018-05-17 03:15,23.182
2018-05-17 03:30,23.148
2018-05-17 03:45,23.114
2018-05-17 04:00,23.08
2018-05-17 04:15,22.873
2018-05-17 04:30,22.665
2018-05-17 04:45,22.457
2018-05-17 05:00,22.25
2018-05-17 05:15,22.113
2018-05-17 05:30,21.975
2018-05-17 05:45,21.838
2018-05-17 06:00,21.7
2018-05-17 06:15,21.7
2018-05-17 06:30,21.7
2018-05-17 06:45,21.7
2018-05-17 07:00,21.7
2018-05-17 07:15,22.178
2018-05-17 07:30,22.656
2018-05-17 07:45,23.134
2018-05-17 08:00,23.613
2018-05-17 08:15,24.234
2018-05-17 08:30,24.856
2018-05-17 08:45,25.478
2018-05-17 09:00,26.1
2018-05-17 09:15,26.65
2018-05-17 09:30,27.2
2018-05-17 09:45,27.75
2018-05-17 10:00,28.3
2018-05-17 10:15,28.725
2018-05-17 10:30,29.15
2018-05-17 10:45,29.575
2018-05-17 11:00,30.0
2018-05-17 11:15,30.275
2018-05-17 11:30,30.55
2018-05-17 11:45,30.825
2018-05-17 12:00,31.1
2018-05-17 12:15,31.375
2018-05-17 12:30,31.65
2018-05-17 12:45,31.925
2018-05-17 13:00,32.2
2018-05-17 13:15,32.35
2018-05-17 13:30,32.5
2018-05-17 13:45,32.65
2018-05-17 14:00,32.8
2018-05-17 14:15,33.095
2018-05-17 14:30,33.39
2018-05-17 14:45,33.685
2018-05-17 15:00,33.98
2018-05-17 15:15,34.012
2018-05-17 15:30,34.044
2018-05-17 15:45,34.076
2018-05-17 16:00,34.108
2018-05-17 16:15,34.127
2018-05-17 16:30,34.146
2018-05-17 16:45,34.166
2018-05-17 17:00,34.184
2018-05-17 17:15,34.146
2018-05-17 17:30,34.108
2018-05-17 17:45,34.069
2018-05-17 18:00,34.031
2018-05-17 18:15,33.904
2018-05-17 18:30,33.777
2018-05-17 18:45,33.65
2018-05-17 19:00,33.523
2018-05-17 19:15,33.137
2018-05-17 19:30,32.75
2018-05-17 19:45,32.363
2018-05-17 20:00,31.977
2018-05-17 20:15,31.763
2018-05-17 20:30,31.55
2018-05-17 20:45,31.337
2018-05-17 21:00,31.123
2018-05-17 21:15,30.888
2018-05-17 21:30,30.654
2018-05-17 21:45,30.419
2018-05-17 22:00,30.184
2018-05-17 22:15,29.973
2018-05-17 22:30,29.762
2018-05-17 22:45,29.55
2018-05-17 23:00,29.338
2018-05-17 23:15,29.252
2018-05-17 23:30,29.166
2018-05-17 23:45,29.079
2018-05-18 00:00,28.992
2018-05-18 00:15,28.633
2018-05-18 00:30,28.273
2018-05-18 00:45,27.913
2018-05-18 01:00,27.554
2018-05-18 01:15,26.904
2018-05-18 01:30,26.255
2018-05-18 01:45,25.606
2018-05-18 02:00,24.956
2018-05-18 02:15,24.579
2018-05-18 02:30,24.201
2018-05-18 02:45,23.824
2018-05-18 03:00,23.446
2018-05-18 03:15,23.331
2018-05-18 03:30,23.216
2018-05-18 03:45,23.1
2018-05-18 04:00,22.984
2018-05-18 04:15,22.877
2018-05-18 04:30,22.769
2018-05-18 04:45,22.662
2018-05-18 05:00,22.554
2018-05-18 05:15,22.517
2018-05-18 05:30,22.481
2018-05-18 05:45,22.444
2018-05-18 06:00,22.408
2018-05-18 06:15,22.502
2018-05-18 06:30,22.596
2018-05-18 06:45,22.691
2018-05-18 07:00,22.784
2018-05-18 07:15,23.127
2018-05-18 07:30,23.469
2018-05-18 07:45,23.812
2018-05-18 08:00,24.154
2018-05-18 08:15,24.609
2018-05-18 08:30,25.066
2018-05-18 08:45,25.521
2018-05-18 09:00,25.977
2018-05-18 09:15,26.462
2018-05-18 09:30,26.946
2018-05-18 09:45,27.431
2018-05-18 10:00,27.916
2018-05-18 10:15,28.488
2018-05-18 10:30,29.062
2018-05-18 10:45,29.634
2018-05-18 11:00,30.208
2018-05-18 11:15,30.796
2018-05-18 11:30,31.384
2018-05-18 11:45,31.973
2018-05-18 12:00,32.562
2018-05-18 12:15,32.825
2018-05-18 12:30,33.088
2018-05-18 12:45,33.352
2018-05-18 13:00,33.616
2018-05-18 13:15,34.108
2018-05-18 13:30,34.6
2018-05-18 13:45,35.092
2018-05-18 14:00,35.584
2018-05-18 14:15,35.779
2018-05-18 14:30,35.973
2018-05-18 14:45,36.167
2018-05-18 15:00,36.362
2018-05-18 15:15,36.516
2018-05-18 15:30,36.669
2018-05-18 15:45,36.823
2018-05-18 16:00,36.977
2018-05-18 16:15,36.869
2018-05-18 16:30,36.762
2018-05-18 16:45,36.654
2018-05-18 17:00,36.546
2018-05-18 17:15,36.402
2018-05-18 17:30,36.258
2018-05-18 17:45,36.113
2018-05-18 18:00,35.969
2018-05-18 18:15,35.533
2018-05-18 18:30,35.096
2018-05-18 18:45,34.659
2018-05-18 19:00,34.223
2018-05-18 19:15,33.921
2018-05-18 19:30,33.619
2018-05-18 19:45,33.317
2018-05-18 20:00,33.016
2018-05-18 20:15,32.619
2018-05-18 20:30,32.223
2018-05-18 20:45,31.827
2018-05-18 21:00,31.431
2018-05-18 21:15,30.859
2018-05-18 21:30,30.288
2018-05-18 21:45,29.717
2018-05-18 22:00,29.146
2018-05-18 22:15,29.108
2018-05-18 22:30,29.069
2018-05-18 22:45,29.031
2018-05-18 23:00,28.992
2018-05-18 23:15,28.808
2018-05-18 23:30,28.623
2018-05-18 23:45,28.438
2018-05-19 00:00,28.254
2018-05-19 00:15,28.117
2018-05-19 00:30,27.981
2018-05-19 00:45,27.844
2018-05-19 01:00,27.708
2018-05-19 01:15,27.494
2018-05-19 01:30,27.281
2018-05-19 01:45,27.067
2018-05-19 02:00,26.854
2018-05-19 02:15,26.662
2018-05-19 02:30,26.469
2018-05-19 02:45,26.277
2018-05-19 03:00,26.084
2018-05-19 03:15,25.948
2018-05-19 03:30,25.812
2018-05-19 03:45,25.675
2018-05-19 04:00,25.538
2018-05-19 04:15,25.181
2018-05-19 04:30,24.823
2018-05-19 04:45,24.466
2018-05-19 05:00,24.108
2018-05-19 05:15,24.079
2018-05-19 05:30,24.05
2018-05-19 05:45,24.021
2018-05-19 06:00,23.992
2018-05-19 06:15,23.992
2018-05-19 06:30,23.992
2018-05-19 06:45,23.992
2018-05-19 07:00,23.992
2018-05-19 07:15,24.002
2018-05-19 07:30,24.012
2018-05-19 07:45,24.021
2018-05-19 08:00,24.031
2018-05-19 08:15,24.227
2018-05-19 08:30,24.423
2018-05-19 08:45,24.619
2018-05-19 09:00,24.816
2018-05-19 09:15,25.434
2018-05-19 09:30,26.054
2018-05-19 09:45,26.673
2018-05-19 10:00,27.292
2018-05-19 10:15,27.612
2018-05-19 10:30,27.931
2018-05-19 10:45,28.25
2018-05-19 11:00,28.569
2018-05-19 11:15,29.016
2018-05-19 11:30,29.462
2018-05-19 11:45,29.908
2018-05-19 12:00,30.354
2018-05-19 12:15,30.616
2018-05-19 12:30,30.877
2018-05-19 12:45,31.138
2018-05-19 13:00,31.4
2018-05-19 13:15,31.767
2018-05-19 13:30,32.134
2018-05-19 13:45,32.502
2018-05-19 14:00,32.869
2018-05-19 14:15,32.809
2018-05-19 14:30,32.75
2018-05-19 14:45,32.691
2018-05-19 15:00,32.631
2018-05-19 15:15,32.719
2018-05-19 15:30,32.808
2018-05-19 15:45,32.896
2018-05-19 16:00,32.984
2018-05-19 16:15,33.141
2018-05-19 16:30,33.296
2018-05-19 16:45,33.452
2018-05-19 17:00,33.608
2018-05-19 17:15,33.567
2018-05-19 17:30,33.527
2018-05-19 17:45,33.487
2018-05-19 18:00,33.446
2018-05-19 18:15,33.281
2018-05-19 18:30,33.116
2018-05-19 18:45,32.95
2018-05-19 19:00,32.784
2018-05-19 19:15,32.533
2018-05-19 19:30,32.281
2018-05-19 19:45,32.029
2018-05-19 20:00,31.777
2018-05-19 20:15,31.467
2018-05-19 20:30,31.158
2018-05-19 20:45,30.848
2018-05-19 21:00,30.538
2018-05-19 21:15,30.219
2018-05-19 21:30,29.9
2018-05-19 21:45,29.581
2018-05-19 22:00,29.262
2018-05-19 22:15,29.067
2018-05-19 22:30,28.873
2018-05-19 22:45,28.679
2018-05-19 23:00,28.484
2018-05-19 23:15,28.369
2018-05-19 23:30,28.254
2018-05-19 23:45,28.138
2018-05-20 00:00,28.023
2018-05-20 00:15,28.013
2018-05-20 00:30,28.004
2018-05-20 00:45,27.994
2018-05-20 01:00,27.984
2018-05-20 01:15,27.867
2018-05-20 01:30,27.75
2018-05-20 01:45,27.633
2018-05-20 02:00,27.516
2018-05-20 02:15,27.254
2018-05-20 02:30,26.992
2018-05-20 02:45,26.731
2018-05-20 03:00,26.469
2018-05-20 03:15,26.344
2018-05-20 03:30,26.219
2018-05-20 03:45,26.094
2018-05-20 04:00,25.969
2018-05-20 04:15,25.766
2018-05-20 04:30,25.562
2018-05-20 04:45,25.358
2018-05-20 05:00,25.154
2018-05-20 05:15,24.559
2018-05-20 05:30,23.963
2018-05-20 05:45,23.368
2018-05-20 06:00,22.773
2018-05-20 06:15,22.138
2018-05-20 06:30,21.502
2018-05-20 06:45,20.867
2018-05-20 07:00,20.231
2018-05-20 07:15,19.991
2018-05-20 07:30,19.751
2018-05-20 07:45,19.511
2018-05-20 08:00,19.271
2018-05-20 08:15,19.228
2018-05-20 08:30,19.186
2018-05-20 08:45,19.143
2018-05-20 09:00,19.1
2018-05-20 09:15,19.279
2018-05-20 09:30,19.458
2018-05-20 09:45,19.637
2018-05-20 10:00,19.816
2018-05-20 10:15,20.191
2018-05-20 10:30,20.566
2018-05-20 10:45,20.941
2018-05-20 11:00,21.316
2018-05-20 11:15,21.394
2018-05-20 11:30,21.473
2018-05-20 11:45,21.552
2018-05-20 12:00,21.631
2018-05-20 12:15,22.048
2018-05-20 12:30,22.466
2018-05-20 12:45,22.883
2018-05-20 13:00,23.3
2018-05-20 13:15,23.612
2018-05-20 13:30,23.923
2018-05-20 13:45,24.234
2018-05-20 14:00,24.546
2018-05-20 14:15,25.096
2018-05-20 14:30,25.646
2018-05-20 14:45,26.196
2018-05-20 15:00,26.746
2018-05-20 15:15,26.83
2018-05-20 15:30,26.914
2018-05-20 15:45,26.997
2018-05-20 16:00,27.081
2018-05-20 16:15,27.192
2018-05-20 16:30,27.302
2018-05-20 16:45,27.413
2018-05-20 17:00,27.523
2018-05-20 17:15,27.581
2018-05-20 17:30,27.638
2018-05-20 17:45,27.696
2018-05-20 18:00,27.754
2018-05-20 18:15,27.559
2018-05-20 18:30,27.366
2018-05-20 18:45,27.171
2018-05-20 19:00,26.977
2018-05-20 19:15,26.725
2018-05-20 19:30,26.473
2018-05-20 19:45,26.221
2018-05-20 20:00,25.969
2018-05-20 20:15,25.513
2018-05-20 20:30,25.058
2018-05-20 20:45,24.602
2018-05-20 21:00,24.146
2018-05-20 21:15,24.012
2018-05-20 21:30,23.877
2018-05-20 21:45,23.742
2018-05-20 22:00,23.608
2018-05-20 22:15,23.509
2018-05-20 22:30,23.412
2018-05-20 22:45,23.313
2018-05-20 23:00,23.216
2018-05-20 23:15,23.05
2018-05-20 23:30,22.884
2018-05-20 23:45,22.719
2018-05-21 00:00,22.554
2018-05-21 00:15,22.458
2018-05-21 00:30,22.362
2018-05-21 00:45,22.266
2018-05-21 01:00,22.169
2018-05-21 01:15,22.052
2018-05-21 01:30,21.934
2018-05-21 01:45,21.817
2018-05-21 02:00,21.7
2018-05-21 02:15,21.613
2018-05-21 02:30,21.527
2018-05-21 02:45,21.441
2018-05-21 03:00,21.354
2018-05-21 03:15,21.248
2018-05-21 03:30,21.142
2018-05-21 03:45,21.037
2018-05-21 04:00,20.931
2018-05-21 04:15,20.825
2018-05-21 04:30,20.719
2018-05-21 04:45,20.613
2018-05-21 05:00,20.508
2018-05-21 05:15,20.584
2018-05-21 05:30,20.662
2018-05-21 05:45,20.738
2018-05-21 06:00,20.816
2018-05-21 06:15,20.496
2018-05-21 06:30,20.177
2018-05-21 06:45,19.858
2018-05-21 07:00,19.538
2018-05-21 07:15,19.908
2018-05-21 07:30,20.277
2018-05-21 07:45,20.646
2018-05-21 08:00,21.016
2018-05-21 08:15,21.344
2018-05-21 08:30,21.673
2018-05-21 08:45,22.002
2018-05-21 09:00,22.331
2018-05-21 09:15,22.679
2018-05-21 09:30,23.027
2018-05-21 09:45,23.375
2018-05-21 10:00,23.723
2018-05-21 10:15,24.344
2018-05-21 10:30,24.966
2018-05-21 10:45,25.587
2018-05-21 11:00,26.208
2018-05-21 11:15,26.551
2018-05-21 11:30,26.893
2018-05-21 11:45,27.236
2018-05-21 12:00,27.578
2018-05-21 12:15,27.759
2018-05-21 12:30,27.939
2018-05-21 12:45,28.119
2018-05-21 13:00,28.3
2018-05-21 13:15,28.513
2018-05-21 13:30,28.727
2018-05-21 13:45,28.941
2018-05-21 14:00,29.154
2018-05-21 14:15,29.308
2018-05-21 14:30,29.462
2018-05-21 14:45,29.616
2018-05-21 15:00,29.769
2018-05-21 15:15,30.129
2018-05-21 15:30,30.488
2018-05-21 15:45,30.848
2018-05-21 16:00,31.208
2018-05-21 16:15,31.273
2018-05-21 16:30,31.338
2018-05-21 16:45,31.404
2018-05-21 17:00,31.469
2018-05-21 17:15,31.498
2018-05-21 17:30,31.527
2018-05-21 17:45,31.556
2018-05-21 18:00,31.584
2018-05-21 18:15,31.246
2018-05-21 18:30,30.908
2018-05-21 18:45,30.569
2018-05-21 19:00,30.231
2018-05-21 19:15,30.113
2018-05-21 19:30,29.996
2018-05-21 19:45,29.879
2018-05-21 20:00,29.762
2018-05-21 20:15,29.356
2018-05-21 20:30,28.95
2018-05-21 20:45,28.544
2018-05-21 21:00,28.138
2018-05-21 21:15,27.867
2018-05-21 21:30,27.596
2018-05-21 21:45,27.325
2018-05-21 22:00,27.054
2018-05-21 22:15,26.966
2018-05-21 22:30,26.877
2018-05-21 22:45,26.788
2018-05-21 23:00,26.7
2018-05-21 23:15,26.517
2018-05-21 23:30,26.334
2018-05-21 23:45,26.152
2018-05-22 00:00,25.969
2018-05-22 00:15,25.784
2018-05-22 00:30,25.6
2018-05-22 00:45,25.416
2018-05-22 01:00,25.231
2018-05-22 01:15,24.754
2018-05-22 01:30,24.277
2018-05-22 01:45,23.8
2018-05-22 02:00,23.323
2018-05-22 02:15,23.016
2018-05-22 02:30,22.708
2018-05-22 02:45,22.4
2018-05-22 03:00,22.092
2018-05-22 03:15,22.123
2018-05-22 03:30,22.154
2018-05-22 03:45,22.184
2018-05-22 04:00,22.216
2018-05-22 04:15,21.971
2018-05-22 04:30,21.727
2018-05-22 04:45,21.483
2018-05-22 05:00,21.238
2018-05-22 05:15,21.404
2018-05-22 05:30,21.569
2018-05-22 05:45,21.734
2018-05-22 06:00,21.9
2018-05-22 06:15,21.708
2018-05-22 06:30,21.516
2018-05-22 06:45,21.323
2018-05-22 07:00,21.131
2018-05-22 07:15,21.459
2018-05-22 07:30,21.788
2018-05-22 07:45,22.117
2018-05-22 08:00,22.446
2018-05-22 08:15,22.784
2018-05-22 08:30,23.123
2018-05-22 08:45,23.462
2018-05-22 09:00,23.8
2018-05-22 09:15,24.216
2018-05-22 09:30,24.631
2018-05-22 09:45,25.046
2018-05-22 10:00,25.462
2018-05-22 10:15,25.609
2018-05-22 10:30,25.758
2018-05-22 10:45,25.906
2018-05-22 11:00,26.054
2018-05-22 11:15,26.5
2018-05-22 11:30,26.946
2018-05-22 11:45,27.392
2018-05-22 12:00,27.838
2018-05-22 12:15,28.244
2018-05-22 12:30,28.65
2018-05-22 12:45,29.056
2018-05-22 13:00,29.462
2018-05-22 13:15,29.656
2018-05-22 13:30,29.85
2018-05-22 13:45,30.044
2018-05-22 14:00,30.238
2018-05-22 14:15,30.519
2018-05-22 14:30,30.8
2018-05-22 14:45,31.081
2018-05-22 15:00,31.362
2018-05-22 15:15,31.446
2018-05-22 15:30,31.531
2018-05-22 15:45,31.616
2018-05-22 16:00,31.7
2018-05-22 16:15,31.779
2018-05-22 16:30,31.858
2018-05-22 16:45,31.937
2018-05-22 17:00,32.016
2018-05-22 17:15,32.006
2018-05-22 17:30,31.996
2018-05-22 17:45,31.987
2018-05-22 18:00,31.977
2018-05-22 18:15,31.908
2018-05-22 18:30,31.838
2018-05-22 18:45,31.769
2018-05-22 19:00,31.7
2018-05-22 19:15,31.467
2018-05-22 19:30,31.234
2018-05-22 19:45,31.002
2018-05-22 20:00,30.769
2018-05-22 20:15,30.294
2018-05-22 20:30,29.819
2018-05-22 20:45,29.344
2018-05-22 21:00,28.869
2018-05-22 21:15,28.667
2018-05-22 21:30,28.466
2018-05-22 21:45,28.263
2018-05-22 22:00,28.062
2018-05-22 22:15,27.877
2018-05-22 22:30,27.692
2018-05-22 22:45,27.508
2018-05-22 23:00,27.323
2018-05-22 23:15,27.179
2018-05-22 23:30,27.034
2018-05-22 23:45,26.891
2018-05-23 00:00,26.746
2018-05-23 00:15,26.552
2018-05-23 00:30,26.358
2018-05-23 00:45,26.163
2018-05-23 01:00,25.969
2018-05-23 01:15,25.823
2018-05-23 01:30,25.677
2018-05-23 01:45,25.531
2018-05-23 02:00,25.384
2018-05-23 02:15,25.123
2018-05-23 02:30,24.862
2018-05-23 02:45,24.6
2018-05-23 03:00,24.338
2018-05-23 03:15,24.252
2018-05-23 03:30,24.166
2018-05-23 03:45,24.079
2018-05-23 04:00,23.992
2018-05-23 04:15,23.904
2018-05-23 04:30,23.816
2018-05-23 04:45,23.727
2018-05-23 05:00,23.638
2018-05-23 05:15,23.484
2018-05-23 05:30,23.331
2018-05-23 05:45,23.177
2018-05-23 06:00,23.023
2018-05-23 06:15,22.994
2018-05-23 06:30,22.966
2018-05-23 06:45,22.937
2018-05-23 07:00,22.908
2018-05-23 07:15,23.073
2018-05-23 07:30,23.238
2018-05-23 07:45,23.404
2018-05-23 08:00,23.569
2018-05-23 08:15,24.152
2018-05-23 08:30,24.734
2018-05-23 08:45,25.317
2018-05-23 09:00,25.9
2018-05-23 09:15,26.334
2018-05-23 09:30,26.769
2018-05-23 09:45,27.204
2018-05-23 10:00,27.638
2018-05-23 10:15,27.959
2018-05-23 10:30,28.281
2018-05-23 10:45,28.602
2018-05-23 11:00,28.923
2018-05-23 11:15,29.338
2018-05-23 11:30,29.754
2018-05-23 11:45,30.169
2018-05-23 12:00,30.584
2018-05-23 12:15,30.916
2018-05-23 12:30,31.246
2018-05-23 12:45,31.577
2018-05-23 13:00,31.908
2018-05-23 13:15,32.069
2018-05-23 13:30,32.231
2018-05-23 13:45,32.392
2018-05-23 14:00,32.554
2018-05-23 14:15,32.584
2018-05-23 14:30,32.616
2018-05-23 14:45,32.646
2018-05-23 15:00,32.677
2018-05-23 15:15,32.812
2018-05-23 15:30,32.946
2018-05-23 15:45,33.081
2018-05-23 16:00,33.216
2018-05-23 16:15,33.225
2018-05-23 16:30,33.234
2018-05-23 16:45,33.244
2018-05-23 17:00,33.254
2018-05-23 17:15,33.225
2018-05-23 17:30,33.196
2018-05-23 17:45,33.167
2018-05-23 18:00,33.138
2018-05-23 18:15,33.05
2018-05-23 18:30,32.962
2018-05-23 18:45,32.873
2018-05-23 19:00,32.784
2018-05-23 19:15,32.513
2018-05-23 19:30,32.242
2018-05-23 19:45,31.971
2018-05-23 20:00,31.7
2018-05-23 20:15,31.379
2018-05-23 20:30,31.058
2018-05-23 20:45,30.737
2018-05-23 21:00,30.416
2018-05-23 21:15,30.029
2018-05-23 21:30,29.642
2018-05-23 21:45,29.256
2018-05-23 22:00,28.869
2018-05-23 22:15,28.541
2018-05-23 22:30,28.212
2018-05-23 22:45,27.883
2018-05-23 23:00,27.554
2018-05-23 23:15,27.35
2018-05-23 23:30,27.146
2018-05-23 23:45,26.942
2018-05-24 00:00,26.738
2018-05-24 00:15,26.388
2018-05-24 00:30,26.038
2018-05-24 00:45,25.688
2018-05-24 01:00,25.338
2018-05-24 01:15,25.127
2018-05-24 01:30,24.916
2018-05-24 01:45,24.704
2018-05-24 02:00,24.492
2018-05-24 02:15,24.377
2018-05-24 02:30,24.262
2018-05-24 02:45,24.146
2018-05-24 03:00,24.031
2018-05-24 03:15,23.894
2018-05-24 03:30,23.758
2018-05-24 03:45,23.621
2018-05-24 04:00,23.484
2018-05-24 04:15,23.369
2018-05-24 04:30,23.254
2018-05-24 04:45,23.138
2018-05-24 05:00,23.023
2018-05-24 05:15,22.956
2018-05-24 05:30,22.888
2018-05-24 05:45,22.821
2018-05-24 06:00,22.754
2018-05-24 06:15,22.608
2018-05-24 06:30,22.462
2018-05-24 06:45,22.316
2018-05-24 07:00,22.169
2018-05-24 07:15,22.433
2018-05-24 07:30,22.696
2018-05-24 07:45,22.959
2018-05-24 08:00,23.223
2018-05-24 08:15,23.708
2018-05-24 08:30,24.192
2018-05-24 08:45,24.677
2018-05-24 09:00,25.162
2018-05-24 09:15,25.625
2018-05-24 09:30,26.088
2018-05-24 09:45,26.552
2018-05-24 10:00,27.016
2018-05-24 10:15,27.404
2018-05-24 10:30,27.792
2018-05-24 10:45,28.181
2018-05-24 11:00,28.569
2018-05-24 11:15,28.735
2018-05-24 11:30,28.9
2018-05-24 11:45,29.066
2018-05-24 12:00,29.231
2018-05-24 12:15,29.443
2018-05-24 12:30,29.654
2018-05-24 12:45,29.866
2018-05-24 13:00,30.077
2018-05-24 13:15,30.494
2018-05-24 13:30,30.912
2018-05-24 13:45,31.329
2018-05-24 14:00,31.746
2018-05-24 14:15,31.833
2018-05-24 14:30,31.919
2018-05-24 14:45,32.006
2018-05-24 15:00,32.092
2018-05-24 15:15,32.084
2018-05-24 15:30,32.076
2018-05-24 15:45,32.067
2018-05-24 16:00,32.058
2018-05-24 16:15,32.067
2018-05-24 16:30,32.076
2018-05-24 16:45,32.084
2018-05-24 17:00,32.092
2018-05-24 17:15,32.266
2018-05-24 17:30,32.438
2018-05-24 17:45,32.612
2018-05-24 18:00,32.784
2018-05-24 18:15,32.65
2018-05-24 18:30,32.516
2018-05-24 18:45,32.381
2018-05-24 19:00,32.246
2018-05-24 19:15,32.033
2018-05-24 19:30,31.819
2018-05-24 19:45,31.606
2018-05-24 20:00,31.392
2018-05-24 20:15,31.071
2018-05-24 20:30,30.75
2018-05-24 20:45,30.429
2018-05-24 21:00,30.108
2018-05-24 21:15,29.759
2018-05-24 21:30,29.412
2018-05-24 21:45,29.063
2018-05-24 22:00,28.716
2018-05-24 22:15,28.533
2018-05-24 22:30,28.35
2018-05-24 22:45,28.167
2018-05-24 23:00,27.984
2018-05-24 23:15,27.916
2018-05-24 23:30,27.846
2018-05-24 23:45,27.777
2018-05-25 00:00,27.708
2018-05-25 00:15,27.525
2018-05-25 00:30,27.342
2018-05-25 00:45,27.159
2018-05-25 01:00,26.977
2018-05-25 01:15,26.977
2018-05-25 01:30,26.977
2018-05-25 01:45,26.977
2018-05-25 02:00,26.977
2018-05-25 02:15,26.792
2018-05-25 02:30,26.608
2018-05-25 02:45,26.423
2018-05-25 03:00,26.238
2018-05-25 03:15,26.181
2018-05-25 03:30,26.123
2018-05-25 03:45,26.066
2018-05-25 04:00,26.008
2018-05-25 04:15,25.998
2018-05-25 04:30,25.988
2018-05-25 04:45,25.979
2018-05-25 05:00,25.969
2018-05-25 05:15,25.842
2018-05-25 05:30,25.716
2018-05-25 05:45,25.588
2018-05-25 06:00,25.462
2018-05-25 06:15,25.104
2018-05-25 06:30,24.746
2018-05-25 06:45,24.388
2018-05-25 07:00,24.031
2018-05-25 07:15,24.371
2018-05-25 07:30,24.712
2018-05-25 07:45,25.052
2018-05-25 08:00,25.392
2018-05-25 08:15,25.829
2018-05-25 08:30,26.266
2018-05-25 08:45,26.702
2018-05-25 09:00,27.138
2018-05-25 09:15,27.584
2018-05-25 09:30,28.031
2018-05-25 09:45,28.477
2018-05-25 10:00,28.923
2018-05-25 10:15,29.456
2018-05-25 10:30,29.988
2018-05-25 10:45,30.521
2018-05-25 11:00,31.054
2018-05-25 11:15,31.363
2018-05-25 11:30,31.673
2018-05-25 11:45,31.983
2018-05-25 12:00,32.292
2018-05-25 12:15,32.602
2018-05-25 12:30,32.912
2018-05-25 12:45,33.221
2018-05-25 13:00,33.531
2018-05-25 13:15,33.744
2018-05-25 13:30,33.958
2018-05-25 13:45,34.171
2018-05-25 14:00,34.384
2018-05-25 14:15,33.529
2018-05-25 14:30,32.674
2018-05-25 14:45,31.819
2018-05-25 15:00,30.964
2018-05-25 15:15,31.227
2018-05-25 15:30,31.49
2018-05-25 15:45,31.753
2018-05-25 16:00,32.016
2018-05-25 16:15,32.131
2018-05-25 16:30,32.246
2018-05-25 16:45,32.362
2018-05-25 17:00,32.477
2018-05-25 17:15,32.196
2018-05-25 17:30,31.916
2018-05-25 17:45,31.634
2018-05-25 18:00,31.354
2018-05-25 18:15,31.142
2018-05-25 18:30,30.931
2018-05-25 18:45,30.719
2018-05-25 19:00,30.508
2018-05-25 19:15,30.496
2018-05-25 19:30,30.484
2018-05-25 19:45,30.473
2018-05-25 20:00,30.462
2018-05-25 20:15,30.113
2018-05-25 20:30,29.766
2018-05-25 20:45,29.417
2018-05-25 21:00,29.069
2018-05-25 21:15,28.623
2018-05-25 21:30,28.177
2018-05-25 21:45,27.731
2018-05-25 22:00,27.284
2018-05-25 22:15,27.141
2018-05-25 22:30,26.996
2018-05-25 22:45,26.852
2018-05-25 23:00,26.708
2018-05-25 23:15,26.698
2018-05-25 23:30,26.688
2018-05-25 23:45,26.679
2018-05-26 00:00,26.669
2018-05-26 00:15,26.612
2018-05-26 00:30,26.554
2018-05-26 00:45,26.496
2018-05-26 01:00,26.438
2018-05-26 01:15,26.573
2018-05-26 01:30,26.708
2018-05-26 01:45,26.842
2018-05-26 02:00,26.977
2018-05-26 02:15,26.831
2018-05-26 02:30,26.684
2018-05-26 02:45,26.538
2018-05-26 03:00,26.392
2018-05-26 03:15,26.267
2018-05-26 03:30,26.142
2018-05-26 03:45,26.017
2018-05-26 04:00,25.892
2018-05-26 04:15,25.638
2018-05-26 04:30,25.384
2018-05-26 04:45,25.131
2018-05-26 05:00,24.877
2018-05-26 05:15,24.491
2018-05-26 05:30,24.104
2018-05-26 05:45,23.717
2018-05-26 06:00,23.331
2018-05-26 06:15,23.137
2018-05-26 06:30,22.942
2018-05-26 06:45,22.748
2018-05-26 07:00,22.554
2018-05-26 07:15,22.692
2018-05-26 07:30,22.831
2018-05-26 07:45,22.969
2018-05-26 08:00,23.108
2018-05-26 08:15,23.787
2018-05-26 08:30,24.466
2018-05-26 08:45,25.144
2018-05-26 09:00,25.823
2018-05-26 09:15,26.533
2018-05-26 09:30,27.242
2018-05-26 09:45,27.952
2018-05-26 10:00,28.662
2018-05-26 10:15,29.55
2018-05-26 10:30,30.438
2018-05-26 10:45,31.327
2018-05-26 11:00,32.216
2018-05-26 11:15,32.513
2018-05-26 11:30,32.812
2018-05-26 11:45,33.109
2018-05-26 12:00,33.408
2018-05-26 12:15,33.671
2018-05-26 12:30,33.934
2018-05-26 12:45,34.198
2018-05-26 13:00,34.462
2018-05-26 13:15,34.694
2018-05-26 13:30,34.927
2018-05-26 13:45,35.159
2018-05-26 14:00,35.392
2018-05-26 14:15,35.741
2018-05-26 14:30,36.088
2018-05-26 14:45,36.437
2018-05-26 15:00,36.784
2018-05-26 15:15,36.929
2018-05-26 15:30,37.073
2018-05-26 15:45,37.217
2018-05-26 16:00,37.362
2018-05-26 16:15,37.294
2018-05-26 16:30,37.227
2018-05-26 16:45,37.159
2018-05-26 17:00,37.092
2018-05-26 17:15,37.073
2018-05-26 17:30,37.054
2018-05-26 17:45,37.034
2018-05-26 18:00,37.016
2018-05-26 18:15,36.937
2018-05-26 18:30,36.858
2018-05-26 18:45,36.779
2018-05-26 19:00,36.7
2018-05-26 19:15,36.302
2018-05-26 19:30,35.904
2018-05-26 19:45,35.506
2018-05-26 20:00,35.108
2018-05-26 20:15,34.702
2018-05-26 20:30,34.296
2018-05-26 20:45,33.891
2018-05-26 21:00,33.484
2018-05-26 21:15,33.204
2018-05-26 21:30,32.923
2018-05-26 21:45,32.642
2018-05-26 22:00,32.362
2018-05-26 22:15,32.1
2018-05-26 22:30,31.838
2018-05-26 22:45,31.577
2018-05-26 23:00,31.316
2018-05-26 23:15,31.071
2018-05-26 23:30,30.827
2018-05-26 23:45,30.583
2018-05-27 00:00,30.338
2018-05-27 00:15,30.002
2018-05-27 00:30,29.666
2018-05-27 00:45,29.329
2018-05-27 01:00,28.992
2018-05-27 01:15,28.884
2018-05-27 01:30,28.777
2018-05-27 01:45,28.669
2018-05-27 02:00,28.562
2018-05-27 02:15,28.329
2018-05-27 02:30,28.096
2018-05-27 02:45,27.863
2018-05-27 03:00,27.631
2018-05-27 03:15,27.467
2018-05-27 03:30,27.304
2018-05-27 03:45,27.141
2018-05-27 04:00,26.977
2018-05-27 04:15,26.881
2018-05-27 04:30,26.784
2018-05-27 04:45,26.688
2018-05-27 05:00,26.592
2018-05-27 05:15,26.446
2018-05-27 05:30,26.3
2018-05-27 05:45,26.154
2018-05-27 06:00,26.008
2018-05-27 06:15,25.998
2018-05-27 06:30,25.988
2018-05-27 06:45,25.979
2018-05-27 07:00,25.969
2018-05-27 07:15,26.134
2018-05-27 07:30,26.3
2018-05-27 07:45,26.466
2018-05-27 08:00,26.631
2018-05-27 08:15,27.029
2018-05-27 08:30,27.427
2018-05-27 08:45,27.825
2018-05-27 09:00,28.223
2018-05-27 09:15,28.583
2018-05-27 09:30,28.942
2018-05-27 09:45,29.302
2018-05-27 10:00,29.662
2018-05-27 10:15,30.154
2018-05-27 10:30,30.646
2018-05-27 10:45,31.138
2018-05-27 11:00,31.631
2018-05-27 11:15,32.077
2018-05-27 11:30,32.523
2018-05-27 11:45,32.969
2018-05-27 12:00,33.416
2018-05-27 12:15,33.792
2018-05-27 12:30,34.169
2018-05-27 12:45,34.546
2018-05-27 13:00,34.923
2018-05-27 13:15,35.194
2018-05-27 13:30,35.466
2018-05-27 13:45,35.737
2018-05-27 14:00,36.008
2018-05-27 14:15,36.173
2018-05-27 14:30,36.338
2018-05-27 14:45,36.504
2018-05-27 15:00,36.669
2018-05-27 15:15,36.547
2018-05-27 15:30,36.426
2018-05-27 15:45,36.304
2018-05-27 16:00,36.182
2018-05-27 16:15,36.146
2018-05-27 16:30,36.111
2018-05-27 16:45,36.076
2018-05-27 17:00,36.04
2018-05-27 17:15,36.003
2018-05-27 17:30,35.966
2018-05-27 17:45,35.929
2018-05-27 18:00,35.892
2018-05-27 18:15,35.842
2018-05-27 18:30,35.792
2018-05-27 18:45,35.742
2018-05-27 19:00,35.692
2018-05-27 19:15,35.412
2018-05-27 19:30,35.131
2018-05-27 19:45,34.85
2018-05-27 20:00,34.569
2018-05-27 20:15,34.327
2018-05-27 20:30,34.084
2018-05-27 20:45,33.842
2018-05-27 21:00,33.6
2018-05-27 21:15,33.338
2018-05-27 21:30,33.077
2018-05-27 21:45,32.816
2018-05-27 22:00,32.554
2018-05-27 22:15,32.283
2018-05-27 22:30,32.012
2018-05-27 22:45,31.741
2018-05-27 23:00,31.469
2018-05-27 23:15,31.237
2018-05-27 23:30,31.004
2018-05-27 23:45,30.771
2018-05-28 00:00,30.538
2018-05-28 00:15,30.171
2018-05-28 00:30,29.804
2018-05-28 00:45,29.437
2018-05-28 01:00,29.069
2018-05-28 01:15,28.817
2018-05-28 01:30,28.566
2018-05-28 01:45,28.313
2018-05-28 02:00,28.062
2018-05-28 02:15,27.848
2018-05-28 02:30,27.634
2018-05-28 02:45,27.421
2018-05-28 03:00,27.208
2018-05-28 03:15,27.131
2018-05-28 03:30,27.054
2018-05-28 03:45,26.977
2018-05-28 04:00,26.9
2018-05-28 04:15,26.667
2018-05-28 04:30,26.434
2018-05-28 04:45,26.202
2018-05-28 05:00,25.969
2018-05-28 05:15,25.823
2018-05-28 05:30,25.677
2018-05-28 05:45,25.531
2018-05-28 06:00,25.384
2018-05-28 06:15,25.212
2018-05-28 06:30,25.038
2018-05-28 06:45,24.866
2018-05-28 07:00,24.692
2018-05-28 07:15,24.963
2018-05-28 07:30,25.234
2018-05-28 07:45,25.506
2018-05-28 08:00,25.777
2018-05-28 08:15,26.156
2018-05-28 08:30,26.534
2018-05-28 08:45,26.913
2018-05-28 09:00,27.292
2018-05-28 09:15,27.846
2018-05-28 09:30,28.4
2018-05-28 09:45,28.954
2018-05-28 10:00,29.508
2018-05-28 10:15,30.009
2018-05-28 10:30,30.512
2018-05-28 10:45,31.013
2018-05-28 11:00,31.516
2018-05-28 11:15,31.729
2018-05-28 11:30,31.942
2018-05-28 11:45,32.156
2018-05-28 12:00,32.369
2018-05-28 12:15,32.602
2018-05-28 12:30,32.834
2018-05-28 12:45,33.067
2018-05-28 13:00,33.3
2018-05-28 13:15,33.387
2018-05-28 13:30,33.473
2018-05-28 13:45,33.559
2018-05-28 14:00,33.646
2018-05-28 14:15,33.773
2018-05-28 14:30,33.9
2018-05-28 14:45,34.027
2018-05-28 15:00,34.154
2018-05-28 15:15,34.488
2018-05-28 15:30,34.823
2018-05-28 15:45,35.158
2018-05-28 16:00,35.492
2018-05-28 16:15,35.504
2018-05-28 16:30,35.516
2018-05-28 16:45,35.527
2018-05-28 17:00,35.538
2018-05-28 17:15,35.404
2018-05-28 17:30,35.269
2018-05-28 17:45,35.134
2018-05-28 18:00,35.0
2018-05-28 18:15,34.796
2018-05-28 18:30,34.592
2018-05-28 18:45,34.388
2018-05-28 19:00,34.184
2018-05-28 19:15,33.962
2018-05-28 19:30,33.738
2018-05-28 19:45,33.516
2018-05-28 20:00,33.292
2018-05-28 20:15,33.021
2018-05-28 20:30,32.75
2018-05-28 20:45,32.479
2018-05-28 21:00,32.208
2018-05-28 21:15,31.887
2018-05-28 21:30,31.566
2018-05-28 21:45,31.244
2018-05-28 22:00,30.923
2018-05-28 22:15,30.362
2018-05-28 22:30,29.8
2018-05-28 22:45,29.238
2018-05-28 23:00,28.677
2018-05-28 23:15,28.6
2018-05-28 23:30,28.523
2018-05-28 23:45,28.446
2018-05-29 00:00,28.369
2018-05-29 00:15,28.138
2018-05-29 00:30,27.908
2018-05-29 00:45,27.677
2018-05-29 01:00,27.446
2018-05-29 01:15,27.348
2018-05-29 01:30,27.25
2018-05-29 01:45,27.152
2018-05-29 02:00,27.054
2018-05-29 02:15,27.034
2018-05-29 02:30,27.016
2018-05-29 02:45,26.996
2018-05-29 03:00,26.977
2018-05-29 03:15,26.831
2018-05-29 03:30,26.684
2018-05-29 03:45,26.538
2018-05-29 04:00,26.392
2018-05-29 04:15,26.148
2018-05-29 04:30,25.904
2018-05-29 04:45,25.659
2018-05-29 05:00,25.416
2018-05-29 05:15,25.079
2018-05-29 05:30,24.742
2018-05-29 05:45,24.406
2018-05-29 06:00,24.069
2018-05-29 06:15,24.091
2018-05-29 06:30,24.112
2018-05-29 06:45,24.133
2018-05-29 07:00,24.154
2018-05-29 07:15,24.65
2018-05-29 07:30,25.146
2018-05-29 07:45,25.642
2018-05-29 08:00,26.138
2018-05-29 08:15,26.641
2018-05-29 08:30,27.142
2018-05-29 08:45,27.644
2018-05-29 09:00,28.146
2018-05-29 09:15,28.602
2018-05-29 09:30,29.058
2018-05-29 09:45,29.513
2018-05-29 10:00,29.969
2018-05-29 10:15,30.454
2018-05-29 10:30,30.938
2018-05-29 10:45,31.423
2018-05-29 11:00,31.908
2018-05-29 11:15,32.275
2018-05-29 11:30,32.642
2018-05-29 11:45,33.009
2018-05-29 12:00,33.377
2018-05-29 12:15,33.687
2018-05-29 12:30,33.996
2018-05-29 12:45,34.306
2018-05-29 13:00,34.616
2018-05-29 13:15,34.916
2018-05-29 13:30,35.216
2018-05-29 13:45,35.516
2018-05-29 14:00,35.816
2018-05-29 14:15,35.883
2018-05-29 14:30,35.95
2018-05-29 14:45,36.017
2018-05-29 15:00,36.084
2018-05-29 15:15,36.123
2018-05-29 15:30,36.162
2018-05-29 15:45,36.2
2018-05-29 16:00,36.238
2018-05-29 16:15,36.327
2018-05-29 16:30,36.416
2018-05-29 16:45,36.504
2018-05-29 17:00,36.592
2018-05-29 17:15,36.483
2018-05-29 17:30,36.375
2018-05-29 17:45,36.266
2018-05-29 18:00,36.157
2018-05-29 18:15,36.041
2018-05-29 18:30,35.925
2018-05-29 18:45,35.808
2018-05-29 19:00,35.692
2018-05-29 19:15,35.287
2018-05-29 19:30,34.881
2018-05-29 19:45,34.475
2018-05-29 20:00,34.069
2018-05-29 20:15,33.709
2018-05-29 20:30,33.35
2018-05-29 20:45,32.991
2018-05-29 21:00,32.631
2018-05-29 21:15,32.429
2018-05-29 21:30,32.227
2018-05-29 21:45,32.025
2018-05-29 22:00,31.823
2018-05-29 22:15,31.648
2018-05-29 22:30,31.473
2018-05-29 22:45,31.298
2018-05-29 23:00,31.123
2018-05-29 23:15,30.919
2018-05-29 23:30,30.716
2018-05-29 23:45,30.512
2018-05-30 00:00,30.308
2018-05-30 00:15,29.979
2018-05-30 00:30,29.65
2018-05-30 00:45,29.321
2018-05-30 01:00,28.992
2018-05-30 01:15,28.846
2018-05-30 01:30,28.7
2018-05-30 01:45,28.554
2018-05-30 02:00,28.408
2018-05-30 02:15,28.312
2018-05-30 02:30,28.216
2018-05-30 02:45,28.119
2018-05-30 03:00,28.023
2018-05-30 03:15,28.013
2018-05-30 03:30,28.004
2018-05-30 03:45,27.994
2018-05-30 04:00,27.984
2018-05-30 04:15,27.858
2018-05-30 04:30,27.731
2018-05-30 04:45,27.604
2018-05-30 05:00,27.477
2018-05-30 05:15,27.352
2018-05-30 05:30,27.227
2018-05-30 05:45,27.102
2018-05-30 06:00,26.977
2018-05-30 06:15,26.919
2018-05-30 06:30,26.862
2018-05-30 06:45,26.804
2018-05-30 07:00,26.746
2018-05-30 07:15,26.813
2018-05-30 07:30,26.881
2018-05-30 07:45,26.948
2018-05-30 08:00,27.016
2018-05-30 08:15,27.281
2018-05-30 08:30,27.545
2018-05-30 08:45,27.81
2018-05-30 09:00,28.075
2018-05-30 09:15,28.364
2018-05-30 09:30,28.653
2018-05-30 09:45,28.942
2018-05-30 10:00,29.231
2018-05-30 10:15,29.754
2018-05-30 10:30,30.277
2018-05-30 10:45,30.8
2018-05-30 11:00,31.323
2018-05-30 11:15,31.652
2018-05-30 11:30,31.981
2018-05-30 11:45,32.309
2018-05-30 12:00,32.638
2018-05-30 12:15,32.929
2018-05-30 12:30,33.219
2018-05-30 12:45,33.509
2018-05-30 13:00,33.8
2018-05-30 13:15,34.15
2018-05-30 13:30,34.5
2018-05-30 13:45,34.85
2018-05-30 14:00,35.2
2018-05-30 14:15,35.373
2018-05-30 14:30,35.546
2018-05-30 14:45,35.719
2018-05-30 15:00,35.892
2018-05-30 15:15,35.941
2018-05-30 15:30,35.988
2018-05-30 15:45,36.037
2018-05-30 16:00,36.084
2018-05-30 16:15,36.066
2018-05-30 16:30,36.046
2018-05-30 16:45,36.027
2018-05-30 17:00,36.008
2018-05-30 17:15,35.998
2018-05-30 17:30,35.988
2018-05-30 17:45,35.979
2018-05-30 18:00,35.969
2018-05-30 18:15,35.842
2018-05-30 18:30,35.716
2018-05-30 18:45,35.588
2018-05-30 19:00,35.462
2018-05-30 19:15,35.063
2018-05-30 19:30,34.666
2018-05-30 19:45,34.267
2018-05-30 20:00,33.869
2018-05-30 20:15,33.629
2018-05-30 20:30,33.388
2018-05-30 20:45,33.148
2018-05-30 21:00,32.908
2018-05-30 21:15,32.675
2018-05-30 21:30,32.442
2018-05-30 21:45,32.209
2018-05-30 22:00,31.977
2018-05-30 22:15,31.821
2018-05-30 22:30,31.666
2018-05-30 22:45,31.509
2018-05-30 23:00,31.354
2018-05-30 23:15,30.956
2018-05-30 23:30,30.559
2018-05-30 23:45,30.161
2018-05-31 00:00,29.764
2018-05-31 00:15,29.571
2018-05-31 00:30,29.378
2018-05-31 00:45,29.185
2018-05-31 01:00,28.992
2018-05-31 01:15,28.866
2018-05-31 01:30,28.738
2018-05-31 01:45,28.612
2018-05-31 02:00,28.484
2018-05-31 02:15,28.359
2018-05-31 02:30,28.234
2018-05-31 02:45,28.109
2018-05-31 03:00,27.984
2018-05-31 03:15,27.733
2018-05-31 03:30,27.481
2018-05-31 03:45,27.229
2018-05-31 04:00,26.977
2018-05-31 04:15,26.763
2018-05-31 04:30,26.55
2018-05-31 04:45,26.337
2018-05-31 05:00,26.123
2018-05-31 05:15,25.958
2018-05-31 05:30,25.792
2018-05-31 05:45,25.627
2018-05-31 06:00,25.462
2018-05-31 06:15,25.346
2018-05-31 06:30,25.231
2018-05-31 06:45,25.116
2018-05-31 07:00,25.0
2018-05-31 07:15,25.271
2018-05-31 07:30,25.542
2018-05-31 07:45,25.813
2018-05-31 08:00,26.084
2018-05-31 08:15,26.387
2018-05-31 08:30,26.688
2018-05-31 08:45,26.991
2018-05-31 09:00,27.292
2018-05-31 09:15,27.631
2018-05-31 09:30,27.969
2018-05-31 09:45,28.308
2018-05-31 10:00,28.646
2018-05-31 10:15,29.198
2018-05-31 10:30,29.75
2018-05-31 10:45,30.302
2018-05-31 11:00,30.854
2018-05-31 11:15,31.163
2018-05-31 11:30,31.473
2018-05-31 11:45,31.783
2018-05-31 12:00,32.092
2018-05-31 12:15,32.492
2018-05-31 12:30,32.892
2018-05-31 12:45,33.292
2018-05-31 13:00,33.692
2018-05-31 13:15,34.019
2018-05-31 13:30,34.346
2018-05-31 13:45,34.673
2018-05-31 14:00,35.0
2018-05-31 14:15,35.252
2018-05-31 14:30,35.504
2018-05-31 14:45,35.756
2018-05-31 15:00,36.008
2018-05-31 15:15,36.192
2018-05-31 15:30,36.377
2018-05-31 15:45,36.562
2018-05-31 16:00,36.746
2018-05-31 16:15,36.804
2018-05-31 16:30,36.862
2018-05-31 16:45,36.919
2018-05-31 17:00,36.977
2018-05-31 17:15,36.946
2018-05-31 17:30,36.916
2018-05-31 17:45,36.884
2018-05-31 18:00,36.854
2018-05-31 18:15,36.652
2018-05-31 18:30,36.45
2018-05-31 18:45,36.248
2018-05-31 19:00,36.046
2018-05-31 19:15,35.792
2018-05-31 19:30,35.538
2018-05-31 19:45,35.284
2018-05-31 20:00,35.031
2018-05-31 20:15,34.634
2018-05-31 20:30,34.238
2018-05-31 20:45,33.842
2018-05-31 21:00,33.446
2018-05-31 21:15,33.223
2018-05-31 21:30,33.0
2018-05-31 21:45,32.777
2018-05-31 22:00,32.554
2018-05-31 22:15,32.379
2018-05-31 22:30,32.204
2018-05-31 22:45,32.029
2018-05-31 23:00,31.854
2018-05-31 23:15,31.652
2018-05-31 23:30,31.45
2018-05-31 23:45,31.248
2018-06-01 00:00,31.046
2018-06-01 00:15,30.716
2018-06-01 00:30,30.384
2018-06-01 00:45,30.054
2018-06-01 01:00,29.723
2018-06-01 01:15,29.433
2018-06-01 01:30,29.142
2018-06-01 01:45,28.852
2018-06-01 02:00,28.562
2018-06-01 02:15,28.417
2018-06-01 02:30,28.273
2018-06-01 02:45,28.129
2018-06-01 03:00,27.984
2018-06-01 03:15,27.858
2018-06-01 03:30,27.731
2018-06-01 03:45,27.604
2018-06-01 04:00,27.477
2018-06-01 04:15,27.352
2018-06-01 04:30,27.227
2018-06-01 04:45,27.102
2018-06-01 05:00,26.977
2018-06-01 05:15,26.773
2018-06-01 05:30,26.569
2018-06-01 05:45,26.366
2018-06-01 06:00,26.162
2018-06-01 06:15,26.056
2018-06-01 06:30,25.95
2018-06-01 06:45,25.844
2018-06-01 07:00,25.738
2018-06-01 07:15,25.825
2018-06-01 07:30,25.912
2018-06-01 07:45,25.998
2018-06-01 08:00,26.084
2018-06-01 08:15,26.425
2018-06-01 08:30,26.766
2018-06-01 08:45,27.106
2018-06-01 09:00,27.446
2018-06-01 09:15,27.766
2018-06-01 09:30,28.084
2018-06-01 09:45,28.404
2018-06-01 10:00,28.723
2018-06-01 10:15,29.131
2018-06-01 10:30,29.538
2018-06-01 10:45,29.946
2018-06-01 11:00,30.354
2018-06-01 11:15,30.8
2018-06-01 11:30,31.246
2018-06-01 11:45,31.692
2018-06-01 12:00,32.138
2018-06-01 12:15,32.573
2018-06-01 12:30,33.008
2018-06-01 12:45,33.442
2018-06-01 13:00,33.877
2018-06-01 13:15,34.352
2018-06-01 13:30,34.827
2018-06-01 13:45,35.302
2018-06-01 14:00,35.777
2018-06-01 14:15,36.048
2018-06-01 14:30,36.319
2018-06-01 14:45,36.591
2018-06-01 15:00,36.862
2018-06-01 15:15,37.066
2018-06-01 15:30,37.269
2018-06-01 15:45,37.473
2018-06-01 16:00,37.677
2018-06-01 16:15,37.666
2018-06-01 16:30,37.654
2018-06-01 16:45,37.642
2018-06-01 17:00,37.631
2018-06-01 17:15,37.467
2018-06-01 17:30,37.304
2018-06-01 17:45,37.141
2018-06-01 18:00,36.977
2018-06-01 18:15,36.783
2018-06-01 18:30,36.588
2018-06-01 18:45,36.394
2018-06-01 19:00,36.2
2018-06-01 19:15,35.908
2018-06-01 19:30,35.616
2018-06-01 19:45,35.323
2018-06-01 20:00,35.031
2018-06-01 20:15,34.644
2018-06-01 20:30,34.258
2018-06-01 20:45,33.871
2018-06-01 21:00,33.484
2018-06-01 21:15,33.359
2018-06-01 21:30,33.234
2018-06-01 21:45,33.109
2018-06-01 22:00,32.984
2018-06-01 22:15,32.733
2018-06-01 22:30,32.481
2018-06-01 22:45,32.229
2018-06-01 23:00,31.977
2018-06-01 23:15,31.977
2018-06-01 23:30,31.977
2018-06-01 23:45,31.977
2018-06-02 00:00,31.977
2018-06-02 00:15,31.938
2018-06-02 00:30,31.9
2018-06-02 00:45,31.862
2018-06-02 01:00,31.823
2018-06-02 01:15,31.773
2018-06-02 01:30,31.723
2018-06-02 01:45,31.673
2018-06-02 02:00,31.623
2018-06-02 02:15,31.283
2018-06-02 02:30,30.942
2018-06-02 02:45,30.602
2018-06-02 03:00,30.262
2018-06-02 03:15,29.944
2018-06-02 03:30,29.627
2018-06-02 03:45,29.309
2018-06-02 04:00,28.992
2018-06-02 04:15,28.798
2018-06-02 04:30,28.604
2018-06-02 04:45,28.409
2018-06-02 05:00,28.216
2018-06-02 05:15,28.012
2018-06-02 05:30,27.808
2018-06-02 05:45,27.604
2018-06-02 06:00,27.4
2018-06-02 06:15,27.294
2018-06-02 06:30,27.188
2018-06-02 06:45,27.083
2018-06-02 07:00,26.977
2018-06-02 07:15,27.017
2018-06-02 07:30,27.058
2018-06-02 07:45,27.098
2018-06-02 08:00,27.138
2018-06-02 08:15,27.448
2018-06-02 08:30,27.758
2018-06-02 08:45,28.067
2018-06-02 09:00,28.377
2018-06-02 09:15,28.912
2018-06-02 09:30,29.446
2018-06-02 09:45,29.981
2018-06-02 10:00,30.516
2018-06-02 10:15,31.077
2018-06-02 10:30,31.638
2018-06-02 10:45,32.2
2018-06-02 11:00,32.762
2018-06-02 11:15,33.237
2018-06-02 11:30,33.712
2018-06-02 11:45,34.187
2018-06-02 12:00,34.662
2018-06-02 12:15,35.087
2018-06-02 12:30,35.512
2018-06-02 12:45,35.937
2018-06-02 13:00,36.362
2018-06-02 13:15,36.719
2018-06-02 13:30,37.077
2018-06-02 13:45,37.434
2018-06-02 14:00,37.792
2018-06-02 14:15,37.9
2018-06-02 14:30,38.008
2018-06-02 14:45,38.116
2018-06-02 15:00,38.223
2018-06-02 15:15,38.262
2018-06-02 15:30,38.3
2018-06-02 15:45,38.338
2018-06-02 16:00,38.377
2018-06-02 16:15,38.473
2018-06-02 16:30,38.569
2018-06-02 16:45,38.666
2018-06-02 17:00,38.762
2018-06-02 17:15,38.646
2018-06-02 17:30,38.531
2018-06-02 17:45,38.416
2018-06-02 18:00,38.3
2018-06-02 18:15,38.113
2018-06-02 18:30,37.927
2018-06-02 18:45,37.741
2018-06-02 19:00,37.554
2018-06-02 19:15,37.341
2018-06-02 19:30,37.127
2018-06-02 19:45,36.913
2018-06-02 20:00,36.7
2018-06-02 20:15,36.352
2018-06-02 20:30,36.004
2018-06-02 20:45,35.656
2018-06-02 21:00,35.308
2018-06-02 21:15,34.921
2018-06-02 21:30,34.534
2018-06-02 21:45,34.148
2018-06-02 22:00,33.762
2018-06-02 22:15,33.809
2018-06-02 22:30,33.858
2018-06-02 22:45,33.906
2018-06-02 23:00,33.954
2018-06-02 23:15,33.642
2018-06-02 23:30,33.331
2018-06-02 23:45,33.019
2018-06-03 00:00,32.708
2018-06-03 00:15,32.494
2018-06-03 00:30,32.281
2018-06-03 00:45,32.067
2018-06-03 01:00,31.854
2018-06-03 01:15,31.563
2018-06-03 01:30,31.273
2018-06-03 01:45,30.983
2018-06-03 02:00,30.692
2018-06-03 02:15,30.325
2018-06-03 02:30,29.958
2018-06-03 02:45,29.591
2018-06-03 03:00,29.223
2018-06-03 03:15,29.019
2018-06-03 03:30,28.816
2018-06-03 03:45,28.612
2018-06-03 04:00,28.408
2018-06-03 04:15,28.302
2018-06-03 04:30,28.196
2018-06-03 04:45,28.091
2018-06-03 05:00,27.984
2018-06-03 05:15,27.742
2018-06-03 05:30,27.5
2018-06-03 05:45,27.258
2018-06-03 06:00,27.016
2018-06-03 06:15,27.006
2018-06-03 06:30,26.996
2018-06-03 06:45,26.987
2018-06-03 07:00,26.977
2018-06-03 07:15,26.977
2018-06-03 07:30,26.977
2018-06-03 07:45,26.977
2018-06-03 08:00,26.977
2018-06-03 08:15,26.987
2018-06-03 08:30,26.996
2018-06-03 08:45,27.006
2018-06-03 09:00,27.016
2018-06-03 09:15,27.183
2018-06-03 09:30,27.35
2018-06-03 09:45,27.517
2018-06-03 10:00,27.684
2018-06-03 10:15,28.033
2018-06-03 10:30,28.381
2018-06-03 10:45,28.729
2018-06-03 11:00,29.077
2018-06-03 11:15,29.483
2018-06-03 11:30,29.888
2018-06-03 11:45,30.294
2018-06-03 12:00,30.7
2018-06-03 12:15,31.009
2018-06-03 12:30,31.319
2018-06-03 12:45,31.629
2018-06-03 13:00,31.938
2018-06-03 13:15,32.209
2018-06-03 13:30,32.481
2018-06-03 13:45,32.752
2018-06-03 14:00,33.023
2018-06-03 14:15,33.208
2018-06-03 14:30,33.392
2018-06-03 14:45,33.577
2018-06-03 15:00,33.762
2018-06-03 15:15,33.829
2018-06-03 15:30,33.896
2018-06-03 15:45,33.963
2018-06-03 16:00,34.031
2018-06-03 16:15,34.069
2018-06-03 16:30,34.108
2018-06-03 16:45,34.146
2018-06-03 17:00,34.184
2018-06-03 17:15,34.146
2018-06-03 17:30,34.108
2018-06-03 17:45,34.069
2018-06-03 18:00,34.031
2018-06-03 18:15,33.991
2018-06-03 18:30,33.95
2018-06-03 18:45,33.909
2018-06-03 19:00,33.869
2018-06-03 19:15,33.579
2018-06-03 19:30,33.288
2018-06-03 19:45,32.998
2018-06-03 20:00,32.708
2018-06-03 20:15,32.281
2018-06-03 20:30,31.854
2018-06-03 20:45,31.427
2018-06-03 21:00,31.0
2018-06-03 21:15,30.506
2018-06-03 21:30,30.012
2018-06-03 21:45,29.517
2018-06-03 22:00,29.023
2018-06-03 22:15,28.763
2018-06-03 22:30,28.504
2018-06-03 22:45,28.244
2018-06-03 23:00,27.984
2018-06-03 23:15,27.984
2018-06-03 23:30,27.984
2018-06-03 23:45,27.984
2018-06-04 00:00,27.984
2018-06-04 00:15,27.779
2018-06-04 00:30,27.573
2018-06-04 00:45,27.367
2018-06-04 01:00,27.162
2018-06-04 01:15,26.794
2018-06-04 01:30,26.427
2018-06-04 01:45,26.059
2018-06-04 02:00,25.692
2018-06-04 02:15,25.412
2018-06-04 02:30,25.131
2018-06-04 02:45,24.85
2018-06-04 03:00,24.569
2018-06-04 03:15,24.366
2018-06-04 03:30,24.162
2018-06-04 03:45,23.958
2018-06-04 04:00,23.754
2018-06-04 04:15,23.698
2018-06-04 04:30,23.642
2018-06-04 04:45,23.587
2018-06-04 05:00,23.531
2018-06-04 05:15,23.616
2018-06-04 05:30,23.7
2018-06-04 05:45,23.784
2018-06-04 06:00,23.869
2018-06-04 06:15,23.843
2018-06-04 06:30,23.817
2018-06-04 06:45,23.791
2018-06-04 07:00,23.764
2018-06-04 07:15,22.95
2018-06-04 07:30,22.135
2018-06-04 07:45,21.321
2018-06-04 08:00,20.506
2018-06-04 08:15,20.483
2018-06-04 08:30,20.46
2018-06-04 08:45,20.437
2018-06-04 09:00,20.413
2018-06-04 09:15,20.562
2018-06-04 09:30,20.711
2018-06-04 09:45,20.859
2018-06-04 10:00,21.008
2018-06-04 10:15,21.291
2018-06-04 10:30,21.573
2018-06-04 10:45,21.856
2018-06-04 11:00,22.138
2018-06-04 11:15,22.516
2018-06-04 11:30,22.892
2018-06-04 11:45,23.269
2018-06-04 12:00,23.646
2018-06-04 12:15,24.025
2018-06-04 12:30,24.404
2018-06-04 12:45,24.783
2018-06-04 13:00,25.162
2018-06-04 13:15,25.363
2018-06-04 13:30,25.566
2018-06-04 13:45,25.767
2018-06-04 14:00,25.969
2018-06-04 14:15,25.969
2018-06-04 14:30,25.969
2018-06-04 14:45,25.969
2018-06-04 15:00,25.969
2018-06-04 15:15,25.844
2018-06-04 15:30,25.719
2018-06-04 15:45,25.594
2018-06-04 16:00,25.469
2018-06-04 16:15,25.887
2018-06-04 16:30,26.304
2018-06-04 16:45,26.721
2018-06-04 17:00,27.138
2018-06-04 17:15,27.516
2018-06-04 17:30,27.892
2018-06-04 17:45,28.269
2018-06-04 18:00,28.646
2018-06-04 18:15,28.742
2018-06-04 18:30,28.838
2018-06-04 18:45,28.934
2018-06-04 19:00,29.031
2018-06-04 19:15,29.021
2018-06-04 19:30,29.012
2018-06-04 19:45,29.002
2018-06-04 20:00,28.992
2018-06-04 20:15,28.759
2018-06-04 20:30,28.527
2018-06-04 20:45,28.294
2018-06-04 21:00,28.062
2018-06-04 21:15,27.829
2018-06-04 21:30,27.596
2018-06-04 21:45,27.363
2018-06-04 22:00,27.131
2018-06-04 22:15,27.092
2018-06-04 22:30,27.054
2018-06-04 22:45,27.016
2018-06-04 23:00,26.977
2018-06-04 23:15,26.777
2018-06-04 23:30,26.576
2018-06-04 23:45,26.376
2018-06-05 00:00,26.175
2018-06-05 00:15,26.133
2018-06-05 00:30,26.091
2018-06-05 00:45,26.049
2018-06-05 01:00,26.008
2018-06-05 01:15,25.998
2018-06-05 01:30,25.988
2018-06-05 01:45,25.979
2018-06-05 02:00,25.969
2018-06-05 02:15,25.969
2018-06-05 02:30,25.969
2018-06-05 02:45,25.969
2018-06-05 03:00,25.969
2018-06-05 03:15,25.927
2018-06-05 03:30,25.884
2018-06-05 03:45,25.842
2018-06-05 04:00,25.8
2018-06-05 04:15,25.738
2018-06-05 04:30,25.675
2018-06-05 04:45,25.613
2018-06-05 05:00,25.55
2018-06-05 05:15,25.393
2018-06-05 05:30,25.237
2018-06-05 05:45,25.08
2018-06-05 06:00,24.923
2018-06-05 06:15,24.719
2018-06-05 06:30,24.516
2018-06-05 06:45,24.312
2018-06-05 07:00,24.108
2018-06-05 07:15,24.304
2018-06-05 07:30,24.5
2018-06-05 07:45,24.696
2018-06-05 08:00,24.892
2018-06-05 08:15,25.346
2018-06-05 08:30,25.8
2018-06-05 08:45,26.254
2018-06-05 09:00,26.708
2018-06-05 09:15,27.017
2018-06-05 09:30,27.327
2018-06-05 09:45,27.637
2018-06-05 10:00,27.946
2018-06-05 10:15,28.141
2018-06-05 10:30,28.334
2018-06-05 10:45,28.529
2018-06-05 11:00,28.723
2018-06-05 11:15,29.198
2018-06-05 11:30,29.673
2018-06-05 11:45,30.148
2018-06-05 12:00,30.623
2018-06-05 12:15,31.036
2018-06-05 12:30,31.449
2018-06-05 12:45,31.862
2018-06-05 13:00,32.275
2018-06-05 13:15,32.637
2018-06-05 13:30,32.999
2018-06-05 13:45,33.361
2018-06-05 14:00,33.723
2018-06-05 14:15,34.325
2018-06-05 14:30,34.927
2018-06-05 14:45,35.529
2018-06-05 15:00,36.131
2018-06-05 15:15,36.196
2018-06-05 15:30,36.262
2018-06-05 15:45,36.327
2018-06-05 16:00,36.392
2018-06-05 16:15,36.462
2018-06-05 16:30,36.531
2018-06-05 16:45,36.6
2018-06-05 17:00,36.669
2018-06-05 17:15,36.746
2018-06-05 17:30,36.823
2018-06-05 17:45,36.9
2018-06-05 18:00,36.977
2018-06-05 18:15,36.694
2018-06-05 18:30,36.412
2018-06-05 18:45,36.129
2018-06-05 19:00,35.846
2018-06-05 19:15,35.313
2018-06-05 19:30,34.781
2018-06-05 19:45,34.248
2018-06-05 20:00,33.716
2018-06-05 20:15,33.425
2018-06-05 20:30,33.134
2018-06-05 20:45,32.844
2018-06-05 21:00,32.554
2018-06-05 21:15,32.409
2018-06-05 21:30,32.266
2018-06-05 21:45,32.121
2018-06-05 22:00,31.977
2018-06-05 22:15,31.725
2018-06-05 22:30,31.473
2018-06-05 22:45,31.221
2018-06-05 23:00,30.969
2018-06-05 23:15,30.969
2018-06-05 23:30,30.969
2018-06-05 23:45,30.969
2018-06-06 00:00,30.969
2018-06-06 00:15,30.784
2018-06-06 00:30,30.6
2018-06-06 00:45,30.416
2018-06-06 01:00,30.231
2018-06-06 01:15,29.921
2018-06-06 01:30,29.612
2018-06-06 01:45,29.302
2018-06-06 02:00,28.992
2018-06-06 02:15,28.992
2018-06-06 02:30,28.992
2018-06-06 02:45,28.992
2018-06-06 03:00,28.992
2018-06-06 03:15,28.75
2018-06-06 03:30,28.508
2018-06-06 03:45,28.266
2018-06-06 04:00,28.023
2018-06-06 04:15,28.013
2018-06-06 04:30,28.004
2018-06-06 04:45,27.994
2018-06-06 05:00,27.984
2018-06-06 05:15,27.752
2018-06-06 05:30,27.519
2018-06-06 05:45,27.287
2018-06-06 06:00,27.054
2018-06-06 06:15,27.016
2018-06-06 06:30,26.977
2018-06-06 06:45,26.938
2018-06-06 07:00,26.9
2018-06-06 07:15,26.948
2018-06-06 07:30,26.996
2018-06-06 07:45,27.044
2018-06-06 08:00,27.092
2018-06-06 08:15,27.481
2018-06-06 08:30,27.869
2018-06-06 08:45,28.258
2018-06-06 09:00,28.646
2018-06-06 09:15,29.141
2018-06-06 09:30,29.634
2018-06-06 09:45,30.129
2018-06-06 10:00,30.623
2018-06-06 10:15,31.098
2018-06-06 10:30,31.573
2018-06-06 10:45,32.048
2018-06-06 11:00,32.523
2018-06-06 11:15,32.881
2018-06-06 11:30,33.238
2018-06-06 11:45,33.596
2018-06-06 12:00,33.954
2018-06-06 12:15,34.246
2018-06-06 12:30,34.538
2018-06-06 12:45,34.831
2018-06-06 13:00,35.123
2018-06-06 13:15,35.383
2018-06-06 13:30,35.642
2018-06-06 13:45,35.902
2018-06-06 14:00,36.162
2018-06-06 14:15,36.317
2018-06-06 14:30,36.473
2018-06-06 14:45,36.629
2018-06-06 15:00,36.784
2018-06-06 15:15,36.988
2018-06-06 15:30,37.192
2018-06-06 15:45,37.396
2018-06-06 16:00,37.6
2018-06-06 16:15,37.452
2018-06-06 16:30,37.304
2018-06-06 16:45,37.156
2018-06-06 17:00,37.008
2018-06-06 17:15,36.971
2018-06-06 17:30,36.934
2018-06-06 17:45,36.898
2018-06-06 18:00,36.862
2018-06-06 18:15,36.754
2018-06-06 18:30,36.646
2018-06-06 18:45,36.538
2018-06-06 19:00,36.431
2018-06-06 19:15,36.023
2018-06-06 19:30,35.616
2018-06-06 19:45,35.208
2018-06-06 20:00,34.8
2018-06-06 20:15,34.442
2018-06-06 20:30,34.084
2018-06-06 20:45,33.727
2018-06-06 21:00,33.369
2018-06-06 21:15,33.127
2018-06-06 21:30,32.884
2018-06-06 21:45,32.642
2018-06-06 22:00,32.4
2018-06-06 22:15,32.263
2018-06-06 22:30,32.127
2018-06-06 22:45,31.991
2018-06-06 23:00,31.854
2018-06-06 23:15,31.633
2018-06-06 23:30,31.412
2018-06-06 23:45,31.191
2018-06-07 00:00,30.969
2018-06-07 00:15,30.804
2018-06-07 00:30,30.638
2018-06-07 00:45,30.473
2018-06-07 01:00,30.308
2018-06-07 01:15,29.988
2018-06-07 01:30,29.669
2018-06-07 01:45,29.35
2018-06-07 02:00,29.031
2018-06-07 02:15,28.971
2018-06-07 02:30,28.912
2018-06-07 02:45,28.852
2018-06-07 03:00,28.792
2018-06-07 03:15,28.591
2018-06-07 03:30,28.388
2018-06-07 03:45,28.187
2018-06-07 04:00,27.984
2018-06-07 04:15,27.838
2018-06-07 04:30,27.692
2018-06-07 04:45,27.546
2018-06-07 05:00,27.4
2018-06-07 05:15,27.294
2018-06-07 05:30,27.188
2018-06-07 05:45,27.083
2018-06-07 06:00,26.977
2018-06-07 06:15,26.977
2018-06-07 06:30,26.977
2018-06-07 06:45,26.977
2018-06-07 07:00,26.977
2018-06-07 07:15,27.017
2018-06-07 07:30,27.058
2018-06-07 07:45,27.098
2018-06-07 08:00,27.138
2018-06-07 08:15,27.458
2018-06-07 08:30,27.777
2018-06-07 08:45,28.096
2018-06-07 09:00,28.416
2018-06-07 09:15,28.959
2018-06-07 09:30,29.504
2018-06-07 09:45,30.048
2018-06-07 10:00,30.592
2018-06-07 10:15,31.066
2018-06-07 10:30,31.538
2018-06-07 10:45,32.012
2018-06-07 11:00,32.484
2018-06-07 11:15,32.674
2018-06-07 11:30,32.863
2018-06-07 11:45,33.052
2018-06-07 12:00,33.242
2018-06-07 12:15,33.439
2018-06-07 12:30,33.636
2018-06-07 12:45,33.833
2018-06-07 13:00,34.031
2018-06-07 13:15,34.4
2018-06-07 13:30,34.769
2018-06-07 13:45,35.138
2018-06-07 14:00,35.508
2018-06-07 14:15,35.683
2018-06-07 14:30,35.858
2018-06-07 14:45,36.033
2018-06-07 15:00,36.208
2018-06-07 15:15,36.381
2018-06-07 15:30,36.554
2018-06-07 15:45,36.727
2018-06-07 16:00,36.9
2018-06-07 16:15,36.869
2018-06-07 16:30,36.838
2018-06-07 16:45,36.808
2018-06-07 17:00,36.777
2018-06-07 17:15,35.366
2018-06-07 17:30,33.954
2018-06-07 17:45,32.542
2018-06-07 18:00,31.131
2018-06-07 18:15,29.909
2018-06-07 18:30,28.688
2018-06-07 18:45,27.467
2018-06-07 19:00,26.246
2018-06-07 19:15,26.612
2018-06-07 19:30,26.977
2018-06-07 19:45,27.342
2018-06-07 20:00,27.708
2018-06-07 20:15,27.534
2018-06-07 20:30,27.362
2018-06-07 20:45,27.188
2018-06-07 21:00,27.016
2018-06-07 21:15,27.123
2018-06-07 21:30,27.231
2018-06-07 21:45,27.338
2018-06-07 22:00,27.446
2018-06-07 22:15,27.504
2018-06-07 22:30,27.562
2018-06-07 22:45,27.619
2018-06-07 23:00,27.677
2018-06-07 23:15,27.224
2018-06-07 23:30,26.771
2018-06-07 23:45,26.317
2018-06-08 00:00,25.864
2018-06-08 00:15,25.154
2018-06-08 00:30,24.444
2018-06-08 00:45,23.733
2018-06-08 01:00,23.023
2018-06-08 01:15,23.227
2018-06-08 01:30,23.431
2018-06-08 01:45,23.634
2018-06-08 02:00,23.838
2018-06-08 02:15,23.877
2018-06-08 02:30,23.916
2018-06-08 02:45,23.954
2018-06-08 03:00,23.992
2018-06-08 03:15,24.002
2018-06-08 03:30,24.012
2018-06-08 03:45,24.021
2018-06-08 04:00,24.031
2018-06-08 04:15,23.991
2018-06-08 04:30,23.95
2018-06-08 04:45,23.909
2018-06-08 05:00,23.869
2018-06-08 05:15,23.883
2018-06-08 05:30,23.896
2018-06-08 05:45,23.909
2018-06-08 06:00,23.923
2018-06-08 06:15,23.95
2018-06-08 06:30,23.977
2018-06-08 06:45,24.004
2018-06-08 07:00,24.031
2018-06-08 07:15,24.15
2018-06-08 07:30,24.269
2018-06-08 07:45,24.388
2018-06-08 08:00,24.508
2018-06-08 08:15,24.894
2018-06-08 08:30,25.281
2018-06-08 08:45,25.667
2018-06-08 09:00,26.054
2018-06-08 09:15,26.937
2018-06-08 09:30,27.819
2018-06-08 09:45,28.702
2018-06-08 10:00,29.584
2018-06-08 10:15,30.154
2018-06-08 10:30,30.723
2018-06-08 10:45,31.292
2018-06-08 11:00,31.862
2018-06-08 11:15,32.269
2018-06-08 11:30,32.677
2018-06-08 11:45,33.084
2018-06-08 12:00,33.492
2018-06-08 12:15,33.938
2018-06-08 12:30,34.384
2018-06-08 12:45,34.831
2018-06-08 13:00,35.277
2018-06-08 13:15,35.421
2018-06-08 13:30,35.566
2018-06-08 13:45,35.709
2018-06-08 14:00,35.854
2018-06-08 14:15,35.969
2018-06-08 14:30,36.084
2018-06-08 14:45,36.2
2018-06-08 15:00,36.316
2018-06-08 15:15,36.423
2018-06-08 15:30,36.531
2018-06-08 15:45,36.638
2018-06-08 16:00,36.746
2018-06-08 16:15,36.766
2018-06-08 16:30,36.784
2018-06-08 16:45,36.804
2018-06-08 17:00,36.823
2018-06-08 17:15,36.727
2018-06-08 17:30,36.631
2018-06-08 17:45,36.534
2018-06-08 18:00,36.438
2018-06-08 18:15,36.321
2018-06-08 18:30,36.204
2018-06-08 18:45,36.087
2018-06-08 19:00,35.969
2018-06-08 19:15,35.667
2018-06-08 19:30,35.366
2018-06-08 19:45,35.063
2018-06-08 20:00,34.762
2018-06-08 20:15,34.306
2018-06-08 20:30,33.85
2018-06-08 20:45,33.394
2018-06-08 21:00,32.938
2018-06-08 21:15,32.698
2018-06-08 21:30,32.458
2018-06-08 21:45,32.217
2018-06-08 22:00,31.977
2018-06-08 22:15,31.869
2018-06-08 22:30,31.762
2018-06-08 22:45,31.654
2018-06-08 23:00,31.546
2018-06-08 23:15,31.352
2018-06-08 23:30,31.158
2018-06-08 23:45,30.963
2018-06-09 00:00,30.769
2018-06-09 00:15,30.392
2018-06-09 00:30,30.016
2018-06-09 00:45,29.638
2018-06-09 01:00,29.262
2018-06-09 01:15,29.087
2018-06-09 01:30,28.912
2018-06-09 01:45,28.737
2018-06-09 02:00,28.562
2018-06-09 02:15,28.417
2018-06-09 02:30,28.273
2018-06-09 02:45,28.129
2018-06-09 03:00,27.984
2018-06-09 03:15,27.781
2018-06-09 03:30,27.577
2018-06-09 03:45,27.373
2018-06-09 04:00,27.169
2018-06-09 04:15,27.159
2018-06-09 04:30,27.15
2018-06-09 04:45,27.141
2018-06-09 05:00,27.131
2018-06-09 05:15,27.004
2018-06-09 05:30,26.877
2018-06-09 05:45,26.75
2018-06-09 06:00,26.623
2018-06-09 06:15,26.459
2018-06-09 06:30,26.296
2018-06-09 06:45,26.133
2018-06-09 07:00,25.969
2018-06-09 07:15,25.979
2018-06-09 07:30,25.988
2018-06-09 07:45,25.998
2018-06-09 08:00,26.008
2018-06-09 08:15,26.396
2018-06-09 08:30,26.784
2018-06-09 08:45,27.173
2018-06-09 09:00,27.562
2018-06-09 09:15,28.087
2018-06-09 09:30,28.612
2018-06-09 09:45,29.137
2018-06-09 10:00,29.662
2018-06-09 10:15,30.173
2018-06-09 10:30,30.684
2018-06-09 10:45,31.196
2018-06-09 11:00,31.708
2018-06-09 11:15,32.056
2018-06-09 11:30,32.404
2018-06-09 11:45,32.752
2018-06-09 12:00,33.1
2018-06-09 12:15,33.433
2018-06-09 12:30,33.766
2018-06-09 12:45,34.098
2018-06-09 13:00,34.431
2018-06-09 13:15,34.748
2018-06-09 13:30,35.066
2018-06-09 13:45,35.383
2018-06-09 14:00,35.7
2018-06-09 14:15,35.816
2018-06-09 14:30,35.931
2018-06-09 14:45,36.046
2018-06-09 15:00,36.162
2018-06-09 15:15,36.25
2018-06-09 15:30,36.338
2018-06-09 15:45,36.427
2018-06-09 16:00,36.516
2018-06-09 16:15,36.602
2018-06-09 16:30,36.688
2018-06-09 16:45,36.775
2018-06-09 17:00,36.862
2018-06-09 17:15,36.833
2018-06-09 17:30,36.804
2018-06-09 17:45,36.775
2018-06-09 18:00,36.746
2018-06-09 18:15,36.552
2018-06-09 18:30,36.358
2018-06-09 18:45,36.163
2018-06-09 19:00,35.969
2018-06-09 19:15,35.677
2018-06-09 19:30,35.384
2018-06-09 19:45,35.092
2018-06-09 20:00,34.8
2018-06-09 20:15,34.404
2018-06-09 20:30,34.008
2018-06-09 20:45,33.612
2018-06-09 21:00,33.216
2018-06-09 21:15,32.925
2018-06-09 21:30,32.634
2018-06-09 21:45,32.344
2018-06-09 22:00,32.054
2018-06-09 22:15,31.898
2018-06-09 22:30,31.742
2018-06-09 22:45,31.587
2018-06-09 23:00,31.431
2018-06-09 23:15,30.956
2018-06-09 23:30,30.481
2018-06-09 23:45,30.006
2018-06-10 00:00,29.531
2018-06-10 00:15,29.327
2018-06-10 00:30,29.123
2018-06-10 00:45,28.919
2018-06-10 01:00,28.716
2018-06-10 01:15,28.502
2018-06-10 01:30,28.288
2018-06-10 01:45,28.075
2018-06-10 02:00,27.862
2018-06-10 02:15,27.621
2018-06-10 02:30,27.381
2018-06-10 02:45,27.141
2018-06-10 03:00,26.9
2018-06-10 03:15,26.773
2018-06-10 03:30,26.646
2018-06-10 03:45,26.519
2018-06-10 04:00,26.392
2018-06-10 04:15,26.287
2018-06-10 04:30,26.181
2018-06-10 04:45,26.075
2018-06-10 05:00,25.969
2018-06-10 05:15,25.842
2018-06-10 05:30,25.716
2018-06-10 05:45,25.588
2018-06-10 06:00,25.462
2018-06-10 06:15,25.25
2018-06-10 06:30,25.038
2018-06-10 06:45,24.827
2018-06-10 07:00,24.616
2018-06-10 07:15,24.867
2018-06-10 07:30,25.119
2018-06-10 07:45,25.371
2018-06-10 08:00,25.623
2018-06-10 08:15,26.088
2018-06-10 08:30,26.554
2018-06-10 08:45,27.019
2018-06-10 09:00,27.484
2018-06-10 09:15,28.029
2018-06-10 09:30,28.573
2018-06-10 09:45,29.117
2018-06-10 10:00,29.662
2018-06-10 10:15,30.067
2018-06-10 10:30,30.473
2018-06-10 10:45,30.879
2018-06-10 11:00,31.284
2018-06-10 11:15,31.719
2018-06-10 11:30,32.154
2018-06-10 11:45,32.588
2018-06-10 12:00,33.023
2018-06-10 12:15,33.529
2018-06-10 12:30,34.034
2018-06-10 12:45,34.541
2018-06-10 13:00,35.046
2018-06-10 13:15,35.325
2018-06-10 13:30,35.604
2018-06-10 13:45,35.883
2018-06-10 14:00,36.162
2018-06-10 14:15,36.25
2018-06-10 14:30,36.338
2018-06-10 14:45,36.427
2018-06-10 15:00,36.516
2018-06-10 15:15,36.542
2018-06-10 15:30,36.569
2018-06-10 15:45,36.596
2018-06-10 16:00,36.623
2018-06-10 16:15,36.779
2018-06-10 16:30,36.934
2018-06-10 16:45,37.091
2018-06-10 17:00,37.246
2018-06-10 17:15,37.179
2018-06-10 17:30,37.112
2018-06-10 17:45,37.044
2018-06-10 18:00,36.977
2018-06-10 18:15,36.821
2018-06-10 18:30,36.666
2018-06-10 18:45,36.509
2018-06-10 19:00,36.354
2018-06-10 19:15,36.004
2018-06-10 19:30,35.654
2018-06-10 19:45,35.304
2018-06-10 20:00,34.954
2018-06-10 20:15,34.625
2018-06-10 20:30,34.296
2018-06-10 20:45,33.967
2018-06-10 21:00,33.638
2018-06-10 21:15,33.475
2018-06-10 21:30,33.312
2018-06-10 21:45,33.148
2018-06-10 22:00,32.984
2018-06-10 22:15,32.858
2018-06-10 22:30,32.731
2018-06-10 22:45,32.604
2018-06-10 23:00,32.477
2018-06-10 23:15,32.352
2018-06-10 23:30,32.227
2018-06-10 23:45,32.102
2018-06-11 00:00,31.977
2018-06-11 00:15,31.869
2018-06-11 00:30,31.762
2018-06-11 00:45,31.654
2018-06-11 01:00,31.546
2018-06-11 01:15,31.333
2018-06-11 01:30,31.119
2018-06-11 01:45,30.906
2018-06-11 02:00,30.692
2018-06-11 02:15,30.354
2018-06-11 02:30,30.016
2018-06-11 02:45,29.677
2018-06-11 03:00,29.338
2018-06-11 03:15,29.221
2018-06-11 03:30,29.104
2018-06-11 03:45,28.987
2018-06-11 04:00,28.869
2018-06-11 04:15,28.648
2018-06-11 04:30,28.427
2018-06-11 04:45,28.206
2018-06-11 05:00,27.984
2018-06-11 05:15,27.8
2018-06-11 05:30,27.616
2018-06-11 05:45,27.431
2018-06-11 06:00,27.246
2018-06-11 06:15,27.188
2018-06-11 06:30,27.131
2018-06-11 06:45,27.073
2018-06-11 07:00,27.016
2018-06-11 07:15,27.046
2018-06-11 07:30,27.077
2018-06-11 07:45,27.108
2018-06-11 08:00,27.138
2018-06-11 08:15,27.398
2018-06-11 08:30,27.658
2018-06-11 08:45,27.917
2018-06-11 09:00,28.177
2018-06-11 09:15,28.371
2018-06-11 09:30,28.566
2018-06-11 09:45,28.759
2018-06-11 10:00,28.954
2018-06-11 10:15,29.313
2018-06-11 10:30,29.673
2018-06-11 10:45,30.033
2018-06-11 11:00,30.392
2018-06-11 11:15,30.769
2018-06-11 11:30,31.146
2018-06-11 11:45,31.523
2018-06-11 12:00,31.9
2018-06-11 12:15,32.027
2018-06-11 12:30,32.154
2018-06-11 12:45,32.281
2018-06-11 13:00,32.408
2018-06-11 13:15,32.991
2018-06-11 13:30,33.573
2018-06-11 13:45,34.156
2018-06-11 14:00,34.738
2018-06-11 14:15,35.037
2018-06-11 14:30,35.334
2018-06-11 14:45,35.633
2018-06-11 15:00,35.931
2018-06-11 15:15,36.096
2018-06-11 15:30,36.262
2018-06-11 15:45,36.427
2018-06-11 16:00,36.592
2018-06-11 16:15,36.767
2018-06-11 16:30,36.942
2018-06-11 16:45,37.117
2018-06-11 17:00,37.292
2018-06-11 17:15,37.3
2018-06-11 17:30,37.308
2018-06-11 17:45,37.316
2018-06-11 18:00,37.323
2018-06-11 18:15,37.237
2018-06-11 18:30,37.15
2018-06-11 18:45,37.063
2018-06-11 19:00,36.977
2018-06-11 19:15,36.656
2018-06-11 19:30,36.334
2018-06-11 19:45,36.013
2018-06-11 20:00,35.692
2018-06-11 20:15,35.306
2018-06-11 20:30,34.919
2018-06-11 20:45,34.533
2018-06-11 21:00,34.146
2018-06-11 21:15,33.894
2018-06-11 21:30,33.642
2018-06-11 21:45,33.391
2018-06-11 22:00,33.138
2018-06-11 22:15,32.925
2018-06-11 22:30,32.712
2018-06-11 22:45,32.498
2018-06-11 23:00,32.284
2018-06-11 23:15,32.177
2018-06-11 23:30,32.069
2018-06-11 23:45,31.962
2018-06-12 00:00,31.854
2018-06-12 00:15,31.544
2018-06-12 00:30,31.234
2018-06-12 00:45,30.925
2018-06-12 01:00,30.616
2018-06-12 01:15,30.316
2018-06-12 01:30,30.016
2018-06-12 01:45,29.716
2018-06-12 02:00,29.416
2018-06-12 02:15,29.312
2018-06-12 02:30,29.208
2018-06-12 02:45,29.104
2018-06-12 03:00,29.0
2018-06-12 03:15,28.742
2018-06-12 03:30,28.483
2018-06-12 03:45,28.225
2018-06-12 04:00,27.967
2018-06-12 04:15,27.844
2018-06-12 04:30,27.722
2018-06-12 04:45,27.599
2018-06-12 05:00,27.477
2018-06-12 05:15,27.352
2018-06-12 05:30,27.227
2018-06-12 05:45,27.102
2018-06-12 06:00,26.977
2018-06-12 06:15,26.918
2018-06-12 06:30,26.86
2018-06-12 06:45,26.801
2018-06-12 07:00,26.743
2018-06-12 07:15,26.88
2018-06-12 07:30,27.018
2018-06-12 07:45,27.155
2018-06-12 08:00,27.292
2018-06-12 08:15,27.592
2018-06-12 08:30,27.892
2018-06-12 08:45,28.192
2018-06-12 09:00,28.492
2018-06-12 09:15,28.833
2018-06-12 09:30,29.173
2018-06-12 09:45,29.513
2018-06-12 10:00,29.854
2018-06-12 10:15,30.387
2018-06-12 10:30,30.919
2018-06-12 10:45,31.452
2018-06-12 11:00,31.984
2018-06-12 11:15,32.237
2018-06-12 11:30,32.488
2018-06-12 11:45,32.741
2018-06-12 12:00,32.992
2018-06-12 12:15,33.146
2018-06-12 12:30,33.3
2018-06-12 12:45,33.454
2018-06-12 13:00,33.608
2018-06-12 13:15,33.898
2018-06-12 13:30,34.188
2018-06-12 13:45,34.479
2018-06-12 14:00,34.769
2018-06-12 14:15,35.041
2018-06-12 14:30,35.312
2018-06-12 14:45,35.583
2018-06-12 15:00,35.854
2018-06-12 15:15,36.019
2018-06-12 15:30,36.184
2018-06-12 15:45,36.35
2018-06-12 16:00,36.516
2018-06-12 16:15,36.506
2018-06-12 16:30,36.496
2018-06-12 16:45,36.487
2018-06-12 17:00,36.477
2018-06-12 17:15,36.621
2018-06-12 17:30,36.766
2018-06-12 17:45,36.909
2018-06-12 18:00,37.054
2018-06-12 18:15,36.829
2018-06-12 18:30,36.604
2018-06-12 18:45,36.379
2018-06-12 19:00,36.154
2018-06-12 19:15,35.873
2018-06-12 19:30,35.592
2018-06-12 19:45,35.312
2018-06-12 20:00,35.031
2018-06-12 20:15,34.634
2018-06-12 20:30,34.238
2018-06-12 20:45,33.842
2018-06-12 21:00,33.446
2018-06-12 21:15,33.331
2018-06-12 21:30,33.216
2018-06-12 21:45,33.1
2018-06-12 22:00,32.984
2018-06-12 22:15,32.733
2018-06-12 22:30,32.481
2018-06-12 22:45,32.229
2018-06-12 23:00,31.977
2018-06-12 23:15,31.831
2018-06-12 23:30,31.684
2018-06-12 23:45,31.538
2018-06-13 00:00,31.392
2018-06-13 00:15,31.287
2018-06-13 00:30,31.181
2018-06-13 00:45,31.075
2018-06-13 01:00,30.969
2018-06-13 01:15,30.804
2018-06-13 01:30,30.638
2018-06-13 01:45,30.473
2018-06-13 02:00,30.308
2018-06-13 02:15,30.056
2018-06-13 02:30,29.804
2018-06-13 02:45,29.552
2018-06-13 03:00,29.3
2018-06-13 03:15,29.154
2018-06-13 03:30,29.008
2018-06-13 03:45,28.862
2018-06-13 04:00,28.716
2018-06-13 04:15,28.533
2018-06-13 04:30,28.35
2018-06-13 04:45,28.167
2018-06-13 05:00,27.984
2018-06-13 05:15,27.858
2018-06-13 05:30,27.731
2018-06-13 05:45,27.604
2018-06-13 06:00,27.477
2018-06-13 06:15,27.352
2018-06-13 06:30,27.227
2018-06-13 06:45,27.102
2018-06-13 07:00,26.977
2018-06-13 07:15,26.987
2018-06-13 07:30,26.996
2018-06-13 07:45,27.006
2018-06-13 08:00,27.016
2018-06-13 08:15,27.191
2018-06-13 08:30,27.366
2018-06-13 08:45,27.541
2018-06-13 09:00,27.716
2018-06-13 09:15,28.078
2018-06-13 09:30,28.441
2018-06-13 09:45,28.804
2018-06-13 10:00,29.167
2018-06-13 10:15,29.812
2018-06-13 10:30,30.457
2018-06-13 10:45,31.101
2018-06-13 11:00,31.746
2018-06-13 11:15,32.008
2018-06-13 11:30,32.269
2018-06-13 11:45,32.531
2018-06-13 12:00,32.792
2018-06-13 12:15,33.133
2018-06-13 12:30,33.473
2018-06-13 12:45,33.813
2018-06-13 13:00,34.154
2018-06-13 13:15,34.591
2018-06-13 13:30,35.027
2018-06-13 13:45,35.463
2018-06-13 14:00,35.9
2018-06-13 14:15,36.179
2018-06-13 14:30,36.458
2018-06-13 14:45,36.737
2018-06-13 15:00,37.016
2018-06-13 15:15,37.013
2018-06-13 15:30,37.012
2018-06-13 15:45,37.009
2018-06-13 16:00,37.008
2018-06-13 16:15,37.117
2018-06-13 16:30,37.227
2018-06-13 16:45,37.337
2018-06-13 17:00,37.446
2018-06-13 17:15,37.542
2018-06-13 17:30,37.638
2018-06-13 17:45,37.734
2018-06-13 18:00,37.831
2018-06-13 18:15,37.694
2018-06-13 18:30,37.558
2018-06-13 18:45,37.421
2018-06-13 19:00,37.284
2018-06-13 19:15,37.052
2018-06-13 19:30,36.819
2018-06-13 19:45,36.587
2018-06-13 20:00,36.354
2018-06-13 20:15,35.975
2018-06-13 20:30,35.596
2018-06-13 20:45,35.217
2018-06-13 21:00,34.838
2018-06-13 21:15,34.471
2018-06-13 21:30,34.104
2018-06-13 21:45,33.737
2018-06-13 22:00,33.369
2018-06-13 22:15,33.088
2018-06-13 22:30,32.808
2018-06-13 22:45,32.527
2018-06-13 23:00,32.246
2018-06-13 23:15,32.109
2018-06-13 23:30,31.973
2018-06-13 23:45,31.837
2018-06-14 00:00,31.7
2018-06-14 00:15,31.479
2018-06-14 00:30,31.258
2018-06-14 00:45,31.037
2018-06-14 01:00,30.816
2018-06-14 01:15,30.631
2018-06-14 01:30,30.446
2018-06-14 01:45,30.262
2018-06-14 02:00,30.077
2018-06-14 02:15,29.95
2018-06-14 02:30,29.823
2018-06-14 02:45,29.696
2018-06-14 03:00,29.569
2018-06-14 03:15,29.425
2018-06-14 03:30,29.281
2018-06-14 03:45,29.137
2018-06-14 04:00,28.992
2018-06-14 04:15,28.759
2018-06-14 04:30,28.527
2018-06-14 04:45,28.294
2018-06-14 05:00,28.062
2018-06-14 05:15,27.906
2018-06-14 05:30,27.75
2018-06-14 05:45,27.594
2018-06-14 06:00,27.438
2018-06-14 06:15,27.323
2018-06-14 06:30,27.208
2018-06-14 06:45,27.092
2018-06-14 07:00,26.977
2018-06-14 07:15,27.094
2018-06-14 07:30,27.212
2018-06-14 07:45,27.329
2018-06-14 08:00,27.446
2018-06-14 08:15,27.746
2018-06-14 08:30,28.046
2018-06-14 08:45,28.346
2018-06-14 09:00,28.646
2018-06-14 09:15,29.141
2018-06-14 09:30,29.634
2018-06-14 09:45,30.129
2018-06-14 10:00,30.623
2018-06-14 10:15,31.119
2018-06-14 10:30,31.616
2018-06-14 10:45,32.112
2018-06-14 11:00,32.608
2018-06-14 11:15,33.033
2018-06-14 11:30,33.458
2018-06-14 11:45,33.883
2018-06-14 12:00,34.308
2018-06-14 12:15,34.821
2018-06-14 12:30,35.334
2018-06-14 12:45,35.848
2018-06-14 13:00,36.362
2018-06-14 13:15,36.556
2018-06-14 13:30,36.75
2018-06-14 13:45,36.944
2018-06-14 14:00,37.138
2018-06-14 14:15,37.242
2018-06-14 14:30,37.346
2018-06-14 14:45,37.45
2018-06-14 15:00,37.554
2018-06-14 15:15,37.556
2018-06-14 15:30,37.558
2018-06-14 15:45,37.559
2018-06-14 16:00,37.562
2018-06-14 16:15,37.521
2018-06-14 16:30,37.481
2018-06-14 16:45,37.441
2018-06-14 17:00,37.4
2018-06-14 17:15,37.323
2018-06-14 17:30,37.246
2018-06-14 17:45,37.169
2018-06-14 18:00,37.092
2018-06-14 18:15,37.033
2018-06-14 18:30,36.973
2018-06-14 18:45,36.913
2018-06-14 19:00,36.854
2018-06-14 19:15,36.583
2018-06-14 19:30,36.312
2018-06-14 19:45,36.041
2018-06-14 20:00,35.769
2018-06-14 20:15,35.344
2018-06-14 20:30,34.919
2018-06-14 20:45,34.494
2018-06-14 21:00,34.069
2018-06-14 21:15,33.817
2018-06-14 21:30,33.566
2018-06-14 21:45,33.313
2018-06-14 22:00,33.062
2018-06-14 22:15,32.791
2018-06-14 22:30,32.519
2018-06-14 22:45,32.248
2018-06-14 23:00,31.977
2018-06-14 23:15,31.812
2018-06-14 23:30,31.646
2018-06-14 23:45,31.481
2018-06-15 00:00,31.316
2018-06-15 00:15,31.121
2018-06-15 00:30,30.927
2018-06-15 00:45,30.733
2018-06-15 01:00,30.538
2018-06-15 01:15,30.248
2018-06-15 01:30,29.958
2018-06-15 01:45,29.667
2018-06-15 02:00,29.377
2018-06-15 02:15,29.134
2018-06-15 02:30,28.892
2018-06-15 02:45,28.65
2018-06-15 03:00,28.408
2018-06-15 03:15,28.244
2018-06-15 03:30,28.081
2018-06-15 03:45,27.917
2018-06-15 04:00,27.754
2018-06-15 04:15,27.559
2018-06-15 04:30,27.366
2018-06-15 04:45,27.171
2018-06-15 05:00,26.977
2018-06-15 05:15,26.888
2018-06-15 05:30,26.8
2018-06-15 05:45,26.712
2018-06-15 06:00,26.623
2018-06-15 06:15,26.469
2018-06-15 06:30,26.316
2018-06-15 06:45,26.162
2018-06-15 07:00,26.008
2018-06-15 07:15,26.183
2018-06-15 07:30,26.358
2018-06-15 07:45,26.533
2018-06-15 08:00,26.708
2018-06-15 08:15,27.144
2018-06-15 08:30,27.581
2018-06-15 08:45,28.017
2018-06-15 09:00,28.454
2018-06-15 09:15,28.852
2018-06-15 09:30,29.25
2018-06-15 09:45,29.648
2018-06-15 10:00,30.046
2018-06-15 10:15,30.512
2018-06-15 10:30,30.977
2018-06-15 10:45,31.442
2018-06-15 11:00,31.908
2018-06-15 11:15,32.246
2018-06-15 11:30,32.584
2018-06-15 11:45,32.923
2018-06-15 12:00,33.262
2018-06-15 12:15,33.631
2018-06-15 12:30,34.0
2018-06-15 12:45,34.369
2018-06-15 13:00,34.738
2018-06-15 13:15,35.037
2018-06-15 13:30,35.334
2018-06-15 13:45,35.633
2018-06-15 14:00,35.931
2018-06-15 14:15,36.058
2018-06-15 14:30,36.184
2018-06-15 14:45,36.312
2018-06-15 15:00,36.438
2018-06-15 15:15,36.554
2018-06-15 15:30,36.669
2018-06-15 15:45,36.784
2018-06-15 16:00,36.9
2018-06-15 16:15,36.958
2018-06-15 16:30,37.016
2018-06-15 16:45,37.073
2018-06-15 17:00,37.131
2018-06-15 17:15,37.054
2018-06-15 17:30,36.977
2018-06-15 17:45,36.9
2018-06-15 18:00,36.823
2018-06-15 18:15,36.581
2018-06-15 18:30,36.338
2018-06-15 18:45,36.096
2018-06-15 19:00,35.854
2018-06-15 19:15,35.813
2018-06-15 19:30,35.773
2018-06-15 19:45,35.733
2018-06-15 20:00,35.692
2018-06-15 20:15,35.344
2018-06-15 20:30,34.996
2018-06-15 20:45,34.648
2018-06-15 21:00,34.3
2018-06-15 21:15,34.077
2018-06-15 21:30,33.854
2018-06-15 21:45,33.631
2018-06-15 22:00,33.408
2018-06-15 22:15,33.184
2018-06-15 22:30,32.962
2018-06-15 22:45,32.738
2018-06-15 23:00,32.516
2018-06-15 23:15,32.292
2018-06-15 23:30,32.069
2018-06-15 23:45,31.846
2018-06-16 00:00,31.623
2018-06-16 00:15,31.409
2018-06-16 00:30,31.196
2018-06-16 00:45,30.983
2018-06-16 01:00,30.769
2018-06-16 01:15,30.45
2018-06-16 01:30,30.131
2018-06-16 01:45,29.812
2018-06-16 02:00,29.492
2018-06-16 02:15,29.337
2018-06-16 02:30,29.181
2018-06-16 02:45,29.025
2018-06-16 03:00,28.869
2018-06-16 03:15,28.648
2018-06-16 03:30,28.427
2018-06-16 03:45,28.206
2018-06-16 04:00,27.984
2018-06-16 04:15,27.838
2018-06-16 04:30,27.692
2018-06-16 04:45,27.546
2018-06-16 05:00,27.4
2018-06-16 05:15,27.294
2018-06-16 05:30,27.188
2018-06-16 05:45,27.083
2018-06-16 06:00,26.977
2018-06-16 06:15,26.773
2018-06-16 06:30,26.569
2018-06-16 06:45,26.366
2018-06-16 07:00,26.162
2018-06-16 07:15,26.317
2018-06-16 07:30,26.473
2018-06-16 07:45,26.629
2018-06-16 08:00,26.784
2018-06-16 08:15,27.104
2018-06-16 08:30,27.424
2018-06-16 08:45,27.744
2018-06-16 09:00,28.064
2018-06-16 09:15,28.315
2018-06-16 09:30,28.566
2018-06-16 09:45,28.816
2018-06-16 10:00,29.067
2018-06-16 10:15,29.516
2018-06-16 10:30,29.964
2018-06-16 10:45,30.413
2018-06-16 11:00,30.862
2018-06-16 11:15,31.277
2018-06-16 11:30,31.692
2018-06-16 11:45,32.108
2018-06-16 12:00,32.523
2018-06-16 12:15,32.884
2018-06-16 12:30,33.246
2018-06-16 12:45,33.608
2018-06-16 13:00,33.969
2018-06-16 13:15,34.258
2018-06-16 13:30,34.546
2018-06-16 13:45,34.834
2018-06-16 14:00,35.123
2018-06-16 14:15,35.258
2018-06-16 14:30,35.392
2018-06-16 14:45,35.527
2018-06-16 15:00,35.662
2018-06-16 15:15,35.981
2018-06-16 15:30,36.3
2018-06-16 15:45,36.619
2018-06-16 16:00,36.938
2018-06-16 16:15,36.996
2018-06-16 16:30,37.054
2018-06-16 16:45,37.112
2018-06-16 17:00,37.169
2018-06-16 17:15,37.083
2018-06-16 17:30,36.996
2018-06-16 17:45,36.909
2018-06-16 18:00,36.823
2018-06-16 18:15,36.591
2018-06-16 18:30,36.358
2018-06-16 18:45,36.125
2018-06-16 19:00,35.892
2018-06-16 19:15,35.708
2018-06-16 19:30,35.523
2018-06-16 19:45,35.338
2018-06-16 20:00,35.154
2018-06-16 20:15,34.863
2018-06-16 20:30,34.573
2018-06-16 20:45,34.283
2018-06-16 21:00,33.992
2018-06-16 21:15,33.759
2018-06-16 21:30,33.527
2018-06-16 21:45,33.294
2018-06-16 22:00,33.062
2018-06-16 22:15,32.877
2018-06-16 22:30,32.692
2018-06-16 22:45,32.508
2018-06-16 23:00,32.323
2018-06-16 23:15,32.109
2018-06-16 23:30,31.896
2018-06-16 23:45,31.683
2018-06-17 00:00,31.469
2018-06-17 00:15,31.217
2018-06-17 00:30,30.966
2018-06-17 00:45,30.713
2018-06-17 01:00,30.462
2018-06-17 01:15,30.133
2018-06-17 01:30,29.804
2018-06-17 01:45,29.475
2018-06-17 02:00,29.146
2018-06-17 02:15,28.913
2018-06-17 02:30,28.681
2018-06-17 02:45,28.448
2018-06-17 03:00,28.216
2018-06-17 03:15,28.108
2018-06-17 03:30,28.0
2018-06-17 03:45,27.892
2018-06-17 04:00,27.784
2018-06-17 04:15,27.583
2018-06-17 04:30,27.381
2018-06-17 04:45,27.179
2018-06-17 05:00,26.977
2018-06-17 05:15,26.773
2018-06-17 05:30,26.569
2018-06-17 05:45,26.366
2018-06-17 06:00,26.162
2018-06-17 06:15,26.123
2018-06-17 06:30,26.084
2018-06-17 06:45,26.046
2018-06-17 07:00,26.008
2018-06-17 07:15,26.163
2018-06-17 07:30,26.319
2018-06-17 07:45,26.475
2018-06-17 08:00,26.631
2018-06-17 08:15,26.863
2018-06-17 08:30,27.096
2018-06-17 08:45,27.329
2018-06-17 09:00,27.562
2018-06-17 09:15,27.852
2018-06-17 09:30,28.142
2018-06-17 09:45,28.433
2018-06-17 10:00,28.723
2018-06-17 10:15,28.946
2018-06-17 10:30,29.169
2018-06-17 10:45,29.392
2018-06-17 11:00,29.616
2018-06-17 11:15,29.838
2018-06-17 11:30,30.062
2018-06-17 11:45,30.284
2018-06-17 12:00,30.508
2018-06-17 12:15,30.694
2018-06-17 12:30,30.881
2018-06-17 12:45,31.067
2018-06-17 13:00,31.254
2018-06-17 13:15,31.619
2018-06-17 13:30,31.984
2018-06-17 13:45,32.35
2018-06-17 14:00,32.716
2018-06-17 14:15,32.921
2018-06-17 14:30,33.127
2018-06-17 14:45,33.333
2018-06-17 15:00,33.538
2018-06-17 15:15,34.079
2018-06-17 15:30,34.619
2018-06-17 15:45,35.159
2018-06-17 16:00,35.7
2018-06-17 16:15,35.738
2018-06-17 16:30,35.777
2018-06-17 16:45,35.816
2018-06-17 17:00,35.854
2018-06-17 17:15,35.892
2018-06-17 17:30,35.931
2018-06-17 17:45,35.969
2018-06-17 18:00,36.008
2018-06-17 18:15,35.879
2018-06-17 18:30,35.75
2018-06-17 18:45,35.621
2018-06-17 19:00,35.492
2018-06-17 19:15,35.087
2018-06-17 19:30,34.681
2018-06-17 19:45,34.275
2018-06-17 20:00,33.869
2018-06-17 20:15,33.434
2018-06-17 20:30,33.0
2018-06-17 20:45,32.566
2018-06-17 21:00,32.131
2018-06-17 21:15,31.841
2018-06-17 21:30,31.55
2018-06-17 21:45,31.259
2018-06-17 22:00,30.969
2018-06-17 22:15,30.677
2018-06-17 22:30,30.384
2018-06-17 22:45,30.092
2018-06-17 23:00,29.8
2018-06-17 23:15,29.598
2018-06-17 23:30,29.396
2018-06-17 23:45,29.194
2018-06-18 00:00,28.992
2018-06-18 00:15,28.751
2018-06-18 00:30,28.511
2018-06-18 00:45,28.269
2018-06-18 01:00,28.028
2018-06-18 01:15,27.948
2018-06-18 01:30,27.868
2018-06-18 01:45,27.788
2018-06-18 02:00,27.708
2018-06-18 02:15,27.534
2018-06-18 02:30,27.362
2018-06-18 02:45,27.188
2018-06-18 03:00,27.016
2018-06-18 03:15,27.016
2018-06-18 03:30,27.016
2018-06-18 03:45,27.016
2018-06-18 04:00,27.016
2018-06-18 04:15,27.006
2018-06-18 04:30,26.997
2018-06-18 04:45,26.988
2018-06-18 05:00,26.978
2018-06-18 05:15,26.969
2018-06-18 05:30,26.959
2018-06-18 05:45,26.949
2018-06-18 06:00,26.94
2018-06-18 06:15,26.916
2018-06-18 06:30,26.892
2018-06-18 06:45,26.867
2018-06-18 07:00,26.843
2018-06-18 07:15,26.718
2018-06-18 07:30,26.593
2018-06-18 07:45,26.468
2018-06-18 08:00,26.343
2018-06-18 08:15,26.628
2018-06-18 08:30,26.914
2018-06-18 08:45,27.199
2018-06-18 09:00,27.484
2018-06-18 09:15,27.608
2018-06-18 09:30,27.731
2018-06-18 09:45,27.854
2018-06-18 10:00,27.978
2018-06-18 10:15,28.058
2018-06-18 10:30,28.139
2018-06-18 10:45,28.219
2018-06-18 11:00,28.3
2018-06-18 11:15,28.725
2018-06-18 11:30,29.15
2018-06-18 11:45,29.575
2018-06-18 12:00,30.0
2018-06-18 12:15,30.0
2018-06-18 12:30,30.0
2018-06-18 12:45,30.0
2018-06-18 13:00,30.0
2018-06-18 13:15,30.275
2018-06-18 13:30,30.55
2018-06-18 13:45,30.825
2018-06-18 14:00,31.1
2018-06-18 14:15,31.525
2018-06-18 14:30,31.95
2018-06-18 14:45,32.375
2018-06-18 15:00,32.8
2018-06-18 15:15,32.8
2018-06-18 15:30,32.8
2018-06-18 15:45,32.8
2018-06-18 16:00,32.8
2018-06-18 16:15,32.65
2018-06-18 16:30,32.5
2018-06-18 16:45,32.35
2018-06-18 17:00,32.2
2018-06-18 17:15,32.475
2018-06-18 17:30,32.75
2018-06-18 17:45,33.025
2018-06-18 18:00,33.3
2018-06-18 18:15,33.3
2018-06-18 18:30,33.3
2018-06-18 18:45,33.3
2018-06-18 19:00,33.3
2018-06-18 19:15,33.025
2018-06-18 19:30,32.75
2018-06-18 19:45,32.475
2018-06-18 20:00,32.2
2018-06-18 20:15,31.375
2018-06-18 20:30,30.55
2018-06-18 20:45,29.725
2018-06-18 21:00,28.9
2018-06-18 21:15,28.625
2018-06-18 21:30,28.35
2018-06-18 21:45,28.075
2018-06-18 22:00,27.8
2018-06-18 22:15,27.65
2018-06-18 22:30,27.5
2018-06-18 22:45,27.35
2018-06-18 23:00,27.2
2018-06-18 23:15,27.138
2018-06-18 23:30,27.075
2018-06-18 23:45,27.013
2018-06-19 00:00,26.95
2018-06-19 00:15,26.738
2018-06-19 00:30,26.525
2018-06-19 00:45,26.313
2018-06-19 01:00,26.1
2018-06-19 01:15,25.975
2018-06-19 01:30,25.85
2018-06-19 01:45,25.725
2018-06-19 02:00,25.6
2018-06-19 02:15,25.6
2018-06-19 02:30,25.6
2018-06-19 02:45,25.6
2018-06-19 03:00,25.6
2018-06-19 03:15,25.45
2018-06-19 03:30,25.3
2018-06-19 03:45,25.15
2018-06-19 04:00,25.0
2018-06-19 04:15,25.0
2018-06-19 04:30,25.0
2018-06-19 04:45,25.0
2018-06-19 05:00,25.0
2018-06-19 05:15,24.85
2018-06-19 05:30,24.7
2018-06-19 05:45,24.55
2018-06-19 06:00,24.4
2018-06-19 06:15,24.4
2018-06-19 06:30,24.4
2018-06-19 06:45,24.4
2018-06-19 07:00,24.4
2018-06-19 07:15,24.55
2018-06-19 07:30,24.7
2018-06-19 07:45,24.85
2018-06-19 08:00,25.0
2018-06-19 08:15,25.425
2018-06-19 08:30,25.85
2018-06-19 08:45,26.275
2018-06-19 09:00,26.7
2018-06-19 09:15,26.825
2018-06-19 09:30,26.95
2018-06-19 09:45,27.075
2018-06-19 10:00,27.2
2018-06-19 10:15,27.075
2018-06-19 10:30,26.95
2018-06-19 10:45,26.825
2018-06-19 11:00,26.7
2018-06-19 11:15,26.9
2018-06-19 11:30,27.1
2018-06-19 11:45,27.3
2018-06-19 12:00,27.5
2018-06-19 12:15,27.7
2018-06-19 12:30,27.9
2018-06-19 12:45,28.1
2018-06-19 13:00,28.3
2018-06-19 13:15,28.45
2018-06-19 13:30,28.6
2018-06-19 13:45,28.75
2018-06-19 14:00,28.9
2018-06-19 14:15,28.75
2018-06-19 14:30,28.6
2018-06-19 14:45,28.45
2018-06-19 15:00,28.3
2018-06-19 15:15,28.875
2018-06-19 15:30,29.45
2018-06-19 15:45,30.025
2018-06-19 16:00,30.6
2018-06-19 16:15,29.9
2018-06-19 16:30,29.2
2018-06-19 16:45,28.5
2018-06-19 17:00,27.8
2018-06-19 17:15,27.65
2018-06-19 17:30,27.5
2018-06-19 17:45,27.35
2018-06-19 18:00,27.2
2018-06-19 18:15,27.625
2018-06-19 18:30,28.05
2018-06-19 18:45,28.475
2018-06-19 19:00,28.9
2018-06-19 19:15,28.9
2018-06-19 19:30,28.9
2018-06-19 19:45,28.9
2018-06-19 20:00,28.9
2018-06-19 20:15,28.625
2018-06-19 20:30,28.35
2018-06-19 20:45,28.075
2018-06-19 21:00,27.8
2018-06-19 21:15,27.8
2018-06-19 21:30,27.8
2018-06-19 21:45,27.8
2018-06-19 22:00,27.8
2018-06-19 22:15,27.375
2018-06-19 22:30,26.95
2018-06-19 22:45,26.525
2018-06-19 23:00,26.1
2018-06-19 23:15,25.975
2018-06-19 23:30,25.85
2018-06-19 23:45,25.725
2018-06-20 00:00,25.6
2018-06-20 00:15,25.6
2018-06-20 00:30,25.6
2018-06-20 00:45,25.6
2018-06-20 01:00,25.6
2018-06-20 01:15,25.6
2018-06-20 01:30,25.6
2018-06-20 01:45,25.6
2018-06-20 02:00,25.6
2018-06-20 02:15,25.6
2018-06-20 02:30,25.6
2018-06-20 02:45,25.6
2018-06-20 03:00,25.6
2018-06-20 03:15,25.45
2018-06-20 03:30,25.3
2018-06-20 03:45,25.15
2018-06-20 04:00,25.0
2018-06-20 04:15,25.0
2018-06-20 04:30,25.0
2018-06-20 04:45,25.0
2018-06-20 05:00,25.0
2018-06-20 05:15,25.0
2018-06-20 05:30,25.0
2018-06-20 05:45,25.0
2018-06-20 06:00,25.0
2018-06-20 06:15,24.85
2018-06-20 06:30,24.7
2018-06-20 06:45,24.55
2018-06-20 07:00,24.4
2018-06-20 07:15,24.55
2018-06-20 07:30,24.7
2018-06-20 07:45,24.85
2018-06-20 08:00,25.0
2018-06-20 08:15,25.15
2018-06-20 08:30,25.3
2018-06-20 08:45,25.45
2018-06-20 09:00,25.6
2018-06-20 09:15,25.725
2018-06-20 09:30,25.85
2018-06-20 09:45,25.975
2018-06-20 10:00,26.1
2018-06-20 10:15,26.25
2018-06-20 10:30,26.4
2018-06-20 10:45,26.55
2018-06-20 11:00,26.7
2018-06-20 11:15,27.375
2018-06-20 11:30,28.05
2018-06-20 11:45,28.725
2018-06-20 12:00,29.4
2018-06-20 12:15,29.7
2018-06-20 12:30,30.0
2018-06-20 12:45,30.3
2018-06-20 13:00,30.6
2018-06-20 13:15,31.0
2018-06-20 13:30,31.4
2018-06-20 13:45,31.8
2018-06-20 14:00,32.2
2018-06-20 14:15,32.475
2018-06-20 14:30,32.75
2018-06-20 14:45,33.025
2018-06-20 15:00,33.3
2018-06-20 15:15,33.3
2018-06-20 15:30,33.3
2018-06-20 15:45,33.3
2018-06-20 16:00,33.3
2018-06-20 16:15,32.9
2018-06-20 16:30,32.5
2018-06-20 16:45,32.1
2018-06-20 17:00,31.7
2018-06-20 17:15,31.975
2018-06-20 17:30,32.25
2018-06-20 17:45,32.525
2018-06-20 18:00,32.8
2018-06-20 18:15,32.525
2018-06-20 18:30,32.25
2018-06-20 18:45,31.975
2018-06-20 19:00,31.7
2018-06-20 19:15,31.825
2018-06-20 19:30,31.95
2018-06-20 19:45,32.075
2018-06-20 20:00,32.2
2018-06-20 20:15,31.8
2018-06-20 20:30,31.4
2018-06-20 20:45,31.0
2018-06-20 21:00,30.6
2018-06-20 21:15,30.3
2018-06-20 21:30,30.0
2018-06-20 21:45,29.7
2018-06-20 22:00,29.4
2018-06-20 22:15,28.025
2018-06-20 22:30,26.65
2018-06-20 22:45,25.275
2018-06-20 23:00,23.9
2018-06-20 23:15,23.963
2018-06-20 23:30,24.025
2018-06-20 23:45,24.088
2018-06-21 00:00,24.15
2018-06-21 00:15,24.362
2018-06-21 00:30,24.575
2018-06-21 00:45,24.788
2018-06-21 01:00,25.0
2018-06-21 01:15,24.725
2018-06-21 01:30,24.45
2018-06-21 01:45,24.175
2018-06-21 02:00,23.9
2018-06-21 02:15,23.75
2018-06-21 02:30,23.6
2018-06-21 02:45,23.45
2018-06-21 03:00,23.3
2018-06-21 03:15,23.45
2018-06-21 03:30,23.6
2018-06-21 03:45,23.75
2018-06-21 04:00,23.9
2018-06-21 04:15,23.75
2018-06-21 04:30,23.6
2018-06-21 04:45,23.45
2018-06-21 05:00,23.3
2018-06-21 05:15,23.575
2018-06-21 05:30,23.85
2018-06-21 05:45,24.125
2018-06-21 06:00,24.4
2018-06-21 06:15,24.4
2018-06-21 06:30,24.4
2018-06-21 06:45,24.4
2018-06-21 07:00,24.4
2018-06-21 07:15,24.7
2018-06-21 07:30,25.0
2018-06-21 07:45,25.3
2018-06-21 08:00,25.6
2018-06-21 08:15,25.875
2018-06-21 08:30,26.15
2018-06-21 08:45,26.425
2018-06-21 09:00,26.7
2018-06-21 09:15,27.525
2018-06-21 09:30,28.35
2018-06-21 09:45,29.175
2018-06-21 10:00,30.0
2018-06-21 10:15,30.275
2018-06-21 10:30,30.55
2018-06-21 10:45,30.825
2018-06-21 11:00,31.1
2018-06-21 11:15,31.65
2018-06-21 11:30,32.2
2018-06-21 11:45,32.75
2018-06-21 12:00,33.3
2018-06-21 12:15,33.875
2018-06-21 12:30,34.45
2018-06-21 12:45,35.025
2018-06-21 13:00,35.6
2018-06-21 13:15,35.6
2018-06-21 13:30,35.6
2018-06-21 13:45,35.6
2018-06-21 14:00,35.6
2018-06-21 14:15,35.725
2018-06-21 14:30,35.85
2018-06-21 14:45,35.975
2018-06-21 15:00,36.1
2018-06-21 15:15,36.25
2018-06-21 15:30,36.4
2018-06-21 15:45,36.55
2018-06-21 16:00,36.7
2018-06-21 16:15,36.825
2018-06-21 16:30,36.95
2018-06-21 16:45,37.075
2018-06-21 17:00,37.2
2018-06-21 17:15,37.35
2018-06-21 17:30,37.5
2018-06-21 17:45,37.65
2018-06-21 18:00,37.8
2018-06-21 18:15,37.525
2018-06-21 18:30,37.25
2018-06-21 18:45,36.975
2018-06-21 19:00,36.7
2018-06-21 19:15,36.55
2018-06-21 19:30,36.4
2018-06-21 19:45,36.25
2018-06-21 20:00,36.1
2018-06-21 20:15,35.675
2018-06-21 20:30,35.25
2018-06-21 20:45,34.825
2018-06-21 21:00,34.4
2018-06-21 21:15,34.125
2018-06-21 21:30,33.85
2018-06-21 21:45,33.575
2018-06-21 22:00,33.3
2018-06-21 22:15,32.9
2018-06-21 22:30,32.5
2018-06-21 22:45,32.1
2018-06-21 23:00,31.7
2018-06-21 23:15,31.425
2018-06-21 23:30,31.15
2018-06-21 23:45,30.875
2018-06-22 00:00,30.6
2018-06-22 00:15,30.45
2018-06-22 00:30,30.3
2018-06-22 00:45,30.15
2018-06-22 01:00,30.0
2018-06-22 01:15,29.85
2018-06-22 01:30,29.7
2018-06-22 01:45,29.55
2018-06-22 02:00,29.4
2018-06-22 02:15,29.275
2018-06-22 02:30,29.15
2018-06-22 02:45,29.025
2018-06-22 03:00,28.9
2018-06-22 03:15,28.75
2018-06-22 03:30,28.6
2018-06-22 03:45,28.45
2018-06-22 04:00,28.3
2018-06-22 04:15,28.025
2018-06-22 04:30,27.75
2018-06-22 04:45,27.475
2018-06-22 05:00,27.2
2018-06-22 05:15,27.075
2018-06-22 05:30,26.95
2018-06-22 05:45,26.825
2018-06-22 06:00,26.7
2018-06-22 06:15,26.763
2018-06-22 06:30,26.825
2018-06-22 06:45,26.888
2018-06-22 07:00,26.95
2018-06-22 07:15,27.288
2018-06-22 07:30,27.625
2018-06-22 07:45,27.963
2018-06-22 08:00,28.3
2018-06-22 08:15,28.875
2018-06-22 08:30,29.45
2018-06-22 08:45,30.025
2018-06-22 09:00,30.6
2018-06-22 09:15,31.15
2018-06-22 09:30,31.7
2018-06-22 09:45,32.25
2018-06-22 10:00,32.8
2018-06-22 10:15,33.075
2018-06-22 10:30,33.35
2018-06-22 10:45,33.625
2018-06-22 11:00,33.9
2018-06-22 11:15,34.175
2018-06-22 11:30,34.45
2018-06-22 11:45,34.725
2018-06-22 12:00,35.0
2018-06-22 12:15,35.15
2018-06-22 12:30,35.3
2018-06-22 12:45,35.45
2018-06-22 13:00,35.6
2018-06-22 13:15,35.788
2018-06-22 13:30,35.975
2018-06-22 13:45,36.163
2018-06-22 14:00,36.35
2018-06-22 14:15,36.391
2018-06-22 14:30,36.433
2018-06-22 14:45,36.474
2018-06-22 15:00,36.516
2018-06-22 15:15,36.709
2018-06-22 15:30,36.904
2018-06-22 15:45,37.098
2018-06-22 16:00,37.292
2018-06-22 16:15,37.437
2018-06-22 16:30,37.581
2018-06-22 16:45,37.725
2018-06-22 17:00,37.869
2018-06-22 17:15,37.908
2018-06-22 17:30,37.946
2018-06-22 17:45,37.984
2018-06-22 18:00,38.023
2018-06-22 18:15,38.013
2018-06-22 18:30,38.004
2018-06-22 18:45,37.994
2018-06-22 19:00,37.984
2018-06-22 19:15,37.829
2018-06-22 19:30,37.673
2018-06-22 19:45,37.517
2018-06-22 20:00,37.362
2018-06-22 20:15,36.963
2018-06-22 20:30,36.566
2018-06-22 20:45,36.167
2018-06-22 21:00,35.769
2018-06-22 21:15,35.363
2018-06-22 21:30,34.958
2018-06-22 21:45,34.552
2018-06-22 22:00,34.146
2018-06-22 22:15,33.894
2018-06-22 22:30,33.642
2018-06-22 22:45,33.391
2018-06-22 23:00,33.138
2018-06-22 23:15,32.887
2018-06-22 23:30,32.634
2018-06-22 23:45,32.383
2018-06-23 00:00,32.131
2018-06-23 00:15,31.888
2018-06-23 00:30,31.646
2018-06-23 00:45,31.404
2018-06-23 01:00,31.162
2018-06-23 01:15,31.113
2018-06-23 01:30,31.066
2018-06-23 01:45,31.017
2018-06-23 02:00,30.969
2018-06-23 02:15,30.754
2018-06-23 02:30,30.538
2018-06-23 02:45,30.323
2018-06-23 03:00,30.108
2018-06-23 03:15,29.917
2018-06-23 03:30,29.725
2018-06-23 03:45,29.534
2018-06-23 04:00,29.343
2018-06-23 04:15,28.721
2018-06-23 04:30,28.098
2018-06-23 04:45,27.476
2018-06-23 05:00,26.854
2018-06-23 05:15,26.642
2018-06-23 05:30,26.431
2018-06-23 05:45,26.219
2018-06-23 06:00,26.008
2018-06-23 06:15,26.25
2018-06-23 06:30,26.492
2018-06-23 06:45,26.734
2018-06-23 07:00,26.977
2018-06-23 07:15,27.009
2018-06-23 07:30,27.042
2018-06-23 07:45,27.074
2018-06-23 08:00,27.107
2018-06-23 08:15,26.998
2018-06-23 08:30,26.888
2018-06-23 08:45,26.779
2018-06-23 09:00,26.669
2018-06-23 09:15,26.932
2018-06-23 09:30,27.196
2018-06-23 09:45,27.458
2018-06-23 10:00,27.722
2018-06-23 10:15,28.457
2018-06-23 10:30,29.192
2018-06-23 10:45,29.927
2018-06-23 11:00,30.662
2018-06-23 11:15,30.614
2018-06-23 11:30,30.567
2018-06-23 11:45,30.521
2018-06-23 12:00,30.473
2018-06-23 12:15,30.676
2018-06-23 12:30,30.879
2018-06-23 12:45,31.082
2018-06-23 13:00,31.284
2018-06-23 13:15,31.809
2018-06-23 13:30,32.334
2018-06-23 13:45,32.859
2018-06-23 14:00,33.384
2018-06-23 14:15,33.983
2018-06-23 14:30,34.581
2018-06-23 14:45,35.179
2018-06-23 15:00,35.777
2018-06-23 15:15,35.892
2018-06-23 15:30,36.008
2018-06-23 15:45,36.123
2018-06-23 16:00,36.238
2018-06-23 16:15,36.327
2018-06-23 16:30,36.416
2018-06-23 16:45,36.504
2018-06-23 17:00,36.592
2018-06-23 17:15,36.523
2018-06-23 17:30,36.454
2018-06-23 17:45,36.384
2018-06-23 18:00,36.316
2018-06-23 18:15,36.209
2018-06-23 18:30,36.104
2018-06-23 18:45,35.998
2018-06-23 19:00,35.892
2018-06-23 19:15,35.533
2018-06-23 19:30,35.173
2018-06-23 19:45,34.813
2018-06-23 20:00,34.454
2018-06-23 20:15,34.173
2018-06-23 20:30,33.892
2018-06-23 20:45,33.612
2018-06-23 21:00,33.331
2018-06-23 21:15,33.137
2018-06-23 21:30,32.942
2018-06-23 21:45,32.748
2018-06-23 22:00,32.554
2018-06-23 22:15,32.359
2018-06-23 22:30,32.166
2018-06-23 22:45,31.971
2018-06-23 23:00,31.777
2018-06-23 23:15,31.575
2018-06-23 23:30,31.373
2018-06-23 23:45,31.171
2018-06-24 00:00,30.969
2018-06-24 00:15,30.746
2018-06-24 00:30,30.523
2018-06-24 00:45,30.3
2018-06-24 01:00,30.077
2018-06-24 01:15,29.867
2018-06-24 01:30,29.656
2018-06-24 01:45,29.446
2018-06-24 02:00,29.236
2018-06-24 02:15,28.909
2018-06-24 02:30,28.582
2018-06-24 02:45,28.256
2018-06-24 03:00,27.928
2018-06-24 03:15,27.943
2018-06-24 03:30,27.957
2018-06-24 03:45,27.971
2018-06-24 04:00,27.984
2018-06-24 04:15,27.984
2018-06-24 04:30,27.984
2018-06-24 04:45,27.984
2018-06-24 05:00,27.984
2018-06-24 05:15,27.963
2018-06-24 05:30,27.942
2018-06-24 05:45,27.921
2018-06-24 06:00,27.9
2018-06-24 06:15,27.679
2018-06-24 06:30,27.458
2018-06-24 06:45,27.237
2018-06-24 07:00,27.016
2018-06-24 07:15,27.037
2018-06-24 07:30,27.058
2018-06-24 07:45,27.079
2018-06-24 08:00,27.1
2018-06-24 08:15,27.362
2018-06-24 08:30,27.623
2018-06-24 08:45,27.884
2018-06-24 09:00,28.146
2018-06-24 09:15,28.359
2018-06-24 09:30,28.573
2018-06-24 09:45,28.787
2018-06-24 10:00,29.0
2018-06-24 10:15,29.466
2018-06-24 10:30,29.931
2018-06-24 10:45,30.396
2018-06-24 11:00,30.862
2018-06-24 11:15,31.277
2018-06-24 11:30,31.692
2018-06-24 11:45,32.108
2018-06-24 12:00,32.523
2018-06-24 12:15,32.717
2018-06-24 12:30,32.912
2018-06-24 12:45,33.106
2018-06-24 13:00,33.3
2018-06-24 13:15,33.659
2018-06-24 13:30,34.019
2018-06-24 13:45,34.379
2018-06-24 14:00,34.738
2018-06-24 14:15,35.202
2018-06-24 14:30,35.666
2018-06-24 14:45,36.129
2018-06-24 15:00,36.592
2018-06-24 15:15,36.698
2018-06-24 15:30,36.804
2018-06-24 15:45,36.909
2018-06-24 16:00,37.016
2018-06-24 16:15,37.016
2018-06-24 16:30,37.016
2018-06-24 16:45,37.016
2018-06-24 17:00,37.016
2018-06-24 17:15,37.006
2018-06-24 17:30,36.996
2018-06-24 17:45,36.987
2018-06-24 18:00,36.977
2018-06-24 18:15,36.792
2018-06-24 18:30,36.608
2018-06-24 18:45,36.423
2018-06-24 19:00,36.238
2018-06-24 19:15,35.956
2018-06-24 19:30,35.673
2018-06-24 19:45,35.391
2018-06-24 20:00,35.108
2018-06-24 20:15,34.721
2018-06-24 20:30,34.334
2018-06-24 20:45,33.948
2018-06-24 21:00,33.562
2018-06-24 21:15,33.271
2018-06-24 21:30,32.981
2018-06-24 21:45,32.691
2018-06-24 22:00,32.4
2018-06-24 22:15,32.206
2018-06-24 22:30,32.012
2018-06-24 22:45,31.817
2018-06-24 23:00,31.623
2018-06-24 23:15,31.391
2018-06-24 23:30,31.158
2018-06-24 23:45,30.925
2018-06-25 00:00,30.692
2018-06-25 00:15,30.306
2018-06-25 00:30,29.919
2018-06-25 00:45,29.533
2018-06-25 01:00,29.146
2018-06-25 01:15,28.933
2018-06-25 01:30,28.719
2018-06-25 01:45,28.506
2018-06-25 02:00,28.292
2018-06-25 02:15,28.216
2018-06-25 02:30,28.138
2018-06-25 02:45,28.062
2018-06-25 03:00,27.984
2018-06-25 03:15,27.781
2018-06-25 03:30,27.578
2018-06-25 03:45,27.375
2018-06-25 04:00,27.172
2018-06-25 04:15,27.132
2018-06-25 04:30,27.093
2018-06-25 04:45,27.054
2018-06-25 05:00,27.016
2018-06-25 05:15,27.084
2018-06-25 05:30,27.154
2018-06-25 05:45,27.223
2018-06-25 06:00,27.292
2018-06-25 06:15,26.478
2018-06-25 06:30,25.664
2018-06-25 06:45,24.85
2018-06-25 07:00,24.036
2018-06-25 07:15,23.525
2018-06-25 07:30,23.014
2018-06-25 07:45,22.503
2018-06-25 08:00,21.993
2018-06-25 08:15,22.319
2018-06-25 08:30,22.647
2018-06-25 08:45,22.973
2018-06-25 09:00,23.3
2018-06-25 09:15,23.766
2018-06-25 09:30,24.231
2018-06-25 09:45,24.696
2018-06-25 10:00,25.162
2018-06-25 10:15,25.704
2018-06-25 10:30,26.246
2018-06-25 10:45,26.788
2018-06-25 11:00,27.331
2018-06-25 11:15,27.875
2018-06-25 11:30,28.419
2018-06-25 11:45,28.963
2018-06-25 12:00,29.508
2018-06-25 12:15,30.009
2018-06-25 12:30,30.512
2018-06-25 12:45,31.013
2018-06-25 13:00,31.516
2018-06-25 13:15,31.787
2018-06-25 13:30,32.058
2018-06-25 13:45,32.329
2018-06-25 14:00,32.6
2018-06-25 14:15,32.638
2018-06-25 14:30,32.677
2018-06-25 14:45,32.716
2018-06-25 15:00,32.754
2018-06-25 15:15,32.929
2018-06-25 15:30,33.104
2018-06-25 15:45,33.279
2018-06-25 16:00,33.454
2018-06-25 16:15,33.569
2018-06-25 16:30,33.684
2018-06-25 16:45,33.8
2018-06-25 17:00,33.916
2018-06-25 17:15,33.702
2018-06-25 17:30,33.488
2018-06-25 17:45,33.275
2018-06-25 18:00,33.062
2018-06-25 18:15,33.004
2018-06-25 18:30,32.946
2018-06-25 18:45,32.888
2018-06-25 19:00,32.831
2018-06-25 19:15,32.637
2018-06-25 19:30,32.442
2018-06-25 19:45,32.248
2018-06-25 20:00,32.054
2018-06-25 20:15,31.927
2018-06-25 20:30,31.8
2018-06-25 20:45,31.673
2018-06-25 21:00,31.546
2018-06-25 21:15,31.402
2018-06-25 21:30,31.258
2018-06-25 21:45,31.113
2018-06-25 22:00,30.969
2018-06-25 22:15,30.638
2018-06-25 22:30,30.308
2018-06-25 22:45,29.977
2018-06-25 23:00,29.646
2018-06-25 23:15,29.452
2018-06-25 23:30,29.258
2018-06-25 23:45,29.063
2018-06-26 00:00,28.869
2018-06-26 00:15,28.648
2018-06-26 00:30,28.427
2018-06-26 00:45,28.206
2018-06-26 01:00,27.984
2018-06-26 01:15,27.819
2018-06-26 01:30,27.654
2018-06-26 01:45,27.488
2018-06-26 02:00,27.323
2018-06-26 02:15,27.232
2018-06-26 02:30,27.14
2018-06-26 02:45,27.049
2018-06-26 03:00,26.957
2018-06-26 03:15,26.816
2018-06-26 03:30,26.675
2018-06-26 03:45,26.533
2018-06-26 04:00,26.392
2018-06-26 04:15,26.287
2018-06-26 04:30,26.181
2018-06-26 04:45,26.075
2018-06-26 05:00,25.969
2018-06-26 05:15,25.784
2018-06-26 05:30,25.6
2018-06-26 05:45,25.416
2018-06-26 06:00,25.231
2018-06-26 06:15,25.173
2018-06-26 06:30,25.116
2018-06-26 06:45,25.058
2018-06-26 07:00,25.0
2018-06-26 07:15,25.156
2018-06-26 07:30,25.312
2018-06-26 07:45,25.467
2018-06-26 08:00,25.623
2018-06-26 08:15,26.002
2018-06-26 08:30,26.381
2018-06-26 08:45,26.759
2018-06-26 09:00,27.138
2018-06-26 09:15,27.398
2018-06-26 09:30,27.658
2018-06-26 09:45,27.917
2018-06-26 10:00,28.177
2018-06-26 10:15,28.471
2018-06-26 10:30,28.766
2018-06-26 10:45,29.059
2018-06-26 11:00,29.354
2018-06-26 11:15,29.904
2018-06-26 11:30,30.454
2018-06-26 11:45,31.004
2018-06-26 12:00,31.554
2018-06-26 12:15,31.991
2018-06-26 12:30,32.427
2018-06-26 12:45,32.863
2018-06-26 13:00,33.3
2018-06-26 13:15,33.475
2018-06-26 13:30,33.65
2018-06-26 13:45,33.825
2018-06-26 14:00,34.0
2018-06-26 14:15,34.184
2018-06-26 14:30,34.369
2018-06-26 14:45,34.554
2018-06-26 15:00,34.738
2018-06-26 15:15,34.959
2018-06-26 15:30,35.181
2018-06-26 15:45,35.402
2018-06-26 16:00,35.623
2018-06-26 16:15,35.719
2018-06-26 16:30,35.816
2018-06-26 16:45,35.912
2018-06-26 17:00,36.008
2018-06-26 17:15,36.008
2018-06-26 17:30,36.008
2018-06-26 17:45,36.008
2018-06-26 18:00,36.008
2018-06-26 18:15,35.891
2018-06-26 18:30,35.773
2018-06-26 18:45,35.656
2018-06-26 19:00,35.538
2018-06-26 19:15,35.191
2018-06-26 19:30,34.842
2018-06-26 19:45,34.494
2018-06-26 20:00,34.146
2018-06-26 20:15,33.856
2018-06-26 20:30,33.566
2018-06-26 20:45,33.275
2018-06-26 21:00,32.984
2018-06-26 21:15,32.721
2018-06-26 21:30,32.458
2018-06-26 21:45,32.194
2018-06-26 22:00,31.931
2018-06-26 22:15,31.691
2018-06-26 22:30,31.45
2018-06-26 22:45,31.209
2018-06-26 23:00,30.969
2018-06-26 23:15,30.734
2018-06-26 23:30,30.5
2018-06-26 23:45,30.266
2018-06-27 00:00,30.031
2018-06-27 00:15,29.771
2018-06-27 00:30,29.512
2018-06-27 00:45,29.252
2018-06-27 01:00,28.992
2018-06-27 01:15,28.827
2018-06-27 01:30,28.662
2018-06-27 01:45,28.496
2018-06-27 02:00,28.331
2018-06-27 02:15,28.244
2018-06-27 02:30,28.158
2018-06-27 02:45,28.071
2018-06-27 03:00,27.984
2018-06-27 03:15,27.838
2018-06-27 03:30,27.692
2018-06-27 03:45,27.546
2018-06-27 04:00,27.4
2018-06-27 04:15,27.294
2018-06-27 04:30,27.188
2018-06-27 04:45,27.083
2018-06-27 05:00,26.977
2018-06-27 05:15,26.773
2018-06-27 05:30,26.569
2018-06-27 05:45,26.366
2018-06-27 06:00,26.162
2018-06-27 06:15,26.113
2018-06-27 06:30,26.066
2018-06-27 06:45,26.017
2018-06-27 07:00,25.969
2018-06-27 07:15,25.979
2018-06-27 07:30,25.988
2018-06-27 07:45,25.998
2018-06-27 08:00,26.008
2018-06-27 08:15,26.291
2018-06-27 08:30,26.573
2018-06-27 08:45,26.856
2018-06-27 09:00,27.138
2018-06-27 09:15,27.529
2018-06-27 09:30,27.919
2018-06-27 09:45,28.309
2018-06-27 10:00,28.7
2018-06-27 10:15,29.327
2018-06-27 10:30,29.954
2018-06-27 10:45,30.581
2018-06-27 11:00,31.208
2018-06-27 11:15,31.479
2018-06-27 11:30,31.75
2018-06-27 11:45,32.021
2018-06-27 12:00,32.292
2018-06-27 12:15,32.621
2018-06-27 12:30,32.95
2018-06-27 12:45,33.279
2018-06-27 13:00,33.608
2018-06-27 13:15,33.967
2018-06-27 13:30,34.327
2018-06-27 13:45,34.687
2018-06-27 14:00,35.046
2018-06-27 14:15,35.356
2018-06-27 14:30,35.666
2018-06-27 14:45,35.975
2018-06-27 15:00,36.284
2018-06-27 15:15,36.409
2018-06-27 15:30,36.534
2018-06-27 15:45,36.659
2018-06-27 16:00,36.784
2018-06-27 16:15,36.862
2018-06-27 16:30,36.938
2018-06-27 16:45,37.016
2018-06-27 17:00,37.092
2018-06-27 17:15,37.092
2018-06-27 17:30,37.092
2018-06-27 17:45,37.092
2018-06-27 18:00,37.092
2018-06-27 18:15,37.063
2018-06-27 18:30,37.034
2018-06-27 18:45,37.006
2018-06-27 19:00,36.977
2018-06-27 19:15,36.637
2018-06-27 19:30,36.296
2018-06-27 19:45,35.956
2018-06-27 20:00,35.616
2018-06-27 20:15,35.121
2018-06-27 20:30,34.627
2018-06-27 20:45,34.133
2018-06-27 21:00,33.638
2018-06-27 21:15,33.425
2018-06-27 21:30,33.212
2018-06-27 21:45,32.998
2018-06-27 22:00,32.784
2018-06-27 22:15,32.494
2018-06-27 22:30,32.204
2018-06-27 22:45,31.913
2018-06-27 23:00,31.623
2018-06-27 23:15,31.333
2018-06-27 23:30,31.042
2018-06-27 23:45,30.752
2018-06-28 00:00,30.462
2018-06-28 00:15,30.142
2018-06-28 00:30,29.823
2018-06-28 00:45,29.504
2018-06-28 01:00,29.184
2018-06-28 01:15,29.079
2018-06-28 01:30,28.973
2018-06-28 01:45,28.867
2018-06-28 02:00,28.762
2018-06-28 02:15,28.567
2018-06-28 02:30,28.373
2018-06-28 02:45,28.179
2018-06-28 03:00,27.984
2018-06-28 03:15,27.819
2018-06-28 03:30,27.654
2018-06-28 03:45,27.488
2018-06-28 04:00,27.323
2018-06-28 04:15,27.237
2018-06-28 04:30,27.15
2018-06-28 04:45,27.063
2018-06-28 05:00,26.977
2018-06-28 05:15,26.725
2018-06-28 05:30,26.473
2018-06-28 05:45,26.221
2018-06-28 06:00,25.969
2018-06-28 06:15,25.862
2018-06-28 06:30,25.754
2018-06-28 06:45,25.646
2018-06-28 07:00,25.538
2018-06-28 07:15,25.637
2018-06-28 07:30,25.734
2018-06-28 07:45,25.833
2018-06-28 08:00,25.931
2018-06-28 08:15,26.252
2018-06-28 08:30,26.573
2018-06-28 08:45,26.894
2018-06-28 09:00,27.216
2018-06-28 09:15,27.573
2018-06-28 09:30,27.931
2018-06-28 09:45,28.288
2018-06-28 10:00,28.646
2018-06-28 10:15,29.083
2018-06-28 10:30,29.519
2018-06-28 10:45,29.956
2018-06-28 11:00,30.392
2018-06-28 11:15,30.848
2018-06-28 11:30,31.304
2018-06-28 11:45,31.759
2018-06-28 12:00,32.216
2018-06-28 12:15,32.525
2018-06-28 12:30,32.834
2018-06-28 12:45,33.144
2018-06-28 13:00,33.454
2018-06-28 13:15,33.802
2018-06-28 13:30,34.15
2018-06-28 13:45,34.498
2018-06-28 14:00,34.846
2018-06-28 14:15,35.156
2018-06-28 14:30,35.466
2018-06-28 14:45,35.775
2018-06-28 15:00,36.084
2018-06-28 15:15,36.238
2018-06-28 15:30,36.392
2018-06-28 15:45,36.546
2018-06-28 16:00,36.7
2018-06-28 16:15,36.769
2018-06-28 16:30,36.838
2018-06-28 16:45,36.908
2018-06-28 17:00,36.977
2018-06-28 17:15,36.888
2018-06-28 17:30,36.8
2018-06-28 17:45,36.712
2018-06-28 18:00,36.623
2018-06-28 18:15,36.459
2018-06-28 18:30,36.296
2018-06-28 18:45,36.133
2018-06-28 19:00,35.969
2018-06-28 19:15,35.571
2018-06-28 19:30,35.173
2018-06-28 19:45,34.775
2018-06-28 20:00,34.377
2018-06-28 20:15,34.029
2018-06-28 20:30,33.681
2018-06-28 20:45,33.333
2018-06-28 21:00,32.984
2018-06-28 21:15,32.713
2018-06-28 21:30,32.442
2018-06-28 21:45,32.171
2018-06-28 22:00,31.9
2018-06-28 22:15,31.656
2018-06-28 22:30,31.412
2018-06-28 22:45,31.167
2018-06-28 23:00,30.923
2018-06-28 23:15,30.642
2018-06-28 23:30,30.362
2018-06-28 23:45,30.081
2018-06-29 00:00,29.8
2018-06-29 00:15,29.598
2018-06-29 00:30,29.396
2018-06-29 00:45,29.194
2018-06-29 01:00,28.992
2018-06-29 01:15,28.827
2018-06-29 01:30,28.662
2018-06-29 01:45,28.496
2018-06-29 02:00,28.331
2018-06-29 02:15,28.213
2018-06-29 02:30,28.096
2018-06-29 02:45,27.979
2018-06-29 03:00,27.862
2018-06-29 03:15,27.641
2018-06-29 03:30,27.419
2018-06-29 03:45,27.198
2018-06-29 04:00,26.977
2018-06-29 04:15,26.85
2018-06-29 04:30,26.723
2018-06-29 04:45,26.596
2018-06-29 05:00,26.469
2018-06-29 05:15,26.313
2018-06-29 05:30,26.158
2018-06-29 05:45,26.002
2018-06-29 06:00,25.846
2018-06-29 06:15,25.566
2018-06-29 06:30,25.284
2018-06-29 06:45,25.004
2018-06-29 07:00,24.723
2018-06-29 07:15,24.842
2018-06-29 07:30,24.962
2018-06-29 07:45,25.081
2018-06-29 08:00,25.2
2018-06-29 08:15,25.558
2018-06-29 08:30,25.916
2018-06-29 08:45,26.273
2018-06-29 09:00,26.631
2018-06-29 09:15,26.991
2018-06-29 09:30,27.35
2018-06-29 09:45,27.709
2018-06-29 10:00,28.069
2018-06-29 10:15,28.556
2018-06-29 10:30,29.042
2018-06-29 10:45,29.529
2018-06-29 11:00,30.016
2018-06-29 11:15,30.721
2018-06-29 11:30,31.427
2018-06-29 11:45,32.133
2018-06-29 12:00,32.838
2018-06-29 12:15,33.175
2018-06-29 12:30,33.512
2018-06-29 12:45,33.848
2018-06-29 13:00,34.184
2018-06-29 13:15,34.573
2018-06-29 13:30,34.962
2018-06-29 13:45,35.35
2018-06-29 14:00,35.738
2018-06-29 14:15,35.875
2018-06-29 14:30,36.012
2018-06-29 14:45,36.148
2018-06-29 15:00,36.284
2018-06-29 15:15,36.467
2018-06-29 15:30,36.65
2018-06-29 15:45,36.833
2018-06-29 16:00,37.016
2018-06-29 16:15,37.2
2018-06-29 16:30,37.384
2018-06-29 16:45,37.569
2018-06-29 17:00,37.754
2018-06-29 17:15,37.754
2018-06-29 17:30,37.754
2018-06-29 17:45,37.754
2018-06-29 18:00,37.754
2018-06-29 18:15,37.559
2018-06-29 18:30,37.366
2018-06-29 18:45,37.171
2018-06-29 19:00,36.977
2018-06-29 19:15,36.744
2018-06-29 19:30,36.512
2018-06-29 19:45,36.279
2018-06-29 20:00,36.046
2018-06-29 20:15,35.687
2018-06-29 20:30,35.327
2018-06-29 20:45,34.967
2018-06-29 21:00,34.608
2018-06-29 21:15,34.366
2018-06-29 21:30,34.123
2018-06-29 21:45,33.881
2018-06-29 22:00,33.638
2018-06-29 22:15,33.367
2018-06-29 22:30,33.096
2018-06-29 22:45,32.825
2018-06-29 23:00,32.554
2018-06-29 23:15,32.302
2018-06-29 23:30,32.05
2018-06-29 23:45,31.798
2018-06-30 00:00,31.546
2018-06-30 00:15,31.256
2018-06-30 00:30,30.966
2018-06-30 00:45,30.675
2018-06-30 01:00,30.384
2018-06-30 01:15,30.037
2018-06-30 01:30,29.688
2018-06-30 01:45,29.341
2018-06-30 02:00,28.992
2018-06-30 02:15,28.817
2018-06-30 02:30,28.642
2018-06-30 02:45,28.467
2018-06-30 03:00,28.292
2018-06-30 03:15,28.108
2018-06-30 03:30,27.923
2018-06-30 03:45,27.738
2018-06-30 04:00,27.554
2018-06-30 04:15,27.409
2018-06-30 04:30,27.266
2018-06-30 04:45,27.121
2018-06-30 05:00,26.977
2018-06-30 05:15,26.888
2018-06-30 05:30,26.8
2018-06-30 05:45,26.712
2018-06-30 06:00,26.623
2018-06-30 06:15,26.469
2018-06-30 06:30,26.316
2018-06-30 06:45,26.162
2018-06-30 07:00,26.008
2018-06-30 07:15,26.174
2018-06-30 07:30,26.339
2018-06-30 07:45,26.506
2018-06-30 08:00,26.672
2018-06-30 08:15,26.865
2018-06-30 08:30,27.059
2018-06-30 08:45,27.252
2018-06-30 09:00,27.446
2018-06-30 09:15,27.609
2018-06-30 09:30,27.773
2018-06-30 09:45,27.937
2018-06-30 10:00,28.1
2018-06-30 10:15,28.577
2018-06-30 10:30,29.054
2018-06-30 10:45,29.531
2018-06-30 11:00,30.008
2018-06-30 11:15,30.512
2018-06-30 11:30,31.016
2018-06-30 11:45,31.519
2018-06-30 12:00,32.023
2018-06-30 12:15,32.537
2018-06-30 12:30,33.05
2018-06-30 12:45,33.563
2018-06-30 13:00,34.077
2018-06-30 13:15,34.483
2018-06-30 13:30,34.888
2018-06-30 13:45,35.294
2018-06-30 14:00,35.7
2018-06-30 14:15,35.806
2018-06-30 14:30,35.912
2018-06-30 14:45,36.017
2018-06-30 15:00,36.123
2018-06-30 15:15,36.308
2018-06-30 15:30,36.492
2018-06-30 15:45,36.677
2018-06-30 16:00,36.862
2018-06-30 16:15,36.977
2018-06-30 16:30,37.092
2018-06-30 16:45,37.208
2018-06-30 17:00,37.323
2018-06-30 17:15,37.304
2018-06-30 17:30,37.284
2018-06-30 17:45,37.266
2018-06-30 18:00,37.246
2018-06-30 18:15,37.071
2018-06-30 18:30,36.896
2018-06-30 18:45,36.721
2018-06-30 19:00,36.546
2018-06-30 19:15,36.244
2018-06-30 19:30,35.942
2018-06-30 19:45,35.641
2018-06-30 20:00,35.338
2018-06-30 20:15,34.894
2018-06-30 20:30,34.45
2018-06-30 20:45,34.006
2018-06-30 21:00,33.562
2018-06-30 21:15,33.348
2018-06-30 21:30,33.134
2018-06-30 21:45,32.921
2018-06-30 22:00,32.708
2018-06-30 22:15,32.437
2018-06-30 22:30,32.166
2018-06-30 22:45,31.894
2018-06-30 23:00,31.623
2018-06-30 23:15,31.371
2018-06-30 23:30,31.119
2018-06-30 23:45,30.867
2018-07-01 00:00,30.616
2018-07-01 00:15,30.287
2018-07-01 00:30,29.958
2018-07-01 00:45,29.629
2018-07-01 01:00,29.3
2018-07-01 01:15,29.116
2018-07-01 01:30,28.931
2018-07-01 01:45,28.746
2018-07-01 02:00,28.562
2018-07-01 02:15,28.417
2018-07-01 02:30,28.273
2018-07-01 02:45,28.129
2018-07-01 03:00,27.984
2018-07-01 03:15,27.819
2018-07-01 03:30,27.654
2018-07-01 03:45,27.488
2018-07-01 04:00,27.323
2018-07-01 04:15,27.237
2018-07-01 04:30,27.15
2018-07-01 04:45,27.063
2018-07-01 05:00,26.977
2018-07-01 05:15,26.754
2018-07-01 05:30,26.531
2018-07-01 05:45,26.308
2018-07-01 06:00,26.084
2018-07-01 06:15,26.037
2018-07-01 06:30,25.988
2018-07-01 06:45,25.941
2018-07-01 07:00,25.892
2018-07-01 07:15,25.921
2018-07-01 07:30,25.95
2018-07-01 07:45,25.979
2018-07-01 08:00,26.008
2018-07-01 08:15,26.183
2018-07-01 08:30,26.358
2018-07-01 08:45,26.533
2018-07-01 09:00,26.708
2018-07-01 09:15,26.998
2018-07-01 09:30,27.288
2018-07-01 09:45,27.579
2018-07-01 10:00,27.869
2018-07-01 10:15,28.298
2018-07-01 10:30,28.727
2018-07-01 10:45,29.156
2018-07-01 11:00,29.584
2018-07-01 11:15,30.184
2018-07-01 11:30,30.784
2018-07-01 11:45,31.384
2018-07-01 12:00,31.984
2018-07-01 12:15,32.419
2018-07-01 12:30,32.854
2018-07-01 12:45,33.288
2018-07-01 13:00,33.723
2018-07-01 13:15,34.256
2018-07-01 13:30,34.788
2018-07-01 13:45,35.321
2018-07-01 14:00,35.854
2018-07-01 14:15,36.125
2018-07-01 14:30,36.396
2018-07-01 14:45,36.667
2018-07-01 15:00,36.938
2018-07-01 15:15,37.221
2018-07-01 15:30,37.504
2018-07-01 15:45,37.787
2018-07-01 16:00,38.069
2018-07-01 16:15,38.184
2018-07-01 16:30,38.3
2018-07-01 16:45,38.416
2018-07-01 17:00,38.531
2018-07-01 17:15,38.569
2018-07-01 17:30,38.608
2018-07-01 17:45,38.646
2018-07-01 18:00,38.684
2018-07-01 18:15,38.291
2018-07-01 18:30,37.896
2018-07-01 18:45,37.502
2018-07-01 19:00,37.108
2018-07-01 19:15,35.717
2018-07-01 19:30,34.327
2018-07-01 19:45,32.937
2018-07-01 20:00,31.546
2018-07-01 20:15,31.412
2018-07-01 20:30,31.277
2018-07-01 20:45,31.142
2018-07-01 21:00,31.008
2018-07-01 21:15,30.852
2018-07-01 21:30,30.696
2018-07-01 21:45,30.541
2018-07-01 22:00,30.384
2018-07-01 22:15,30.056
2018-07-01 22:30,29.727
2018-07-01 22:45,29.398
2018-07-01 23:00,29.069
2018-07-01 23:15,29.304
2018-07-01 23:30,29.538
2018-07-01 23:45,29.773
2018-07-02 00:00,30.008
2018-07-02 00:15,30.248
2018-07-02 00:30,30.488
2018-07-02 00:45,30.729
2018-07-02 01:00,30.969
2018-07-02 01:15,30.804
2018-07-02 01:30,30.638
2018-07-02 01:45,30.473
2018-07-02 02:00,30.308
2018-07-02 02:15,30.104
2018-07-02 02:30,29.9
2018-07-02 02:45,29.696
2018-07-02 03:00,29.492
2018-07-02 03:15,29.317
2018-07-02 03:30,29.142
2018-07-02 03:45,28.967
2018-07-02 04:00,28.792
2018-07-02 04:15,28.591
2018-07-02 04:30,28.388
2018-07-02 04:45,28.187
2018-07-02 05:00,27.984
2018-07-02 05:15,27.644
2018-07-02 05:30,27.304
2018-07-02 05:45,26.963
2018-07-02 06:00,26.623
2018-07-02 06:15,26.469
2018-07-02 06:30,26.316
2018-07-02 06:45,26.162
2018-07-02 07:00,26.008
2018-07-02 07:15,26.202
2018-07-02 07:30,26.396
2018-07-02 07:45,26.591
2018-07-02 08:00,26.784
2018-07-02 08:15,27.017
2018-07-02 08:30,27.25
2018-07-02 08:45,27.483
2018-07-02 09:00,27.716
2018-07-02 09:15,28.133
2018-07-02 09:30,28.55
2018-07-02 09:45,28.967
2018-07-02 10:00,29.384
2018-07-02 10:15,29.771
2018-07-02 10:30,30.158
2018-07-02 10:45,30.544
2018-07-02 11:00,30.931
2018-07-02 11:15,31.348
2018-07-02 11:30,31.766
2018-07-02 11:45,32.183
2018-07-02 12:00,32.6
2018-07-02 12:15,33.019
2018-07-02 12:30,33.438
2018-07-02 12:45,33.858
2018-07-02 13:00,34.277
2018-07-02 13:15,34.721
2018-07-02 13:30,35.166
2018-07-02 13:45,35.609
2018-07-02 14:00,36.054
2018-07-02 14:15,36.217
2018-07-02 14:30,36.381
2018-07-02 14:45,36.544
2018-07-02 15:00,36.708
2018-07-02 15:15,36.969
2018-07-02 15:30,37.231
2018-07-02 15:45,37.492
2018-07-02 16:00,37.754
2018-07-02 16:15,37.898
2018-07-02 16:30,38.042
2018-07-02 16:45,38.187
2018-07-02 17:00,38.331
2018-07-02 17:15,38.273
2018-07-02 17:30,38.216
2018-07-02 17:45,38.158
2018-07-02 18:00,38.1
2018-07-02 18:15,38.071
2018-07-02 18:30,38.042
2018-07-02 18:45,38.013
2018-07-02 19:00,37.984
2018-07-02 19:15,37.702
2018-07-02 19:30,37.419
2018-07-02 19:45,37.137
2018-07-02 20:00,36.854
2018-07-02 20:15,36.456
2018-07-02 20:30,36.058
2018-07-02 20:45,35.659
2018-07-02 21:00,35.262
2018-07-02 21:15,34.925
2018-07-02 21:30,34.588
2018-07-02 21:45,34.252
2018-07-02 22:00,33.916
2018-07-02 22:15,33.584
2018-07-02 22:30,33.254
2018-07-02 22:45,32.923
2018-07-02 23:00,32.592
2018-07-02 23:15,32.438
2018-07-02 23:30,32.284
2018-07-02 23:45,32.131
2018-07-03 00:00,31.977
2018-07-03 00:15,31.734
2018-07-03 00:30,31.492
2018-07-03 00:45,31.25
2018-07-03 01:00,31.008
2018-07-03 01:15,30.833
2018-07-03 01:30,30.658
2018-07-03 01:45,30.483
2018-07-03 02:00,30.308
2018-07-03 02:15,29.929
2018-07-03 02:30,29.55
2018-07-03 02:45,29.171
2018-07-03 03:00,28.792
2018-07-03 03:15,28.609
2018-07-03 03:30,28.427
2018-07-03 03:45,28.244
2018-07-03 04:00,28.062
2018-07-03 04:15,27.858
2018-07-03 04:30,27.654
2018-07-03 04:45,27.45
2018-07-03 05:00,27.246
2018-07-03 05:15,27.052
2018-07-03 05:30,26.858
2018-07-03 05:45,26.663
2018-07-03 06:00,26.469
2018-07-03 06:15,26.344
2018-07-03 06:30,26.219
2018-07-03 06:45,26.094
2018-07-03 07:00,25.969
2018-07-03 07:15,26.096
2018-07-03 07:30,26.223
2018-07-03 07:45,26.35
2018-07-03 08:00,26.477
2018-07-03 08:15,26.825
2018-07-03 08:30,27.173
2018-07-03 08:45,27.521
2018-07-03 09:00,27.869
2018-07-03 09:15,28.306
2018-07-03 09:30,28.742
2018-07-03 09:45,29.179
2018-07-03 10:00,29.616
2018-07-03 10:15,30.1
2018-07-03 10:30,30.584
2018-07-03 10:45,31.069
2018-07-03 11:00,31.554
2018-07-03 11:15,31.971
2018-07-03 11:30,32.388
2018-07-03 11:45,32.806
2018-07-03 12:00,33.223
2018-07-03 12:15,33.533
2018-07-03 12:30,33.842
2018-07-03 12:45,34.152
2018-07-03 13:00,34.462
2018-07-03 13:15,34.937
2018-07-03 13:30,35.412
2018-07-03 13:45,35.887
2018-07-03 14:00,36.362
2018-07-03 14:15,36.602
2018-07-03 14:30,36.842
2018-07-03 14:45,37.083
2018-07-03 15:00,37.323
2018-07-03 15:15,37.479
2018-07-03 15:30,37.634
2018-07-03 15:45,37.791
2018-07-03 16:00,37.946
2018-07-03 16:15,38.1
2018-07-03 16:30,38.254
2018-07-03 16:45,38.408
2018-07-03 17:00,38.562
2018-07-03 17:15,38.562
2018-07-03 17:30,38.562
2018-07-03 17:45,38.562
2018-07-03 18:00,38.562
2018-07-03 18:15,38.513
2018-07-03 18:30,38.466
2018-07-03 18:45,38.417
2018-07-03 19:00,38.369
2018-07-03 19:15,38.166
2018-07-03 19:30,37.962
2018-07-03 19:45,37.758
2018-07-03 20:00,37.554
2018-07-03 20:15,37.216
2018-07-03 20:30,36.877
2018-07-03 20:45,36.538
2018-07-03 21:00,36.2
2018-07-03 21:15,35.792
2018-07-03 21:30,35.384
2018-07-03 21:45,34.977
2018-07-03 22:00,34.569
2018-07-03 22:15,33.473
2018-07-03 22:30,32.377
2018-07-03 22:45,31.281
2018-07-03 23:00,30.184
2018-07-03 23:15,29.642
2018-07-03 23:30,29.1
2018-07-03 23:45,28.558
2018-07-04 00:00,28.016
2018-07-04 00:15,27.783
2018-07-04 00:30,27.55
2018-07-04 00:45,27.317
2018-07-04 01:00,27.084
2018-07-04 01:15,26.95
2018-07-04 01:30,26.816
2018-07-04 01:45,26.681
2018-07-04 02:00,26.546
2018-07-04 02:15,26.237
2018-07-04 02:30,25.927
2018-07-04 02:45,25.617
2018-07-04 03:00,25.308
2018-07-04 03:15,25.406
2018-07-04 03:30,25.504
2018-07-04 03:45,25.602
2018-07-04 04:00,25.7
2018-07-04 04:15,25.748
2018-07-04 04:30,25.796
2018-07-04 04:45,25.844
2018-07-04 05:00,25.892
2018-07-04 05:15,25.688
2018-07-04 05:30,25.484
2018-07-04 05:45,25.281
2018-07-04 06:00,25.077
2018-07-04 06:15,25.019
2018-07-04 06:30,24.962
2018-07-04 06:45,24.904
2018-07-04 07:00,24.846
2018-07-04 07:15,25.069
2018-07-04 07:30,25.292
2018-07-04 07:45,25.516
2018-07-04 08:00,25.738
2018-07-04 08:15,25.904
2018-07-04 08:30,26.069
2018-07-04 08:45,26.234
2018-07-04 09:00,26.4
2018-07-04 09:15,27.012
2018-07-04 09:30,27.623
2018-07-04 09:45,28.234
2018-07-04 10:00,28.846
2018-07-04 10:15,29.233
2018-07-04 10:30,29.619
2018-07-04 10:45,30.006
2018-07-04 11:00,30.392
2018-07-04 11:15,30.759
2018-07-04 11:30,31.127
2018-07-04 11:45,31.494
2018-07-04 12:00,31.862
2018-07-04 12:15,32.259
2018-07-04 12:30,32.658
2018-07-04 12:45,33.056
2018-07-04 13:00,33.454
2018-07-04 13:15,33.509
2018-07-04 13:30,33.566
2018-07-04 13:45,33.621
2018-07-04 14:00,33.677
2018-07-04 14:15,33.648
2018-07-04 14:30,33.619
2018-07-04 14:45,33.591
2018-07-04 15:00,33.562
2018-07-04 15:15,33.513
2018-07-04 15:30,33.466
2018-07-04 15:45,33.417
2018-07-04 16:00,33.369
2018-07-04 16:15,33.223
2018-07-04 16:30,33.077
2018-07-04 16:45,32.931
2018-07-04 17:00,32.784
2018-07-04 17:15,32.796
2018-07-04 17:30,32.808
2018-07-04 17:45,32.819
2018-07-04 18:00,32.831
2018-07-04 18:15,32.8
2018-07-04 18:30,32.769
2018-07-04 18:45,32.738
2018-07-04 19:00,32.708
2018-07-04 19:15,32.388
2018-07-04 19:30,32.069
2018-07-04 19:45,31.75
2018-07-04 20:00,31.431
2018-07-04 20:15,31.023
2018-07-04 20:30,30.616
2018-07-04 20:45,30.208
2018-07-04 21:00,29.8
2018-07-04 21:15,29.548
2018-07-04 21:30,29.296
2018-07-04 21:45,29.044
2018-07-04 22:00,28.792
2018-07-04 22:15,28.521
2018-07-04 22:30,28.25
2018-07-04 22:45,27.979
2018-07-04 23:00,27.708
2018-07-04 23:15,27.417
2018-07-04 23:30,27.127
2018-07-04 23:45,26.837
2018-07-05 00:00,26.546
2018-07-05 00:15,26.313
2018-07-05 00:30,26.081
2018-07-05 00:45,25.848
2018-07-05 01:00,25.616
2018-07-05 01:15,25.277
2018-07-05 01:30,24.938
2018-07-05 01:45,24.6
2018-07-05 02:00,24.262
2018-07-05 02:15,24.194
2018-07-05 02:30,24.127
2018-07-05 02:45,24.059
2018-07-05 03:00,23.992
2018-07-05 03:15,23.992
2018-07-05 03:30,23.992
2018-07-05 03:45,23.992
2018-07-05 04:00,23.992
2018-07-05 04:15,23.827
2018-07-05 04:30,23.662
2018-07-05 04:45,23.496
2018-07-05 05:00,23.331
2018-07-05 05:15,23.254
2018-07-05 05:30,23.177
2018-07-05 05:45,23.1
2018-07-05 06:00,23.023
2018-07-05 06:15,23.028
2018-07-05 06:30,23.033
2018-07-05 06:45,23.038
2018-07-05 07:00,23.043
2018-07-05 07:15,23.232
2018-07-05 07:30,23.422
2018-07-05 07:45,23.611
2018-07-05 08:00,23.8
2018-07-05 08:15,24.034
2018-07-05 08:30,24.269
2018-07-05 08:45,24.504
2018-07-05 09:00,24.738
2018-07-05 09:15,25.106
2018-07-05 09:30,25.473
2018-07-05 09:45,25.841
2018-07-05 10:00,26.208
2018-07-05 10:15,26.596
2018-07-05 10:30,26.984
2018-07-05 10:45,27.373
2018-07-05 11:00,27.762
2018-07-05 11:15,28.159
2018-07-05 11:30,28.558
2018-07-05 11:45,28.956
2018-07-05 12:00,29.354
2018-07-05 12:15,29.913
2018-07-05 12:30,30.473
2018-07-05 12:45,31.033
2018-07-05 13:00,31.592
2018-07-05 13:15,31.873
2018-07-05 13:30,32.154
2018-07-05 13:45,32.434
2018-07-05 14:00,32.716
2018-07-05 14:15,32.967
2018-07-05 14:30,33.219
2018-07-05 14:45,33.471
2018-07-05 15:00,33.723
2018-07-05 15:15,33.819
2018-07-05 15:30,33.916
2018-07-05 15:45,34.012
2018-07-05 16:00,34.108
2018-07-05 16:15,34.4
2018-07-05 16:30,34.692
2018-07-05 16:45,34.984
2018-07-05 17:00,35.277
2018-07-05 17:15,35.334
2018-07-05 17:30,35.392
2018-07-05 17:45,35.45
2018-07-05 18:00,35.508
2018-07-05 18:15,35.323
2018-07-05 18:30,35.138
2018-07-05 18:45,34.954
2018-07-05 19:00,34.769
2018-07-05 19:15,34.477
2018-07-05 19:30,34.184
2018-07-05 19:45,33.892
2018-07-05 20:00,33.6
2018-07-05 20:15,33.175
2018-07-05 20:30,32.75
2018-07-05 20:45,32.325
2018-07-05 21:00,31.9
2018-07-05 21:15,31.773
2018-07-05 21:30,31.646
2018-07-05 21:45,31.519
2018-07-05 22:00,31.392
2018-07-05 22:15,31.287
2018-07-05 22:30,31.181
2018-07-05 22:45,31.075
2018-07-05 23:00,30.969
2018-07-05 23:15,30.727
2018-07-05 23:30,30.484
2018-07-05 23:45,30.242
2018-07-06 00:00,30.0
2018-07-06 00:15,29.787
2018-07-06 00:30,29.573
2018-07-06 00:45,29.359
2018-07-06 01:00,29.146
2018-07-06 01:15,28.962
2018-07-06 01:30,28.777
2018-07-06 01:45,28.592
2018-07-06 02:00,28.408
2018-07-06 02:15,28.244
2018-07-06 02:30,28.081
2018-07-06 02:45,27.917
2018-07-06 03:00,27.754
2018-07-06 03:15,27.567
2018-07-06 03:30,27.381
2018-07-06 03:45,27.194
2018-07-06 04:00,27.008
2018-07-06 04:15,26.748
2018-07-06 04:30,26.488
2018-07-06 04:45,26.229
2018-07-06 05:00,25.969
2018-07-06 05:15,25.95
2018-07-06 05:30,25.931
2018-07-06 05:45,25.912
2018-07-06 06:00,25.892
2018-07-06 06:15,25.688
2018-07-06 06:30,25.484
2018-07-06 06:45,25.281
2018-07-06 07:00,25.077
2018-07-06 07:15,25.233
2018-07-06 07:30,25.388
2018-07-06 07:45,25.544
2018-07-06 08:00,25.7
2018-07-06 08:15,26.108
2018-07-06 08:30,26.516
2018-07-06 08:45,26.923
2018-07-06 09:00,27.331
2018-07-06 09:15,27.698
2018-07-06 09:30,28.066
2018-07-06 09:45,28.433
2018-07-06 10:00,28.8
2018-07-06 10:15,29.246
2018-07-06 10:30,29.692
2018-07-06 10:45,30.138
2018-07-06 11:00,30.584
2018-07-06 11:15,30.954
2018-07-06 11:30,31.323
2018-07-06 11:45,31.692
2018-07-06 12:00,32.062
2018-07-06 12:15,32.321
2018-07-06 12:30,32.581
2018-07-06 12:45,32.841
2018-07-06 13:00,33.1
2018-07-06 13:15,33.313
2018-07-06 13:30,33.527
2018-07-06 13:45,33.741
2018-07-06 14:00,33.954
2018-07-06 14:15,34.275
2018-07-06 14:30,34.596
2018-07-06 14:45,34.917
2018-07-06 15:00,35.238
2018-07-06 15:15,35.363
2018-07-06 15:30,35.488
2018-07-06 15:45,35.613
2018-07-06 16:00,35.738
2018-07-06 16:15,35.332
2018-07-06 16:30,34.926
2018-07-06 16:45,34.519
2018-07-06 17:00,34.113
2018-07-06 17:15,32.872
2018-07-06 17:30,31.63
2018-07-06 17:45,30.388
2018-07-06 18:00,29.146
2018-07-06 18:15,29.352
2018-07-06 18:30,29.558
2018-07-06 18:45,29.763
2018-07-06 19:00,29.969
2018-07-06 19:15,29.869
2018-07-06 19:30,29.769
2018-07-06 19:45,29.669
2018-07-06 20:00,29.569
2018-07-06 20:15,29.375
2018-07-06 20:30,29.181
2018-07-06 20:45,28.987
2018-07-06 21:00,28.792
2018-07-06 21:15,28.492
2018-07-06 21:30,28.192
2018-07-06 21:45,27.892
2018-07-06 22:00,27.592
2018-07-06 22:15,27.369
2018-07-06 22:30,27.146
2018-07-06 22:45,26.923
2018-07-06 23:00,26.7
2018-07-06 23:15,26.517
2018-07-06 23:30,26.334
2018-07-06 23:45,26.152
2018-07-07 00:00,25.969
2018-07-07 00:15,25.969
2018-07-07 00:30,25.969
2018-07-07 00:45,25.969
2018-07-07 01:00,25.969
2018-07-07 01:15,25.9
2018-07-07 01:30,25.831
2018-07-07 01:45,25.762
2018-07-07 02:00,25.692
2018-07-07 02:15,25.334
2018-07-07 02:30,24.977
2018-07-07 02:45,24.619
2018-07-07 03:00,24.262
2018-07-07 03:15,24.194
2018-07-07 03:30,24.127
2018-07-07 03:45,24.059
2018-07-07 04:00,23.992
2018-07-07 04:15,23.973
2018-07-07 04:30,23.954
2018-07-07 04:45,23.934
2018-07-07 05:00,23.916
2018-07-07 05:15,23.692
2018-07-07 05:30,23.469
2018-07-07 05:45,23.246
2018-07-07 06:00,23.023
2018-07-07 06:15,23.013
2018-07-07 06:30,23.004
2018-07-07 06:45,22.994
2018-07-07 07:00,22.984
2018-07-07 07:15,23.083
2018-07-07 07:30,23.181
2018-07-07 07:45,23.279
2018-07-07 08:00,23.377
2018-07-07 08:15,23.9
2018-07-07 08:30,24.423
2018-07-07 08:45,24.946
2018-07-07 09:00,25.469
2018-07-07 09:15,25.944
2018-07-07 09:30,26.419
2018-07-07 09:45,26.894
2018-07-07 10:00,27.369
2018-07-07 10:15,27.65
2018-07-07 10:30,27.931
2018-07-07 10:45,28.212
2018-07-07 11:00,28.492
2018-07-07 11:15,28.929
2018-07-07 11:30,29.366
2018-07-07 11:45,29.802
2018-07-07 12:00,30.238
2018-07-07 12:15,30.566
2018-07-07 12:30,30.892
2018-07-07 12:45,31.219
2018-07-07 13:00,31.546
2018-07-07 13:15,31.819
2018-07-07 13:30,32.092
2018-07-07 13:45,32.366
2018-07-07 14:00,32.638
2018-07-07 14:15,32.941
2018-07-07 14:30,33.242
2018-07-07 14:45,33.544
2018-07-07 15:00,33.846
2018-07-07 15:15,33.892
2018-07-07 15:30,33.938
2018-07-07 15:45,33.984
2018-07-07 16:00,34.031
2018-07-07 16:15,34.108
2018-07-07 16:30,34.184
2018-07-07 16:45,34.262
2018-07-07 17:00,34.338
2018-07-07 17:15,34.338
2018-07-07 17:30,34.338
2018-07-07 17:45,34.338
2018-07-07 18:00,34.338
2018-07-07 18:15,34.194
2018-07-07 18:30,34.05
2018-07-07 18:45,33.906
2018-07-07 19:00,33.762
2018-07-07 19:15,33.606
2018-07-07 19:30,33.45
2018-07-07 19:45,33.294
2018-07-07 20:00,33.138
2018-07-07 20:15,32.741
2018-07-07 20:30,32.342
2018-07-07 20:45,31.944
2018-07-07 21:00,31.546
2018-07-07 21:15,31.402
2018-07-07 21:30,31.258
2018-07-07 21:45,31.113
2018-07-07 22:00,30.969
2018-07-07 22:15,30.766
2018-07-07 22:30,30.562
2018-07-07 22:45,30.358
2018-07-07 23:00,30.154
2018-07-07 23:15,29.863
2018-07-07 23:30,29.573
2018-07-07 23:45,29.283
2018-07-08 00:00,28.992
2018-07-08 00:15,28.837
2018-07-08 00:30,28.681
2018-07-08 00:45,28.525
2018-07-08 01:00,28.369
2018-07-08 01:15,28.108
2018-07-08 01:30,27.846
2018-07-08 01:45,27.584
2018-07-08 02:00,27.323
2018-07-08 02:15,27.042
2018-07-08 02:30,26.762
2018-07-08 02:45,26.481
2018-07-08 03:00,26.2
2018-07-08 03:15,25.996
2018-07-08 03:30,25.792
2018-07-08 03:45,25.588
2018-07-08 04:00,25.384
2018-07-08 04:15,25.25
2018-07-08 04:30,25.116
2018-07-08 04:45,24.981
2018-07-08 05:00,24.846
2018-07-08 05:15,24.662
2018-07-08 05:30,24.477
2018-07-08 05:45,24.292
2018-07-08 06:00,24.108
2018-07-08 06:15,24.088
2018-07-08 06:30,24.069
2018-07-08 06:45,24.05
2018-07-08 07:00,24.031
2018-07-08 07:15,24.448
2018-07-08 07:30,24.866
2018-07-08 07:45,25.283
2018-07-08 08:00,25.7
2018-07-08 08:15,26.059
2018-07-08 08:30,26.419
2018-07-08 08:45,26.779
2018-07-08 09:00,27.138
2018-07-08 09:15,27.496
2018-07-08 09:30,27.854
2018-07-08 09:45,28.212
2018-07-08 10:00,28.569
2018-07-08 10:15,28.696
2018-07-08 10:30,28.823
2018-07-08 10:45,28.95
2018-07-08 11:00,29.077
2018-07-08 11:15,29.425
2018-07-08 11:30,29.773
2018-07-08 11:45,30.121
2018-07-08 12:00,30.469
2018-07-08 12:15,30.613
2018-07-08 12:30,30.758
2018-07-08 12:45,30.902
2018-07-08 13:00,31.046
2018-07-08 13:15,31.416
2018-07-08 13:30,31.784
2018-07-08 13:45,32.154
2018-07-08 14:00,32.523
2018-07-08 14:15,32.804
2018-07-08 14:30,33.084
2018-07-08 14:45,33.366
2018-07-08 15:00,33.646
2018-07-08 15:15,33.742
2018-07-08 15:30,33.838
2018-07-08 15:45,33.934
2018-07-08 16:00,34.031
2018-07-08 16:15,34.108
2018-07-08 16:30,34.184
2018-07-08 16:45,34.262
2018-07-08 17:00,34.338
2018-07-08 17:15,34.241
2018-07-08 17:30,34.142
2018-07-08 17:45,34.044
2018-07-08 18:00,33.946
2018-07-08 18:15,33.393
2018-07-08 18:30,32.841
2018-07-08 18:45,32.288
2018-07-08 19:00,31.736
2018-07-08 19:15,31.494
2018-07-08 19:30,31.252
2018-07-08 19:45,31.011
2018-07-08 20:00,30.769
2018-07-08 20:15,30.275
2018-07-08 20:30,29.781
2018-07-08 20:45,29.287
2018-07-08 21:00,28.792
2018-07-08 21:15,28.521
2018-07-08 21:30,28.25
2018-07-08 21:45,27.979
2018-07-08 22:00,27.708
2018-07-08 22:15,27.456
2018-07-08 22:30,27.204
2018-07-08 22:45,26.952
2018-07-08 23:00,26.7
2018-07-08 23:15,26.517
2018-07-08 23:30,26.334
2018-07-08 23:45,26.152
2018-07-09 00:00,25.969
2018-07-09 00:15,25.758
2018-07-09 00:30,25.546
2018-07-09 00:45,25.334
2018-07-09 01:00,25.123
2018-07-09 01:15,25.004
2018-07-09 01:30,24.884
2018-07-09 01:45,24.766
2018-07-09 02:00,24.646
2018-07-09 02:15,24.483
2018-07-09 02:30,24.319
2018-07-09 02:45,24.156
2018-07-09 03:00,23.992
2018-07-09 03:15,23.923
2018-07-09 03:30,23.854
2018-07-09 03:45,23.784
2018-07-09 04:00,23.716
2018-07-09 04:15,23.542
2018-07-09 04:30,23.369
2018-07-09 04:45,23.196
2018-07-09 05:00,23.023
2018-07-09 05:15,23.013
2018-07-09 05:30,23.004
2018-07-09 05:45,22.994
2018-07-09 06:00,22.984
2018-07-09 06:15,22.984
2018-07-09 06:30,22.984
2018-07-09 06:45,22.984
2018-07-09 07:00,22.984
2018-07-09 07:15,23.131
2018-07-09 07:30,23.277
2018-07-09 07:45,23.423
2018-07-09 08:00,23.569
2018-07-09 08:15,23.967
2018-07-09 08:30,24.366
2018-07-09 08:45,24.763
2018-07-09 09:00,25.162
2018-07-09 09:15,25.644
2018-07-09 09:30,26.127
2018-07-09 09:45,26.609
2018-07-09 10:00,27.092
2018-07-09 10:15,27.433
2018-07-09 10:30,27.773
2018-07-09 10:45,28.113
2018-07-09 11:00,28.454
2018-07-09 11:15,28.744
2018-07-09 11:30,29.034
2018-07-09 11:45,29.325
2018-07-09 12:00,29.616
2018-07-09 12:15,30.042
2018-07-09 12:30,30.469
2018-07-09 12:45,30.896
2018-07-09 13:00,31.323
2018-07-09 13:15,31.371
2018-07-09 13:30,31.419
2018-07-09 13:45,31.467
2018-07-09 14:00,31.516
2018-07-09 14:15,31.554
2018-07-09 14:30,31.592
2018-07-09 14:45,31.631
2018-07-09 15:00,31.669
2018-07-09 15:15,31.998
2018-07-09 15:30,32.327
2018-07-09 15:45,32.656
2018-07-09 16:00,32.984
2018-07-09 16:15,32.713
2018-07-09 16:30,32.442
2018-07-09 16:45,32.171
2018-07-09 17:00,31.9
2018-07-09 17:15,31.591
2018-07-09 17:30,31.281
2018-07-09 17:45,30.971
2018-07-09 18:00,30.662
2018-07-09 18:15,30.379
2018-07-09 18:30,30.096
2018-07-09 18:45,29.813
2018-07-09 19:00,29.531
2018-07-09 19:15,29.163
2018-07-09 19:30,28.796
2018-07-09 19:45,28.429
2018-07-09 20:00,28.062
2018-07-09 20:15,27.954
2018-07-09 20:30,27.846
2018-07-09 20:45,27.738
2018-07-09 21:00,27.631
2018-07-09 21:15,27.467
2018-07-09 21:30,27.304
2018-07-09 21:45,27.141
2018-07-09 22:00,26.977
2018-07-09 22:15,26.754
2018-07-09 22:30,26.531
2018-07-09 22:45,26.308
2018-07-09 23:00,26.084
2018-07-09 23:15,26.006
2018-07-09 23:30,25.927
2018-07-09 23:45,25.848
2018-07-10 00:00,25.769
2018-07-10 00:15,25.546
2018-07-10 00:30,25.323
2018-07-10 00:45,25.1
2018-07-10 01:00,24.877
2018-07-10 01:15,24.666
2018-07-10 01:30,24.454
2018-07-10 01:45,24.242
2018-07-10 02:00,24.031
2018-07-10 02:15,24.021
2018-07-10 02:30,24.012
2018-07-10 02:45,24.002
2018-07-10 03:00,23.992
2018-07-10 03:15,23.741
2018-07-10 03:30,23.488
2018-07-10 03:45,23.237
2018-07-10 04:00,22.984
2018-07-10 04:15,22.946
2018-07-10 04:30,22.908
2018-07-10 04:45,22.869
2018-07-10 05:00,22.831
2018-07-10 05:15,22.646
2018-07-10 05:30,22.462
2018-07-10 05:45,22.277
2018-07-10 06:00,22.092
2018-07-10 06:15,22.142
2018-07-10 06:30,22.192
2018-07-10 06:45,22.242
2018-07-10 07:00,22.292
2018-07-10 07:15,22.506
2018-07-10 07:30,22.719
2018-07-10 07:45,22.933
2018-07-10 08:00,23.146
2018-07-10 08:15,23.417
2018-07-10 08:30,23.688
2018-07-10 08:45,23.959
2018-07-10 09:00,24.231
2018-07-10 09:15,24.792
2018-07-10 09:30,25.354
2018-07-10 09:45,25.916
2018-07-10 10:00,26.477
2018-07-10 10:15,27.119
2018-07-10 10:30,27.762
2018-07-10 10:45,28.404
2018-07-10 11:00,29.046
2018-07-10 11:15,29.412
2018-07-10 11:30,29.777
2018-07-10 11:45,30.142
2018-07-10 12:00,30.508
2018-07-10 12:15,30.654
2018-07-10 12:30,30.801
2018-07-10 12:45,30.948
2018-07-10 13:00,31.094
2018-07-10 13:15,30.971
2018-07-10 13:30,30.847
2018-07-10 13:45,30.723
2018-07-10 14:00,30.6
2018-07-10 14:15,29.015
2018-07-10 14:30,27.43
2018-07-10 14:45,25.845
2018-07-10 15:00,24.26
2018-07-10 15:15,24.47
2018-07-10 15:30,24.68
2018-07-10 15:45,24.89
2018-07-10 16:00,25.1
2018-07-10 16:15,25.083
2018-07-10 16:30,25.066
2018-07-10 16:45,25.048
2018-07-10 17:00,25.031
2018-07-10 17:15,25.179
2018-07-10 17:30,25.327
2018-07-10 17:45,25.475
2018-07-10 18:00,25.623
2018-07-10 18:15,26.108
2018-07-10 18:30,26.592
2018-07-10 18:45,27.077
2018-07-10 19:00,27.562
2018-07-10 19:15,27.754
2018-07-10 19:30,27.946
2018-07-10 19:45,28.138
2018-07-10 20:00,28.331
2018-07-10 20:15,28.088
2018-07-10 20:30,27.846
2018-07-10 20:45,27.604
2018-07-10 21:00,27.362
2018-07-10 21:15,27.1
2018-07-10 21:30,26.838
2018-07-10 21:45,26.577
2018-07-10 22:00,26.316
2018-07-10 22:15,26.238
2018-07-10 22:30,26.162
2018-07-10 22:45,26.084
2018-07-10 23:00,26.008
2018-07-10 23:15,25.979
2018-07-10 23:30,25.95
2018-07-10 23:45,25.921
2018-07-11 00:00,25.892
2018-07-11 00:15,25.688
2018-07-11 00:30,25.484
2018-07-11 00:45,25.281
2018-07-11 01:00,25.077
2018-07-11 01:15,24.892
2018-07-11 01:30,24.708
2018-07-11 01:45,24.523
2018-07-11 02:00,24.338
2018-07-11 02:15,24.262
2018-07-11 02:30,24.184
2018-07-11 02:45,24.108
2018-07-11 03:00,24.031
2018-07-11 03:15,24.021
2018-07-11 03:30,24.012
2018-07-11 03:45,24.002
2018-07-11 04:00,23.992
2018-07-11 04:15,23.923
2018-07-11 04:30,23.854
2018-07-11 04:45,23.784
2018-07-11 05:00,23.716
2018-07-11 05:15,23.65
2018-07-11 05:30,23.584
2018-07-11 05:45,23.519
2018-07-11 06:00,23.454
2018-07-11 06:15,23.569
2018-07-11 06:30,23.684
2018-07-11 06:45,23.8
2018-07-11 07:00,23.916
2018-07-11 07:15,23.944
2018-07-11 07:30,23.973
2018-07-11 07:45,24.002
2018-07-11 08:00,24.031
2018-07-11 08:15,24.459
2018-07-11 08:30,24.888
2018-07-11 08:45,25.317
2018-07-11 09:00,25.746
2018-07-11 09:15,26.162
2018-07-11 09:30,26.577
2018-07-11 09:45,26.992
2018-07-11 10:00,27.408
2018-07-11 10:15,27.696
2018-07-11 10:30,27.984
2018-07-11 10:45,28.273
2018-07-11 11:00,28.562
2018-07-11 11:15,28.941
2018-07-11 11:30,29.319
2018-07-11 11:45,29.698
2018-07-11 12:00,30.077
2018-07-11 12:15,30.252
2018-07-11 12:30,30.427
2018-07-11 12:45,30.602
2018-07-11 13:00,30.777
2018-07-11 13:15,31.319
2018-07-11 13:30,31.862
2018-07-11 13:45,32.404
2018-07-11 14:00,32.946
2018-07-11 14:15,33.208
2018-07-11 14:30,33.469
2018-07-11 14:45,33.731
2018-07-11 15:00,33.992
2018-07-11 15:15,34.206
2018-07-11 15:30,34.419
2018-07-11 15:45,34.633
2018-07-11 16:00,34.846
2018-07-11 16:15,34.719
2018-07-11 16:30,34.592
2018-07-11 16:45,34.466
2018-07-11 17:00,34.338
2018-07-11 17:15,34.271
2018-07-11 17:30,34.204
2018-07-11 17:45,34.137
2018-07-11 18:00,34.069
2018-07-11 18:15,34.012
2018-07-11 18:30,33.954
2018-07-11 18:45,33.896
2018-07-11 19:00,33.838
2018-07-11 19:15,33.721
2018-07-11 19:30,33.604
2018-07-11 19:45,33.487
2018-07-11 20:00,33.369
2018-07-11 20:15,33.098
2018-07-11 20:30,32.827
2018-07-11 20:45,32.556
2018-07-11 21:00,32.284
2018-07-11 21:15,31.956
2018-07-11 21:30,31.627
2018-07-11 21:45,31.298
2018-07-11 22:00,30.969
2018-07-11 22:15,30.773
2018-07-11 22:30,30.577
2018-07-11 22:45,30.381
2018-07-11 23:00,30.184
2018-07-11 23:15,29.837
2018-07-11 23:30,29.488
2018-07-11 23:45,29.141
2018-07-12 00:00,28.792
2018-07-12 00:15,28.571
2018-07-12 00:30,28.35
2018-07-12 00:45,28.129
2018-07-12 01:00,27.908
2018-07-12 01:15,27.637
2018-07-12 01:30,27.366
2018-07-12 01:45,27.094
2018-07-12 02:00,26.823
2018-07-12 02:15,26.591
2018-07-12 02:30,26.358
2018-07-12 02:45,26.125
2018-07-12 03:00,25.892
2018-07-12 03:15,25.912
2018-07-12 03:30,25.931
2018-07-12 03:45,25.95
2018-07-12 04:00,25.969
2018-07-12 04:15,25.969
2018-07-12 04:30,25.969
2018-07-12 04:45,25.969
2018-07-12 05:00,25.969
2018-07-12 05:15,25.969
2018-07-12 05:30,25.969
2018-07-12 05:45,25.969
2018-07-12 06:00,25.969
2018-07-12 06:15,25.854
2018-07-12 06:30,25.738
2018-07-12 06:45,25.623
2018-07-12 07:00,25.508
2018-07-12 07:15,25.788
2018-07-12 07:30,26.069
2018-07-12 07:45,26.35
2018-07-12 08:00,26.631
2018-07-12 08:15,26.844
2018-07-12 08:30,27.058
2018-07-12 08:45,27.271
2018-07-12 09:00,27.484
2018-07-12 09:15,28.403
2018-07-12 09:30,29.322
2018-07-12 09:45,30.241
2018-07-12 10:00,31.16
2018-07-12 10:15,31.274
2018-07-12 10:30,31.388
2018-07-12 10:45,31.502
2018-07-12 11:00,31.616
2018-07-12 11:15,31.552
2018-07-12 11:30,31.488
2018-07-12 11:45,31.425
2018-07-12 12:00,31.362
2018-07-12 12:15,31.851
2018-07-12 12:30,32.341
2018-07-12 12:45,32.831
2018-07-12 13:00,33.32
2018-07-12 13:15,33.39
2018-07-12 13:30,33.46
2018-07-12 13:45,33.53
2018-07-12 14:00,33.6
2018-07-12 14:15,33.466
2018-07-12 14:30,33.331
2018-07-12 14:45,33.196
2018-07-12 15:00,33.062
2018-07-12 15:15,32.419
2018-07-12 15:30,31.777
2018-07-12 15:45,31.136
2018-07-12 16:00,30.493
2018-07-12 16:15,29.852
2018-07-12 16:30,29.21
2018-07-12 16:45,28.568
2018-07-12 17:00,27.927
2018-07-12 17:15,27.562
2018-07-12 17:30,27.198
2018-07-12 17:45,26.833
2018-07-12 18:00,26.469
2018-07-12 18:15,26.363
2018-07-12 18:30,26.258
2018-07-12 18:45,26.152
2018-07-12 19:00,26.046
2018-07-12 19:15,25.879
2018-07-12 19:30,25.712
2018-07-12 19:45,25.544
2018-07-12 20:00,25.377
2018-07-12 20:15,24.691
2018-07-12 20:30,24.004
2018-07-12 20:45,23.317
2018-07-12 21:00,22.631
2018-07-12 21:15,22.477
2018-07-12 21:30,22.323
2018-07-12 21:45,22.169
2018-07-12 22:00,22.016
2018-07-12 22:15,22.162
2018-07-12 22:30,22.308
2018-07-12 22:45,22.454
2018-07-12 23:00,22.6
2018-07-12 23:15,22.696
2018-07-12 23:30,22.792
2018-07-12 23:45,22.888
2018-07-13 00:00,22.984
2018-07-13 00:15,22.984
2018-07-13 00:30,22.984
2018-07-13 00:45,22.984
2018-07-13 01:00,22.984
2018-07-13 01:15,22.838
2018-07-13 01:30,22.692
2018-07-13 01:45,22.546
2018-07-13 02:00,22.4
2018-07-13 02:15,22.304
2018-07-13 02:30,22.208
2018-07-13 02:45,22.112
2018-07-13 03:00,22.016
2018-07-13 03:15,22.016
2018-07-13 03:30,22.016
2018-07-13 03:45,22.016
2018-07-13 04:00,22.016
2018-07-13 04:15,22.487
2018-07-13 04:30,22.958
2018-07-13 04:45,23.429
2018-07-13 05:00,23.9
2018-07-13 05:15,23.429
2018-07-13 05:30,22.958
2018-07-13 05:45,22.487
2018-07-13 06:00,22.016
2018-07-13 06:15,22.016
2018-07-13 06:30,22.016
2018-07-13 06:45,22.016
2018-07-13 07:00,22.016
2018-07-13 07:15,22.2
2018-07-13 07:30,22.384
2018-07-13 07:45,22.569
2018-07-13 08:00,22.754
2018-07-13 08:15,23.046
2018-07-13 08:30,23.338
2018-07-13 08:45,23.631
2018-07-13 09:00,23.923
2018-07-13 09:15,24.581
2018-07-13 09:30,25.238
2018-07-13 09:45,25.896
2018-07-13 10:00,26.554
2018-07-13 10:15,27.184
2018-07-13 10:30,27.816
2018-07-13 10:45,28.446
2018-07-13 11:00,29.077
2018-07-13 11:15,29.766
2018-07-13 11:30,30.454
2018-07-13 11:45,31.142
2018-07-13 12:00,31.831
2018-07-13 12:15,32.179
2018-07-13 12:30,32.527
2018-07-13 12:45,32.875
2018-07-13 13:00,33.223
2018-07-13 13:15,33.387
2018-07-13 13:30,33.55
2018-07-13 13:45,33.713
2018-07-13 14:00,33.877
2018-07-13 14:15,34.034
2018-07-13 14:30,34.192
2018-07-13 14:45,34.35
2018-07-13 15:00,34.508
2018-07-13 15:15,34.573
2018-07-13 15:30,34.638
2018-07-13 15:45,34.704
2018-07-13 16:00,34.769
2018-07-13 16:15,34.884
2018-07-13 16:30,35.0
2018-07-13 16:45,35.116
2018-07-13 17:00,35.231
2018-07-13 17:15,35.25
2018-07-13 17:30,35.269
2018-07-13 17:45,35.288
2018-07-13 18:00,35.308
2018-07-13 18:15,35.238
2018-07-13 18:30,35.169
2018-07-13 18:45,35.1
2018-07-13 19:00,35.031
2018-07-13 19:15,34.741
2018-07-13 19:30,34.45
2018-07-13 19:45,34.159
2018-07-13 20:00,33.869
2018-07-13 20:15,33.502
2018-07-13 20:30,33.134
2018-07-13 20:45,32.767
2018-07-13 21:00,32.4
2018-07-13 21:15,32.187
2018-07-13 21:30,31.973
2018-07-13 21:45,31.759
2018-07-13 22:00,31.546
2018-07-13 22:15,31.333
2018-07-13 22:30,31.119
2018-07-13 22:45,30.906
2018-07-13 23:00,30.692
2018-07-13 23:15,30.287
2018-07-13 23:30,29.881
2018-07-13 23:45,29.475
2018-07-14 00:00,29.069
2018-07-14 00:15,28.827
2018-07-14 00:30,28.584
2018-07-14 00:45,28.342
2018-07-14 01:00,28.1
2018-07-14 01:15,28.052
2018-07-14 01:30,28.004
2018-07-14 01:45,27.956
2018-07-14 02:00,27.908
2018-07-14 02:15,27.723
2018-07-14 02:30,27.538
2018-07-14 02:45,27.354
2018-07-14 03:00,27.169
2018-07-14 03:15,27.121
2018-07-14 03:30,27.073
2018-07-14 03:45,27.025
2018-07-14 04:00,26.977
2018-07-14 04:15,26.773
2018-07-14 04:30,26.569
2018-07-14 04:45,26.366
2018-07-14 05:00,26.162
2018-07-14 05:15,26.113
2018-07-14 05:30,26.066
2018-07-14 05:45,26.017
2018-07-14 06:00,25.969
2018-07-14 06:15,25.9
2018-07-14 06:30,25.831
2018-07-14 06:45,25.762
2018-07-14 07:00,25.692
2018-07-14 07:15,25.791
2018-07-14 07:30,25.888
2018-07-14 07:45,25.987
2018-07-14 08:00,26.084
2018-07-14 08:15,26.367
2018-07-14 08:30,26.65
2018-07-14 08:45,26.933
2018-07-14 09:00,27.216
2018-07-14 09:15,27.604
2018-07-14 09:30,27.992
2018-07-14 09:45,28.381
2018-07-14 10:00,28.769
2018-07-14 10:15,29.329
2018-07-14 10:30,29.888
2018-07-14 10:45,30.448
2018-07-14 11:00,31.008
2018-07-14 11:15,31.377
2018-07-14 11:30,31.746
2018-07-14 11:45,32.116
2018-07-14 12:00,32.484
2018-07-14 12:15,32.825
2018-07-14 12:30,33.166
2018-07-14 12:45,33.506
2018-07-14 13:00,33.846
2018-07-14 13:15,34.058
2018-07-14 13:30,34.269
2018-07-14 13:45,34.481
2018-07-14 14:00,34.692
2018-07-14 14:15,34.827
2018-07-14 14:30,34.962
2018-07-14 14:45,35.096
2018-07-14 15:00,35.231
2018-07-14 15:15,35.348
2018-07-14 15:30,35.466
2018-07-14 15:45,35.583
2018-07-14 16:00,35.7
2018-07-14 16:15,35.777
2018-07-14 16:30,35.854
2018-07-14 16:45,35.931
2018-07-14 17:00,36.008
2018-07-14 17:15,36.116
2018-07-14 17:30,36.223
2018-07-14 17:45,36.331
2018-07-14 18:00,36.438
2018-07-14 18:15,36.321
2018-07-14 18:30,36.204
2018-07-14 18:45,36.087
2018-07-14 19:00,35.969
2018-07-14 19:15,35.658
2018-07-14 19:30,35.346
2018-07-14 19:45,35.034
2018-07-14 20:00,34.723
2018-07-14 20:15,34.346
2018-07-14 20:30,33.969
2018-07-14 20:45,33.592
2018-07-14 21:00,33.216
2018-07-14 21:15,32.963
2018-07-14 21:30,32.712
2018-07-14 21:45,32.459
2018-07-14 22:00,32.208
2018-07-14 22:15,31.994
2018-07-14 22:30,31.781
2018-07-14 22:45,31.567
2018-07-14 23:00,31.354
2018-07-14 23:15,31.15
2018-07-14 23:30,30.946
2018-07-14 23:45,30.742
2018-07-15 00:00,30.538
2018-07-15 00:15,30.258
2018-07-15 00:30,29.977
2018-07-15 00:45,29.696
2018-07-15 01:00,29.416
2018-07-15 01:15,29.241
2018-07-15 01:30,29.066
2018-07-15 01:45,28.891
2018-07-15 02:00,28.716
2018-07-15 02:15,28.533
2018-07-15 02:30,28.35
2018-07-15 02:45,28.167
2018-07-15 03:00,27.984
2018-07-15 03:15,27.838
2018-07-15 03:30,27.692
2018-07-15 03:45,27.546
2018-07-15 04:00,27.4
2018-07-15 04:15,27.294
2018-07-15 04:30,27.188
2018-07-15 04:45,27.083
2018-07-15 05:00,26.977
2018-07-15 05:15,26.812
2018-07-15 05:30,26.646
2018-07-15 05:45,26.481
2018-07-15 06:00,26.316
2018-07-15 06:15,26.229
2018-07-15 06:30,26.142
2018-07-15 06:45,26.056
2018-07-15 07:00,25.969
2018-07-15 07:15,26.029
2018-07-15 07:30,26.088
2018-07-15 07:45,26.148
2018-07-15 08:00,26.208
2018-07-15 08:15,26.498
2018-07-15 08:30,26.788
2018-07-15 08:45,27.079
2018-07-15 09:00,27.369
2018-07-15 09:15,27.669
2018-07-15 09:30,27.969
2018-07-15 09:45,28.269
2018-07-15 10:00,28.569
2018-07-15 10:15,29.133
2018-07-15 10:30,29.696
2018-07-15 10:45,30.259
2018-07-15 11:00,30.823
2018-07-15 11:15,31.296
2018-07-15 11:30,31.769
2018-07-15 11:45,32.242
2018-07-15 12:00,32.716
2018-07-15 12:15,32.996
2018-07-15 12:30,33.277
2018-07-15 12:45,33.558
2018-07-15 13:00,33.838
2018-07-15 13:15,34.246
2018-07-15 13:30,34.654
2018-07-15 13:45,35.062
2018-07-15 14:00,35.469
2018-07-15 14:15,35.634
2018-07-15 14:30,35.8
2018-07-15 14:45,35.966
2018-07-15 15:00,36.131
2018-07-15 15:15,36.333
2018-07-15 15:30,36.534
2018-07-15 15:45,36.737
2018-07-15 16:00,36.938
2018-07-15 16:15,36.948
2018-07-15 16:30,36.958
2018-07-15 16:45,36.967
2018-07-15 17:00,36.977
2018-07-15 17:15,36.867
2018-07-15 17:30,36.758
2018-07-15 17:45,36.648
2018-07-15 18:00,36.538
2018-07-15 18:15,36.416
2018-07-15 18:30,36.292
2018-07-15 18:45,36.169
2018-07-15 19:00,36.046
2018-07-15 19:15,35.85
2018-07-15 19:30,35.654
2018-07-15 19:45,35.458
2018-07-15 20:00,35.262
2018-07-15 20:15,34.75
2018-07-15 20:30,34.238
2018-07-15 20:45,33.727
2018-07-15 21:00,33.216
2018-07-15 21:15,33.031
2018-07-15 21:30,32.846
2018-07-15 21:45,32.662
2018-07-15 22:00,32.477
2018-07-15 22:15,32.321
2018-07-15 22:30,32.166
2018-07-15 22:45,32.009
2018-07-15 23:00,31.854
2018-07-15 23:15,31.583
2018-07-15 23:30,31.312
2018-07-15 23:45,31.041
2018-07-16 00:00,30.769
2018-07-16 00:15,30.373
2018-07-16 00:30,29.977
2018-07-16 00:45,29.581
2018-07-16 01:00,29.184
2018-07-16 01:15,29.137
2018-07-16 01:30,29.088
2018-07-16 01:45,29.041
2018-07-16 02:00,28.992
2018-07-16 02:15,28.741
2018-07-16 02:30,28.488
2018-07-16 02:45,28.237
2018-07-16 03:00,27.984
2018-07-16 03:15,27.896
2018-07-16 03:30,27.808
2018-07-16 03:45,27.719
2018-07-16 04:00,27.631
2018-07-16 04:15,27.467
2018-07-16 04:30,27.304
2018-07-16 04:45,27.141
2018-07-16 05:00,26.977
2018-07-16 05:15,26.744
2018-07-16 05:30,26.512
2018-07-16 05:45,26.279
2018-07-16 06:00,26.046
2018-07-16 06:15,26.027
2018-07-16 06:30,26.008
2018-07-16 06:45,25.988
2018-07-16 07:00,25.969
2018-07-16 07:15,26.048
2018-07-16 07:30,26.127
2018-07-16 07:45,26.206
2018-07-16 08:00,26.284
2018-07-16 08:15,26.537
2018-07-16 08:30,26.788
2018-07-16 08:45,27.041
2018-07-16 09:00,27.292
2018-07-16 09:15,27.65
2018-07-16 09:30,28.008
2018-07-16 09:45,28.366
2018-07-16 10:00,28.723
2018-07-16 10:15,29.275
2018-07-16 10:30,29.827
2018-07-16 10:45,30.379
2018-07-16 11:00,30.931
2018-07-16 11:15,31.271
2018-07-16 11:30,31.612
2018-07-16 11:45,31.952
2018-07-16 12:00,32.292
2018-07-16 12:15,32.688
2018-07-16 12:30,33.084
2018-07-16 12:45,33.481
2018-07-16 13:00,33.877
2018-07-16 13:15,34.146
2018-07-16 13:30,34.416
2018-07-16 13:45,34.684
2018-07-16 14:00,34.954
2018-07-16 14:15,35.227
2018-07-16 14:30,35.5
2018-07-16 14:45,35.773
2018-07-16 15:00,36.046
2018-07-16 15:15,36.221
2018-07-16 15:30,36.396
2018-07-16 15:45,36.571
2018-07-16 16:00,36.746
2018-07-16 16:15,36.813
2018-07-16 16:30,36.881
2018-07-16 16:45,36.948
2018-07-16 17:00,37.016
2018-07-16 17:15,37.044
2018-07-16 17:30,37.073
2018-07-16 17:45,37.102
2018-07-16 18:00,37.131
2018-07-16 18:15,37.092
2018-07-16 18:30,37.054
2018-07-16 18:45,37.016
2018-07-16 19:00,36.977
2018-07-16 19:15,36.713
2018-07-16 19:30,36.45
2018-07-16 19:45,36.187
2018-07-16 20:00,35.923
2018-07-16 20:15,35.517
2018-07-16 20:30,35.112
2018-07-16 20:45,34.706
2018-07-16 21:00,34.3
2018-07-16 21:15,33.981
2018-07-16 21:30,33.662
2018-07-16 21:45,33.342
2018-07-16 22:00,33.023
2018-07-16 22:15,32.877
2018-07-16 22:30,32.731
2018-07-16 22:45,32.584
2018-07-16 23:00,32.438
2018-07-16 23:15,32.167
2018-07-16 23:30,31.896
2018-07-16 23:45,31.625
2018-07-17 00:00,31.354
2018-07-17 00:15,31.169
2018-07-17 00:30,30.984
2018-07-17 00:45,30.8
2018-07-17 01:00,30.616
2018-07-17 01:15,30.287
2018-07-17 01:30,29.958
2018-07-17 01:45,29.629
2018-07-17 02:00,29.3
2018-07-17 02:15,29.038
2018-07-17 02:30,28.777
2018-07-17 02:45,28.516
2018-07-17 03:00,28.254
2018-07-17 03:15,28.031
2018-07-17 03:30,27.808
2018-07-17 03:45,27.584
2018-07-17 04:00,27.362
2018-07-17 04:15,27.023
2018-07-17 04:30,26.686
2018-07-17 04:45,26.347
2018-07-17 05:00,26.009
2018-07-17 05:15,25.98
2018-07-17 05:30,25.951
2018-07-17 05:45,25.922
2018-07-17 06:00,25.892
2018-07-17 06:15,25.504
2018-07-17 06:30,25.116
2018-07-17 06:45,24.727
2018-07-17 07:00,24.338
2018-07-17 07:15,24.583
2018-07-17 07:30,24.827
2018-07-17 07:45,25.071
2018-07-17 08:00,25.316
2018-07-17 08:15,25.838
2018-07-17 08:30,26.362
2018-07-17 08:45,26.884
2018-07-17 09:00,27.408
2018-07-17 09:15,28.058
2018-07-17 09:30,28.708
2018-07-17 09:45,29.358
2018-07-17 10:00,30.008
2018-07-17 10:15,30.541
2018-07-17 10:30,31.073
2018-07-17 10:45,31.606
2018-07-17 11:00,32.138
2018-07-17 11:15,32.642
2018-07-17 11:30,33.146
2018-07-17 11:45,33.65
2018-07-17 12:00,34.154
2018-07-17 12:15,34.559
2018-07-17 12:30,34.966
2018-07-17 12:45,35.371
2018-07-17 13:00,35.777
2018-07-17 13:15,36.09
2018-07-17 13:30,36.403
2018-07-17 13:45,36.716
2018-07-17 14:00,37.028
2018-07-17 14:15,37.234
2018-07-17 14:30,37.439
2018-07-17 14:45,37.644
2018-07-17 15:00,37.85
2018-07-17 15:15,37.932
2018-07-17 15:30,38.013
2018-07-17 15:45,38.095
2018-07-17 16:00,38.177
2018-07-17 16:15,38.304
2018-07-17 16:30,38.431
2018-07-17 16:45,38.558
2018-07-17 17:00,38.684
2018-07-17 17:15,38.616
2018-07-17 17:30,38.546
2018-07-17 17:45,38.477
2018-07-17 18:00,38.408
2018-07-17 18:15,38.341
2018-07-17 18:30,38.273
2018-07-17 18:45,38.206
2018-07-17 19:00,38.138
2018-07-17 19:15,37.887
2018-07-17 19:30,37.634
2018-07-17 19:45,37.383
2018-07-17 20:00,37.131
2018-07-17 20:15,36.459
2018-07-17 20:30,35.788
2018-07-17 20:45,35.117
2018-07-17 21:00,34.446
2018-07-17 21:15,34.184
2018-07-17 21:30,33.923
2018-07-17 21:45,33.662
2018-07-17 22:00,33.4
2018-07-17 22:15,33.238
2018-07-17 22:30,33.077
2018-07-17 22:45,32.916
2018-07-17 23:00,32.754
2018-07-17 23:15,32.567
2018-07-17 23:30,32.381
2018-07-17 23:45,32.194
2018-07-18 00:00,32.008
2018-07-18 00:15,31.787
2018-07-18 00:30,31.566
2018-07-18 00:45,31.344
2018-07-18 01:00,31.123
2018-07-18 01:15,30.725
2018-07-18 01:30,30.327
2018-07-18 01:45,29.929
2018-07-18 02:00,29.531
2018-07-18 02:15,29.269
2018-07-18 02:30,29.008
2018-07-18 02:45,28.746
2018-07-18 03:00,28.484
2018-07-18 03:15,28.359
2018-07-18 03:30,28.234
2018-07-18 03:45,28.109
2018-07-18 04:00,27.984
2018-07-18 04:15,27.742
2018-07-18 04:30,27.5
2018-07-18 04:45,27.258
2018-07-18 05:00,27.016
2018-07-18 05:15,26.987
2018-07-18 05:30,26.958
2018-07-18 05:45,26.929
2018-07-18 06:00,26.9
2018-07-18 06:15,26.579
2018-07-18 06:30,26.258
2018-07-18 06:45,25.937
2018-07-18 07:00,25.616
2018-07-18 07:15,25.569
2018-07-18 07:30,25.523
2018-07-18 07:45,25.477
2018-07-18 08:00,25.431
2018-07-18 08:15,25.8
2018-07-18 08:30,26.169
2018-07-18 08:45,26.538
2018-07-18 09:00,26.908
2018-07-18 09:15,27.625
2018-07-18 09:30,28.342
2018-07-18 09:45,29.059
2018-07-18 10:00,29.777
2018-07-18 10:15,30.523
2018-07-18 10:30,31.269
2018-07-18 10:45,32.016
2018-07-18 11:00,32.762
2018-07-18 11:15,33.284
2018-07-18 11:30,33.808
2018-07-18 11:45,34.331
2018-07-18 12:00,34.854
2018-07-18 12:15,35.375
2018-07-18 12:30,35.896
2018-07-18 12:45,36.417
2018-07-18 13:00,36.938
2018-07-18 13:15,37.248
2018-07-18 13:30,37.558
2018-07-18 13:45,37.867
2018-07-18 14:00,38.177
2018-07-18 14:15,38.217
2018-07-18 14:30,38.258
2018-07-18 14:45,38.298
2018-07-18 15:00,38.338
2018-07-18 15:15,38.471
2018-07-18 15:30,38.604
2018-07-18 15:45,38.737
2018-07-18 16:00,38.869
2018-07-18 16:15,39.102
2018-07-18 16:30,39.334
2018-07-18 16:45,39.567
2018-07-18 17:00,39.8
2018-07-18 17:15,39.666
2018-07-18 17:30,39.531
2018-07-18 17:45,39.396
2018-07-18 18:00,39.262
2018-07-18 18:15,39.194
2018-07-18 18:30,39.127
2018-07-18 18:45,39.059
2018-07-18 19:00,38.992
2018-07-18 19:15,38.613
2018-07-18 19:30,38.234
2018-07-18 19:45,37.856
2018-07-18 20:00,37.477
2018-07-18 20:15,37.216
2018-07-18 20:30,36.954
2018-07-18 20:45,36.692
2018-07-18 21:00,36.431
2018-07-18 21:15,36.188
2018-07-18 21:30,35.946
2018-07-18 21:45,35.704
2018-07-18 22:00,35.462
2018-07-18 22:15,35.113
2018-07-18 22:30,34.766
2018-07-18 22:45,34.417
2018-07-18 23:00,34.069
2018-07-18 23:15,33.767
2018-07-18 23:30,33.466
2018-07-18 23:45,33.163
2018-07-19 00:00,32.862
2018-07-19 00:15,32.591
2018-07-19 00:30,32.319
2018-07-19 00:45,32.048
2018-07-19 01:00,31.777
2018-07-19 01:15,31.556
2018-07-19 01:30,31.334
2018-07-19 01:45,31.113
2018-07-19 02:00,30.892
2018-07-19 02:15,30.6
2018-07-19 02:30,30.308
2018-07-19 02:45,30.016
2018-07-19 03:00,29.723
2018-07-19 03:15,29.541
2018-07-19 03:30,29.358
2018-07-19 03:45,29.175
2018-07-19 04:00,28.992
2018-07-19 04:15,28.741
2018-07-19 04:30,28.488
2018-07-19 04:45,28.237
2018-07-19 05:00,27.984
2018-07-19 05:15,27.858
2018-07-19 05:30,27.731
2018-07-19 05:45,27.604
2018-07-19 06:00,27.477
2018-07-19 06:15,27.362
2018-07-19 06:30,27.246
2018-07-19 06:45,27.131
2018-07-19 07:00,27.016
2018-07-19 07:15,27.123
2018-07-19 07:30,27.231
2018-07-19 07:45,27.338
2018-07-19 08:00,27.446
2018-07-19 08:15,27.796
2018-07-19 08:30,28.146
2018-07-19 08:45,28.496
2018-07-19 09:00,28.846
2018-07-19 09:15,29.534
2018-07-19 09:30,30.223
2018-07-19 09:45,30.912
2018-07-19 10:00,31.6
2018-07-19 10:15,32.258
2018-07-19 10:30,32.916
2018-07-19 10:45,33.573
2018-07-19 11:00,34.231
2018-07-19 11:15,34.754
2018-07-19 11:30,35.277
2018-07-19 11:45,35.8
2018-07-19 12:00,36.323
2018-07-19 12:15,36.721
2018-07-19 12:30,37.119
2018-07-19 12:45,37.517
2018-07-19 13:00,37.916
2018-07-19 13:15,38.294
2018-07-19 13:30,38.673
2018-07-19 13:45,39.052
2018-07-19 14:00,39.431
2018-07-19 14:15,39.662
2018-07-19 14:30,39.892
2018-07-19 14:45,40.123
2018-07-19 15:00,40.354
2018-07-19 15:15,40.508
2018-07-19 15:30,40.662
2018-07-19 15:45,40.816
2018-07-19 16:00,40.969
2018-07-19 16:15,40.969
2018-07-19 16:30,40.969
2018-07-19 16:45,40.969
2018-07-19 17:00,40.969
2018-07-19 17:15,40.969
2018-07-19 17:30,40.969
2018-07-19 17:45,40.969
2018-07-19 18:00,40.969
2018-07-19 18:15,40.938
2018-07-19 18:30,40.908
2018-07-19 18:45,40.877
2018-07-19 19:00,40.846
2018-07-19 19:15,40.333
2018-07-19 19:30,39.819
2018-07-19 19:45,39.306
2018-07-19 20:00,38.792
2018-07-19 20:15,38.434
2018-07-19 20:30,38.077
2018-07-19 20:45,37.719
2018-07-19 21:00,37.362
2018-07-19 21:15,37.071
2018-07-19 21:30,36.781
2018-07-19 21:45,36.491
2018-07-19 22:00,36.2
2018-07-19 22:15,35.812
2018-07-19 22:30,35.423
2018-07-19 22:45,35.034
2018-07-19 23:00,34.646
2018-07-19 23:15,34.346
2018-07-19 23:30,34.046
2018-07-19 23:45,33.746
2018-07-20 00:00,33.446
2018-07-20 00:15,33.137
2018-07-20 00:30,32.827
2018-07-20 00:45,32.517
2018-07-20 01:00,32.208
2018-07-20 01:15,31.937
2018-07-20 01:30,31.666
2018-07-20 01:45,31.394
2018-07-20 02:00,31.123
2018-07-20 02:15,30.773
2018-07-20 02:30,30.423
2018-07-20 02:45,30.073
2018-07-20 03:00,29.723
2018-07-20 03:15,29.521
2018-07-20 03:30,29.319
2018-07-20 03:45,29.117
2018-07-20 04:00,28.916
2018-07-20 04:15,28.683
2018-07-20 04:30,28.45
2018-07-20 04:45,28.217
2018-07-20 05:00,27.984
2018-07-20 05:15,27.683
2018-07-20 05:30,27.381
2018-07-20 05:45,27.079
2018-07-20 06:00,26.777
2018-07-20 06:15,26.525
2018-07-20 06:30,26.273
2018-07-20 06:45,26.021
2018-07-20 07:00,25.769
2018-07-20 07:15,25.966
2018-07-20 07:30,26.162
2018-07-20 07:45,26.358
2018-07-20 08:00,26.554
2018-07-20 08:15,27.108
2018-07-20 08:30,27.662
2018-07-20 08:45,28.216
2018-07-20 09:00,28.769
2018-07-20 09:15,29.602
2018-07-20 09:30,30.434
2018-07-20 09:45,31.267
2018-07-20 10:00,32.1
2018-07-20 10:15,32.633
2018-07-20 10:30,33.166
2018-07-20 10:45,33.698
2018-07-20 11:00,34.231
2018-07-20 11:15,34.667
2018-07-20 11:30,35.104
2018-07-20 11:45,35.541
2018-07-20 12:00,35.977
2018-07-20 12:15,36.354
2018-07-20 12:30,36.731
2018-07-20 12:45,37.108
2018-07-20 13:00,37.484
2018-07-20 13:15,37.871
2018-07-20 13:30,38.258
2018-07-20 13:45,38.644
2018-07-20 14:00,39.031
2018-07-20 14:15,39.284
2018-07-20 14:30,39.538
2018-07-20 14:45,39.792
2018-07-20 15:00,40.046
2018-07-20 15:15,40.266
2018-07-20 15:30,40.484
2018-07-20 15:45,40.704
2018-07-20 16:00,40.923
2018-07-20 16:15,40.983
2018-07-20 16:30,41.042
2018-07-20 16:45,41.102
2018-07-20 17:00,41.162
2018-07-20 17:15,41.113
2018-07-20 17:30,41.066
2018-07-20 17:45,41.017
2018-07-20 18:00,40.969
2018-07-20 18:15,40.754
2018-07-20 18:30,40.538
2018-07-20 18:45,40.323
2018-07-20 19:00,40.108
2018-07-20 19:15,39.741
2018-07-20 19:30,39.373
2018-07-20 19:45,39.006
2018-07-20 20:00,38.638
2018-07-20 20:15,38.113
2018-07-20 20:30,37.588
2018-07-20 20:45,37.063
2018-07-20 21:00,36.538
2018-07-20 21:15,36.154
2018-07-20 21:30,35.769
2018-07-20 21:45,35.384
2018-07-20 22:00,35.0
2018-07-20 22:15,34.65
2018-07-20 22:30,34.3
2018-07-20 22:45,33.95
2018-07-20 23:00,33.6
2018-07-20 23:15,33.271
2018-07-20 23:30,32.942
2018-07-20 23:45,32.613
2018-07-21 00:00,32.284
2018-07-21 00:15,32.062
2018-07-21 00:30,31.838
2018-07-21 00:45,31.616
2018-07-21 01:00,31.392
2018-07-21 01:15,31.042
2018-07-21 01:30,30.692
2018-07-21 01:45,30.342
2018-07-21 02:00,29.992
2018-07-21 02:15,29.459
2018-07-21 02:30,28.927
2018-07-21 02:45,28.394
2018-07-21 03:00,27.862
2018-07-21 03:15,27.484
2018-07-21 03:30,27.108
2018-07-21 03:45,26.731
2018-07-21 04:00,26.354
2018-07-21 04:15,26.162
2018-07-21 04:30,25.969
2018-07-21 04:45,25.777
2018-07-21 05:00,25.584
2018-07-21 05:15,25.369
2018-07-21 05:30,25.154
2018-07-21 05:45,24.938
2018-07-21 06:00,24.723
2018-07-21 06:15,24.588
2018-07-21 06:30,24.454
2018-07-21 06:45,24.319
2018-07-21 07:00,24.184
2018-07-21 07:15,24.188
2018-07-21 07:30,24.192
2018-07-21 07:45,24.196
2018-07-21 08:00,24.2
2018-07-21 08:15,24.916
2018-07-21 08:30,25.631
2018-07-21 08:45,26.346
2018-07-21 09:00,27.062
2018-07-21 09:15,27.887
2018-07-21 09:30,28.712
2018-07-21 09:45,29.537
2018-07-21 10:00,30.362
2018-07-21 10:15,31.156
2018-07-21 10:30,31.95
2018-07-21 10:45,32.744
2018-07-21 11:00,33.538
2018-07-21 11:15,34.187
2018-07-21 11:30,34.834
2018-07-21 11:45,35.483
2018-07-21 12:00,36.131
2018-07-21 12:15,36.566
2018-07-21 12:30,37.0
2018-07-21 12:45,37.434
2018-07-21 13:00,37.869
2018-07-21 13:15,38.159
2018-07-21 13:30,38.45
2018-07-21 13:45,38.741
2018-07-21 14:00,39.031
2018-07-21 14:15,39.381
2018-07-21 14:30,39.731
2018-07-21 14:45,40.081
2018-07-21 15:00,40.431
2018-07-21 15:15,40.594
2018-07-21 15:30,40.758
2018-07-21 15:45,40.921
2018-07-21 16:00,41.084
2018-07-21 16:15,41.104
2018-07-21 16:30,41.123
2018-07-21 16:45,41.142
2018-07-21 17:00,41.162
2018-07-21 17:15,41.142
2018-07-21 17:30,41.123
2018-07-21 17:45,41.104
2018-07-21 18:00,41.084
2018-07-21 18:15,41.006
2018-07-21 18:30,40.927
2018-07-21 18:45,40.848
2018-07-21 19:00,40.769
2018-07-21 19:15,40.266
2018-07-21 19:30,39.762
2018-07-21 19:45,39.258
2018-07-21 20:00,38.754
2018-07-21 20:15,38.106
2018-07-21 20:30,37.458
2018-07-21 20:45,36.809
2018-07-21 21:00,36.162
2018-07-21 21:15,35.929
2018-07-21 21:30,35.696
2018-07-21 21:45,35.463
2018-07-21 22:00,35.231
2018-07-21 22:15,34.941
2018-07-21 22:30,34.65
2018-07-21 22:45,34.359
2018-07-21 23:00,34.069
2018-07-21 23:15,33.817
2018-07-21 23:30,33.566
2018-07-21 23:45,33.313
2018-07-22 00:00,33.062
2018-07-22 00:15,32.906
2018-07-22 00:30,32.75
2018-07-22 00:45,32.594
2018-07-22 01:00,32.438
2018-07-22 01:15,32.041
2018-07-22 01:30,31.642
2018-07-22 01:45,31.244
2018-07-22 02:00,30.846
2018-07-22 02:15,30.371
2018-07-22 02:30,29.896
2018-07-22 02:45,29.421
2018-07-22 03:00,28.946
2018-07-22 03:15,28.667
2018-07-22 03:30,28.388
2018-07-22 03:45,28.109
2018-07-22 04:00,27.831
2018-07-22 04:15,27.617
2018-07-22 04:30,27.404
2018-07-22 04:45,27.191
2018-07-22 05:00,26.977
2018-07-22 05:15,26.754
2018-07-22 05:30,26.531
2018-07-22 05:45,26.308
2018-07-22 06:00,26.084
2018-07-22 06:15,25.863
2018-07-22 06:30,25.642
2018-07-22 06:45,25.421
2018-07-22 07:00,25.2
2018-07-22 07:15,25.491
2018-07-22 07:30,25.781
2018-07-22 07:45,26.071
2018-07-22 08:00,26.362
2018-07-22 08:15,26.894
2018-07-22 08:30,27.427
2018-07-22 08:45,27.959
2018-07-22 09:00,28.492
2018-07-22 09:15,29.219
2018-07-22 09:30,29.946
2018-07-22 09:45,30.673
2018-07-22 10:00,31.4
2018-07-22 10:15,31.954
2018-07-22 10:30,32.508
2018-07-22 10:45,33.062
2018-07-22 11:00,33.616
2018-07-22 11:15,34.273
2018-07-22 11:30,34.931
2018-07-22 11:45,35.588
2018-07-22 12:00,36.246
2018-07-22 12:15,36.594
2018-07-22 12:30,36.942
2018-07-22 12:45,37.291
2018-07-22 13:00,37.638
2018-07-22 13:15,37.948
2018-07-22 13:30,38.258
2018-07-22 13:45,38.567
2018-07-22 14:00,38.877
2018-07-22 14:15,39.284
2018-07-22 14:30,39.692
2018-07-22 14:45,40.1
2018-07-22 15:00,40.508
2018-07-22 15:15,40.709
2018-07-22 15:30,40.912
2018-07-22 15:45,41.113
2018-07-22 16:00,41.316
2018-07-22 16:15,41.404
2018-07-22 16:30,41.492
2018-07-22 16:45,41.581
2018-07-22 17:00,41.669
2018-07-22 17:15,41.746
2018-07-22 17:30,41.823
2018-07-22 17:45,41.9
2018-07-22 18:00,41.977
2018-07-22 18:15,41.831
2018-07-22 18:30,41.684
2018-07-22 18:45,41.538
2018-07-22 19:00,41.392
2018-07-22 19:15,41.042
2018-07-22 19:30,40.692
2018-07-22 19:45,40.342
2018-07-22 20:00,39.992
2018-07-22 20:15,39.198
2018-07-22 20:30,38.404
2018-07-22 20:45,37.609
2018-07-22 21:00,36.816
2018-07-22 21:15,36.498
2018-07-22 21:30,36.181
2018-07-22 21:45,35.863
2018-07-22 22:00,35.546
2018-07-22 22:15,35.563
2018-07-22 22:30,35.581
2018-07-22 22:45,35.598
2018-07-22 23:00,35.616
2018-07-22 23:15,35.238
2018-07-22 23:30,34.862
2018-07-22 23:45,34.484
2018-07-23 00:00,34.108
2018-07-23 00:15,33.942
2018-07-23 00:30,33.777
2018-07-23 00:45,33.612
2018-07-23 01:00,33.446
2018-07-23 01:15,33.029
2018-07-23 01:30,32.612
2018-07-23 01:45,32.194
2018-07-23 02:00,31.777
2018-07-23 02:15,31.7
2018-07-23 02:30,31.623
2018-07-23 02:45,31.546
2018-07-23 03:00,31.469
2018-07-23 03:15,31.344
2018-07-23 03:30,31.219
2018-07-23 03:45,31.094
2018-07-23 04:00,30.969
2018-07-23 04:15,30.912
2018-07-23 04:30,30.854
2018-07-23 04:45,30.796
2018-07-23 05:00,30.738
2018-07-23 05:15,30.554
2018-07-23 05:30,30.369
2018-07-23 05:45,30.184
2018-07-23 06:00,30.0
2018-07-23 06:15,29.854
2018-07-23 06:30,29.708
2018-07-23 06:45,29.562
2018-07-23 07:00,29.416
2018-07-23 07:15,29.388
2018-07-23 07:30,29.362
2018-07-23 07:45,29.334
2018-07-23 08:00,29.308
2018-07-23 08:15,29.713
2018-07-23 08:30,30.119
2018-07-23 08:45,30.525
2018-07-23 09:00,30.931
2018-07-23 09:15,31.271
2018-07-23 09:30,31.612
2018-07-23 09:45,31.952
2018-07-23 10:00,32.292
2018-07-23 10:15,32.631
2018-07-23 10:30,32.969
2018-07-23 10:45,33.308
2018-07-23 11:00,33.646
2018-07-23 11:15,34.083
2018-07-23 11:30,34.519
2018-07-23 11:45,34.956
2018-07-23 12:00,35.392
2018-07-23 12:15,35.946
2018-07-23 12:30,36.5
2018-07-23 12:45,37.054
2018-07-23 13:00,37.608
2018-07-23 13:15,37.741
2018-07-23 13:30,37.873
2018-07-23 13:45,38.006
2018-07-23 14:00,38.138
2018-07-23 14:15,38.187
2018-07-23 14:30,38.234
2018-07-23 14:45,38.283
2018-07-23 15:00,38.331
2018-07-23 15:15,38.273
2018-07-23 15:30,38.216
2018-07-23 15:45,38.158
2018-07-23 16:00,38.1
2018-07-23 16:15,37.791
2018-07-23 16:30,37.481
2018-07-23 16:45,37.171
2018-07-23 17:00,36.862
2018-07-23 17:15,36.742
2018-07-23 17:30,36.623
2018-07-23 17:45,36.504
2018-07-23 18:00,36.384
2018-07-23 18:15,36.058
2018-07-23 18:30,35.731
2018-07-23 18:45,35.404
2018-07-23 19:00,35.077
2018-07-23 19:15,34.717
2018-07-23 19:30,34.358
2018-07-23 19:45,33.998
2018-07-23 20:00,33.638
2018-07-23 20:15,33.319
2018-07-23 20:30,33.0
2018-07-23 20:45,32.681
2018-07-23 21:00,32.362
2018-07-23 21:15,32.1
2018-07-23 21:30,31.838
2018-07-23 21:45,31.577
2018-07-23 22:00,31.316
2018-07-23 22:15,31.141
2018-07-23 22:30,30.966
2018-07-23 22:45,30.791
2018-07-23 23:00,30.616
2018-07-23 23:15,30.277
2018-07-23 23:30,29.938
2018-07-23 23:45,29.6
2018-07-24 00:00,29.262
2018-07-24 00:15,29.087
2018-07-24 00:30,28.912
2018-07-24 00:45,28.737
2018-07-24 01:00,28.562
2018-07-24 01:15,28.321
2018-07-24 01:30,28.081
2018-07-24 01:45,27.841
2018-07-24 02:00,27.6
2018-07-24 02:15,27.444
2018-07-24 02:30,27.288
2018-07-24 02:45,27.133
2018-07-24 03:00,26.977
2018-07-24 03:15,26.888
2018-07-24 03:30,26.8
2018-07-24 03:45,26.712
2018-07-24 04:00,26.623
2018-07-24 04:15,26.421
2018-07-24 04:30,26.219
2018-07-24 04:45,26.017
2018-07-24 05:00,25.816
2018-07-24 05:15,25.466
2018-07-24 05:30,25.116
2018-07-24 05:45,24.766
2018-07-24 06:00,24.416
2018-07-24 06:15,24.309
2018-07-24 06:30,24.204
2018-07-24 06:45,24.098
2018-07-24 07:00,23.992
2018-07-24 07:15,24.141
2018-07-24 07:30,24.288
2018-07-24 07:45,24.437
2018-07-24 08:00,24.584
2018-07-24 08:15,25.134
2018-07-24 08:30,25.684
2018-07-24 08:45,26.234
2018-07-24 09:00,26.784
2018-07-24 09:15,27.281
2018-07-24 09:30,27.777
2018-07-24 09:45,28.273
2018-07-24 10:00,28.769
2018-07-24 10:15,29.271
2018-07-24 10:30,29.773
2018-07-24 10:45,30.275
2018-07-24 11:00,30.777
2018-07-24 11:15,31.048
2018-07-24 11:30,31.319
2018-07-24 11:45,31.591
2018-07-24 12:00,31.862
2018-07-24 12:15,32.075
2018-07-24 12:30,32.288
2018-07-24 12:45,32.502
2018-07-24 13:00,32.716
2018-07-24 13:15,32.958
2018-07-24 13:30,33.2
2018-07-24 13:45,33.442
2018-07-24 14:00,33.684
2018-07-24 14:15,33.821
2018-07-24 14:30,33.958
2018-07-24 14:45,34.094
2018-07-24 15:00,34.231
2018-07-24 15:15,34.396
2018-07-24 15:30,34.562
2018-07-24 15:45,34.727
2018-07-24 16:00,34.892
2018-07-24 16:15,35.016
2018-07-24 16:30,35.138
2018-07-24 16:45,35.262
2018-07-24 17:00,35.384
2018-07-24 17:15,35.269
2018-07-24 17:30,35.154
2018-07-24 17:45,35.038
2018-07-24 18:00,34.923
2018-07-24 18:15,34.816
2018-07-24 18:30,34.708
2018-07-24 18:45,34.6
2018-07-24 19:00,34.492
2018-07-24 19:15,34.298
2018-07-24 19:30,34.104
2018-07-24 19:45,33.909
2018-07-24 20:00,33.716
2018-07-24 20:15,33.425
2018-07-24 20:30,33.134
2018-07-24 20:45,32.844
2018-07-24 21:00,32.554
2018-07-24 21:15,32.313
2018-07-24 21:30,32.073
2018-07-24 21:45,31.833
2018-07-24 22:00,31.592
2018-07-24 22:15,31.437
2018-07-24 22:30,31.281
2018-07-24 22:45,31.125
2018-07-24 23:00,30.969
2018-07-24 23:15,30.804
2018-07-24 23:30,30.638
2018-07-24 23:45,30.473
2018-07-25 00:00,30.308
2018-07-25 00:15,29.967
2018-07-25 00:30,29.627
2018-07-25 00:45,29.287
2018-07-25 01:00,28.946
2018-07-25 01:15,28.706
2018-07-25 01:30,28.466
2018-07-25 01:45,28.225
2018-07-25 02:00,27.984
2018-07-25 02:15,27.791
2018-07-25 02:30,27.596
2018-07-25 02:45,27.402
2018-07-25 03:00,27.208
2018-07-25 03:15,26.984
2018-07-25 03:30,26.762
2018-07-25 03:45,26.538
2018-07-25 04:00,26.316
2018-07-25 04:15,26.229
2018-07-25 04:30,26.142
2018-07-25 04:45,26.056
2018-07-25 05:00,25.969
2018-07-25 05:15,25.609
2018-07-25 05:30,25.25
2018-07-25 05:45,24.891
2018-07-25 06:00,24.531
2018-07-25 06:15,24.338
2018-07-25 06:30,24.146
2018-07-25 06:45,23.954
2018-07-25 07:00,23.762
2018-07-25 07:15,23.929
2018-07-25 07:30,24.096
2018-07-25 07:45,24.263
2018-07-25 08:00,24.431
2018-07-25 08:15,25.137
2018-07-25 08:30,25.842
2018-07-25 08:45,26.548
2018-07-25 09:00,27.254
2018-07-25 09:15,27.748
2018-07-25 09:30,28.242
2018-07-25 09:45,28.737
2018-07-25 10:00,29.231
2018-07-25 10:15,29.802
2018-07-25 10:30,30.373
2018-07-25 10:45,30.944
2018-07-25 11:00,31.516
2018-07-25 11:15,31.796
2018-07-25 11:30,32.077
2018-07-25 11:45,32.358
2018-07-25 12:00,32.638
2018-07-25 12:15,32.862
2018-07-25 12:30,33.084
2018-07-25 12:45,33.308
2018-07-25 13:00,33.531
2018-07-25 13:15,33.752
2018-07-25 13:30,33.973
2018-07-25 13:45,34.194
2018-07-25 14:00,34.416
2018-07-25 14:15,34.794
2018-07-25 14:30,35.173
2018-07-25 14:45,35.552
2018-07-25 15:00,35.931
2018-07-25 15:15,35.969
2018-07-25 15:30,36.008
2018-07-25 15:45,36.046
2018-07-25 16:00,36.084
2018-07-25 16:15,36.288
2018-07-25 16:30,36.492
2018-07-25 16:45,36.696
2018-07-25 17:00,36.9
2018-07-25 17:15,36.862
2018-07-25 17:30,36.823
2018-07-25 17:45,36.784
2018-07-25 18:00,36.746
2018-07-25 18:15,36.619
2018-07-25 18:30,36.492
2018-07-25 18:45,36.366
2018-07-25 19:00,36.238
2018-07-25 19:15,35.987
2018-07-25 19:30,35.734
2018-07-25 19:45,35.483
2018-07-25 20:00,35.231
2018-07-25 20:15,34.823
2018-07-25 20:30,34.416
2018-07-25 20:45,34.008
2018-07-25 21:00,33.6
2018-07-25 21:15,33.125
2018-07-25 21:30,32.65
2018-07-25 21:45,32.175
2018-07-25 22:00,31.7
2018-07-25 22:15,31.517
2018-07-25 22:30,31.334
2018-07-25 22:45,31.152
2018-07-25 23:00,30.969
2018-07-25 23:15,30.568
2018-07-25 23:30,30.168
2018-07-25 23:45,29.767
2018-07-26 00:00,29.367
2018-07-26 00:15,29.166
2018-07-26 00:30,28.964
2018-07-26 00:45,28.763
2018-07-26 01:00,28.562
2018-07-26 01:15,28.341
2018-07-26 01:30,28.119
2018-07-26 01:45,27.898
2018-07-26 02:00,27.677
2018-07-26 02:15,27.463
2018-07-26 02:30,27.25
2018-07-26 02:45,27.037
2018-07-26 03:00,26.823
2018-07-26 03:15,26.638
2018-07-26 03:30,26.454
2018-07-26 03:45,26.269
2018-07-26 04:00,26.084
2018-07-26 04:15,26.248
2018-07-26 04:30,26.412
2018-07-26 04:45,26.575
2018-07-26 05:00,26.738
2018-07-26 05:15,26.537
2018-07-26 05:30,26.334
2018-07-26 05:45,26.133
2018-07-26 06:00,25.931
2018-07-26 06:15,25.687
2018-07-26 06:30,25.442
2018-07-26 06:45,25.198
2018-07-26 07:00,24.954
2018-07-26 07:15,24.909
2018-07-26 07:30,24.866
2018-07-26 07:45,24.821
2018-07-26 08:00,24.777
2018-07-26 08:15,25.454
2018-07-26 08:30,26.131
2018-07-26 08:45,26.808
2018-07-26 09:00,27.484
2018-07-26 09:15,28.088
2018-07-26 09:30,28.692
2018-07-26 09:45,29.296
2018-07-26 10:00,29.9
2018-07-26 10:15,30.808
2018-07-26 10:30,31.716
2018-07-26 10:45,32.623
2018-07-26 11:00,33.531
2018-07-26 11:15,33.909
2018-07-26 11:30,34.288
2018-07-26 11:45,34.667
2018-07-26 12:00,35.046
2018-07-26 12:15,35.366
2018-07-26 12:30,35.684
2018-07-26 12:45,36.004
2018-07-26 13:00,36.323
2018-07-26 13:15,36.508
2018-07-26 13:30,36.692
2018-07-26 13:45,36.877
2018-07-26 14:00,37.062
2018-07-26 14:15,37.166
2018-07-26 14:30,37.269
2018-07-26 14:45,37.373
2018-07-26 15:00,37.477
2018-07-26 15:15,37.459
2018-07-26 15:30,37.442
2018-07-26 15:45,37.425
2018-07-26 16:00,37.408
2018-07-26 16:15,37.502
2018-07-26 16:30,37.596
2018-07-26 16:45,37.691
2018-07-26 17:00,37.784
2018-07-26 17:15,37.834
2018-07-26 17:30,37.884
2018-07-26 17:45,37.934
2018-07-26 18:00,37.984
2018-07-26 18:15,37.791
2018-07-26 18:30,37.596
2018-07-26 18:45,37.402
2018-07-26 19:00,37.208
2018-07-26 19:15,36.887
2018-07-26 19:30,36.566
2018-07-26 19:45,36.244
2018-07-26 20:00,35.923
2018-07-26 20:15,35.7
2018-07-26 20:30,35.477
2018-07-26 20:45,35.254
2018-07-26 21:00,35.031
2018-07-26 21:15,34.392
2018-07-26 21:30,33.754
2018-07-26 21:45,33.116
2018-07-26 22:00,32.477
2018-07-26 22:15,32.277
2018-07-26 22:30,32.076
2018-07-26 22:45,31.876
2018-07-26 23:00,31.675
2018-07-26 23:15,31.429
2018-07-26 23:30,31.184
2018-07-26 23:45,30.938
2018-07-27 00:00,30.692
2018-07-27 00:15,30.462
2018-07-27 00:30,30.231
2018-07-27 00:45,30.0
2018-07-27 01:00,29.769
2018-07-27 01:15,29.808
2018-07-27 01:30,29.846
2018-07-27 01:45,29.884
2018-07-27 02:00,29.923
2018-07-27 02:15,29.846
2018-07-27 02:30,29.769
2018-07-27 02:45,29.692
2018-07-27 03:00,29.616
2018-07-27 03:15,29.712
2018-07-27 03:30,29.808
2018-07-27 03:45,29.904
2018-07-27 04:00,30.0
2018-07-27 04:15,29.825
2018-07-27 04:30,29.65
2018-07-27 04:45,29.475
2018-07-27 05:00,29.3
2018-07-27 05:15,29.233
2018-07-27 05:30,29.166
2018-07-27 05:45,29.098
2018-07-27 06:00,29.031
2018-07-27 06:15,29.021
2018-07-27 06:30,29.011
2018-07-27 06:45,29.002
2018-07-27 07:00,28.992
2018-07-27 07:15,28.958
2018-07-27 07:30,28.925
2018-07-27 07:45,28.892
2018-07-27 08:00,28.858
2018-07-27 08:15,28.863
2018-07-27 08:30,28.868
2018-07-27 08:45,28.872
2018-07-27 09:00,28.877
2018-07-27 09:15,29.217
2018-07-27 09:30,29.558
2018-07-27 09:45,29.898
2018-07-27 10:00,30.238
2018-07-27 10:15,30.644
2018-07-27 10:30,31.05
2018-07-27 10:45,31.456
2018-07-27 11:00,31.862
2018-07-27 11:15,32.056
2018-07-27 11:30,32.25
2018-07-27 11:45,32.444
2018-07-27 12:00,32.638
2018-07-27 12:15,32.725
2018-07-27 12:30,32.812
2018-07-27 12:45,32.898
2018-07-27 13:00,32.984
2018-07-27 13:15,33.238
2018-07-27 13:30,33.492
2018-07-27 13:45,33.746
2018-07-27 14:00,34.0
2018-07-27 14:15,34.027
2018-07-27 14:30,34.054
2018-07-27 14:45,34.081
2018-07-27 15:00,34.108
2018-07-27 15:15,34.342
2018-07-27 15:30,34.577
2018-07-27 15:45,34.812
2018-07-27 16:00,35.046
2018-07-27 16:15,35.034
2018-07-27 16:30,35.023
2018-07-27 16:45,35.012
2018-07-27 17:00,35.0
2018-07-27 17:15,34.834
2018-07-27 17:30,34.669
2018-07-27 17:45,34.504
2018-07-27 18:00,34.338
2018-07-27 18:15,34.231
2018-07-27 18:30,34.123
2018-07-27 18:45,34.016
2018-07-27 19:00,33.908
2018-07-27 19:15,33.698
2018-07-27 19:30,33.488
2018-07-27 19:45,33.277
2018-07-27 20:00,33.067
2018-07-27 20:15,32.898
2018-07-27 20:30,32.729
2018-07-27 20:45,32.561
2018-07-27 21:00,32.392
2018-07-27 21:15,32.088
2018-07-27 21:30,31.783
2018-07-27 21:45,31.479
2018-07-27 22:00,31.175
2018-07-27 22:15,31.133
2018-07-27 22:30,31.091
2018-07-27 22:45,31.049
2018-07-27 23:00,31.008
2018-07-27 23:15,30.997
2018-07-27 23:30,30.987
2018-07-27 23:45,30.977
2018-07-28 00:00,30.967
2018-07-28 00:15,30.694
2018-07-28 00:30,30.422
2018-07-28 00:45,30.149
2018-07-28 01:00,29.877
2018-07-28 01:15,29.874
2018-07-28 01:30,29.872
2018-07-28 01:45,29.869
2018-07-28 02:00,29.867
2018-07-28 02:15,29.543
2018-07-28 02:30,29.219
2018-07-28 02:45,28.896
2018-07-28 03:00,28.573
2018-07-28 03:15,28.426
2018-07-28 03:30,28.279
2018-07-28 03:45,28.132
2018-07-28 04:00,27.984
2018-07-28 04:15,27.871
2018-07-28 04:30,27.756
2018-07-28 04:45,27.642
2018-07-28 05:00,27.527
2018-07-28 05:15,27.516
2018-07-28 05:30,27.506
2018-07-28 05:45,27.494
2018-07-28 06:00,27.483
2018-07-28 06:15,27.356
2018-07-28 06:30,27.229
2018-07-28 06:45,27.102
2018-07-28 07:00,26.975
2018-07-28 07:15,26.412
2018-07-28 07:30,25.849
2018-07-28 07:45,25.286
2018-07-28 08:00,24.723
2018-07-28 08:15,24.994
2018-07-28 08:30,25.266
2018-07-28 08:45,25.537
2018-07-28 09:00,25.808
2018-07-28 09:15,26.388
2018-07-28 09:30,26.968
2018-07-28 09:45,27.548
2018-07-28 10:00,28.127
2018-07-28 10:15,28.859
2018-07-28 10:30,29.591
2018-07-28 10:45,30.322
2018-07-28 11:00,31.054
2018-07-28 11:15,31.421
2018-07-28 11:30,31.788
2018-07-28 11:45,32.156
2018-07-28 12:00,32.523
2018-07-28 12:15,32.807
2018-07-28 12:30,33.091
2018-07-28 12:45,33.374
2018-07-28 13:00,33.658
2018-07-28 13:15,33.971
2018-07-28 13:30,34.284
2018-07-28 13:45,34.597
2018-07-28 14:00,34.909
2018-07-28 14:15,35.213
2018-07-28 14:30,35.516
2018-07-28 14:45,35.819
2018-07-28 15:00,36.123
2018-07-28 15:15,36.231
2018-07-28 15:30,36.338
2018-07-28 15:45,36.446
2018-07-28 16:00,36.554
2018-07-28 16:15,36.669
2018-07-28 16:30,36.785
2018-07-28 16:45,36.901
2018-07-28 17:00,37.017
2018-07-28 17:15,36.869
2018-07-28 17:30,36.721
2018-07-28 17:45,36.573
2018-07-28 18:00,36.425
2018-07-28 18:15,36.311
2018-07-28 18:30,36.197
2018-07-28 18:45,36.083
2018-07-28 19:00,35.969
2018-07-28 19:15,35.818
2018-07-28 19:30,35.667
2018-07-28 19:45,35.515
2018-07-28 20:00,35.364
2018-07-28 20:15,35.083
2018-07-28 20:30,34.803
2018-07-28 20:45,34.522
2018-07-28 21:00,34.242
2018-07-28 21:15,33.611
2018-07-28 21:30,32.979
2018-07-28 21:45,32.348
2018-07-28 22:00,31.717
2018-07-28 22:15,31.528
2018-07-28 22:30,31.34
2018-07-28 22:45,31.152
2018-07-28 23:00,30.964
2018-07-28 23:15,30.889
2018-07-28 23:30,30.815
2018-07-28 23:45,30.741
2018-07-29 00:00,30.667
2018-07-29 00:15,30.35
2018-07-29 00:30,30.033
2018-07-29 00:45,29.717
2018-07-29 01:00,29.4
2018-07-29 01:15,29.298
2018-07-29 01:30,29.196
2018-07-29 01:45,29.094
2018-07-29 02:00,28.992
2018-07-29 02:15,28.74
2018-07-29 02:30,28.488
2018-07-29 02:45,28.236
2018-07-29 03:00,27.984
2018-07-29 03:15,27.887
2018-07-29 03:30,27.788
2018-07-29 03:45,27.691
2018-07-29 04:00,27.592
2018-07-29 04:15,27.448
2018-07-29 04:30,27.304
2018-07-29 04:45,27.159
2018-07-29 05:00,27.016
2018-07-29 05:15,26.898
2018-07-29 05:30,26.781
2018-07-29 05:45,26.663
2018-07-29 06:00,26.546
2018-07-29 06:15,26.339
2018-07-29 06:30,26.132
2018-07-29 06:45,25.924
2018-07-29 07:00,25.717
2018-07-29 07:15,25.727
2018-07-29 07:30,25.738
2018-07-29 07:45,25.748
2018-07-29 08:00,25.758
2018-07-29 08:15,26.117
2018-07-29 08:30,26.475
2018-07-29 08:45,26.833
2018-07-29 09:00,27.192
2018-07-29 09:15,27.927
2018-07-29 09:30,28.661
2018-07-29 09:45,29.396
2018-07-29 10:00,30.131
2018-07-29 10:15,30.788
2018-07-29 10:30,31.446
2018-07-29 10:45,32.104
2018-07-29 11:00,32.762
2018-07-29 11:15,32.934
2018-07-29 11:30,33.108
2018-07-29 11:45,33.281
2018-07-29 12:00,33.454
2018-07-29 12:15,33.356
2018-07-29 12:30,33.258
2018-07-29 12:45,33.159
2018-07-29 13:00,33.062
2018-07-29 13:15,33.112
2018-07-29 13:30,33.162
2018-07-29 13:45,33.212
2018-07-29 14:00,33.262
2018-07-29 14:15,33.542
2018-07-29 14:30,33.822
2018-07-29 14:45,34.103
2018-07-29 15:00,34.383
2018-07-29 15:15,34.717
2018-07-29 15:30,35.05
2018-07-29 15:45,35.383
2018-07-29 16:00,35.717
2018-07-29 16:15,36.013
2018-07-29 16:30,36.308
2018-07-29 16:45,36.604
2018-07-29 17:00,36.9
2018-07-29 17:15,36.919
2018-07-29 17:30,36.938
2018-07-29 17:45,36.958
2018-07-29 18:00,36.977
2018-07-29 18:15,36.977
2018-07-29 18:30,36.977
2018-07-29 18:45,36.977
2018-07-29 19:00,36.977
2018-07-29 19:15,36.821
2018-07-29 19:30,36.666
2018-07-29 19:45,36.509
2018-07-29 20:00,36.354
2018-07-29 20:15,36.002
2018-07-29 20:30,35.649
2018-07-29 20:45,35.298
2018-07-29 21:00,34.946
2018-07-29 21:15,34.632
2018-07-29 21:30,34.318
2018-07-29 21:45,34.005
2018-07-29 22:00,33.692
2018-07-29 22:15,33.461
2018-07-29 22:30,33.229
2018-07-29 22:45,32.998
2018-07-29 23:00,32.767
2018-07-29 23:15,32.569
2018-07-29 23:30,32.371
2018-07-29 23:45,32.173
2018-07-30 00:00,31.975
2018-07-30 00:15,31.743
2018-07-30 00:30,31.511
2018-07-30 00:45,31.278
2018-07-30 01:00,31.046
2018-07-30 01:15,30.716
2018-07-30 01:30,30.384
2018-07-30 01:45,30.054
2018-07-30 02:00,29.723
2018-07-30 02:15,29.433
2018-07-30 02:30,29.142
2018-07-30 02:45,28.852
2018-07-30 03:00,28.562
2018-07-30 03:15,28.417
2018-07-30 03:30,28.272
2018-07-30 03:45,28.128
2018-07-30 04:00,27.983
2018-07-30 04:15,27.783
2018-07-30 04:30,27.583
2018-07-30 04:45,27.383
2018-07-30 05:00,27.183
2018-07-30 05:15,27.111
2018-07-30 05:30,27.037
2018-07-30 05:45,26.964
2018-07-30 06:00,26.892
2018-07-30 06:15,26.723
2018-07-30 06:30,26.554
2018-07-30 06:45,26.386
2018-07-30 07:00,26.217
2018-07-30 07:15,25.628
2018-07-30 07:30,25.039
2018-07-30 07:45,24.451
2018-07-30 08:00,23.862
2018-07-30 08:15,23.401
2018-07-30 08:30,22.939
2018-07-30 08:45,22.478
2018-07-30 09:00,22.017
2018-07-30 09:15,22.17
2018-07-30 09:30,22.324
2018-07-30 09:45,22.477
2018-07-30 10:00,22.631
2018-07-30 10:15,22.418
2018-07-30 10:30,22.204
2018-07-30 10:45,21.991
2018-07-30 11:00,21.778
2018-07-30 11:15,21.738
2018-07-30 11:30,21.699
2018-07-30 11:45,21.659
2018-07-30 12:00,21.62
2018-07-30 12:15,21.82
2018-07-30 12:30,22.02
2018-07-30 12:45,22.22
2018-07-30 13:00,22.42
2018-07-30 13:15,22.982
2018-07-30 13:30,23.543
2018-07-30 13:45,24.105
2018-07-30 14:00,24.667
2018-07-30 14:15,25.546
2018-07-30 14:30,26.426
2018-07-30 14:45,27.305
2018-07-30 15:00,28.184
2018-07-30 15:15,28.941
2018-07-30 15:30,29.696
2018-07-30 15:45,30.452
2018-07-30 16:00,31.208
2018-07-30 16:15,31.342
2018-07-30 16:30,31.477
2018-07-30 16:45,31.612
2018-07-30 17:00,31.746
2018-07-30 17:15,31.804
2018-07-30 17:30,31.862
2018-07-30 17:45,31.919
2018-07-30 18:00,31.977
2018-07-30 18:15,31.977
2018-07-30 18:30,31.977
2018-07-30 18:45,31.977
2018-07-30 19:00,31.977
2018-07-30 19:15,31.869
2018-07-30 19:30,31.762
2018-07-30 19:45,31.654
2018-07-30 20:00,31.546
2018-07-30 20:15,31.275
2018-07-30 20:30,31.004
2018-07-30 20:45,30.733
2018-07-30 21:00,30.462
2018-07-30 21:15,30.075
2018-07-30 21:30,29.688
2018-07-30 21:45,29.302
2018-07-30 22:00,28.916
2018-07-30 22:15,28.741
2018-07-30 22:30,28.566
2018-07-30 22:45,28.391
2018-07-30 23:00,28.216
2018-07-30 23:15,28.158
2018-07-30 23:30,28.1
2018-07-30 23:45,28.042
2018-07-31 00:00,27.984
2018-07-31 00:15,27.742
2018-07-31 00:30,27.5
2018-07-31 00:45,27.258
2018-07-31 01:00,27.016
2018-07-31 01:15,26.956
2018-07-31 01:30,26.896
2018-07-31 01:45,26.837
2018-07-31 02:00,26.777
2018-07-31 02:15,26.429
2018-07-31 02:30,26.081
2018-07-31 02:45,25.733
2018-07-31 03:00,25.384
2018-07-31 03:15,25.037
2018-07-31 03:30,24.688
2018-07-31 03:45,24.341
2018-07-31 04:00,23.992
2018-07-31 04:15,23.798
2018-07-31 04:30,23.604
2018-07-31 04:45,23.409
2018-07-31 05:00,23.216
2018-07-31 05:15,22.983
2018-07-31 05:30,22.75
2018-07-31 05:45,22.517
2018-07-31 06:00,22.284
2018-07-31 06:15,22.023
2018-07-31 06:30,21.762
2018-07-31 06:45,21.5
2018-07-31 07:00,21.238
2018-07-31 07:15,21.269
2018-07-31 07:30,21.3
2018-07-31 07:45,21.331
2018-07-31 08:00,21.362
2018-07-31 08:15,21.662
2018-07-31 08:30,21.962
2018-07-31 08:45,22.262
2018-07-31 09:00,22.562
2018-07-31 09:15,23.067
2018-07-31 09:30,23.573
2018-07-31 09:45,24.079
2018-07-31 10:00,24.584
2018-07-31 10:15,25.134
2018-07-31 10:30,25.684
2018-07-31 10:45,26.234
2018-07-31 11:00,26.784
2018-07-31 11:15,27.281
2018-07-31 11:30,27.777
2018-07-31 11:45,28.273
2018-07-31 12:00,28.769
2018-07-31 12:15,29.204
2018-07-31 12:30,29.638
2018-07-31 12:45,30.073
2018-07-31 13:00,30.508
2018-07-31 13:15,30.741
2018-07-31 13:30,30.973
2018-07-31 13:45,31.206
2018-07-31 14:00,31.438
2018-07-31 14:15,31.594
2018-07-31 14:30,31.75
2018-07-31 14:45,31.906
2018-07-31 15:00,32.062
2018-07-31 15:15,32.234
2018-07-31 15:30,32.408
2018-07-31 15:45,32.581
2018-07-31 16:00,32.754
2018-07-31 16:15,32.598
2018-07-31 16:30,32.442
2018-07-31 16:45,32.287
2018-07-31 17:00,32.131
2018-07-31 17:15,31.966
2018-07-31 17:30,31.8
2018-07-31 17:45,31.634
2018-07-31 18:00,31.469
2018-07-31 18:15,31.459
2018-07-31 18:30,31.45
2018-07-31 18:45,31.441
2018-07-31 19:00,31.431
2018-07-31 19:15,31.023
2018-07-31 19:30,30.616
2018-07-31 19:45,30.208
2018-07-31 20:00,29.8
2018-07-31 20:15,29.354
2018-07-31 20:30,28.908
2018-07-31 20:45,28.462
2018-07-31 21:00,28.016
2018-07-31 21:15,27.725
2018-07-31 21:30,27.434
2018-07-31 21:45,27.144
2018-07-31 22:00,26.854
2018-07-31 22:15,26.544
2018-07-31 22:30,26.234
2018-07-31 22:45,25.925
2018-07-31 23:00,25.616
2018-07-31 23:15,25.248
2018-07-31 23:30,24.881
2018-07-31 23:45,24.513
2018-08-01 00:00,24.146
2018-08-01 00:15,23.923
2018-08-01 00:30,23.7
2018-08-01 00:45,23.477
2018-08-01 01:00,23.254
2018-08-01 01:15,23.129
2018-08-01 01:30,23.004
2018-08-01 01:45,22.879
2018-08-01 02:00,22.754
2018-08-01 02:15,22.384
2018-08-01 02:30,22.016
2018-08-01 02:45,21.646
2018-08-01 03:00,21.277
2018-08-01 03:15,21.073
2018-08-01 03:30,20.869
2018-08-01 03:45,20.666
2018-08-01 04:00,20.462
2018-08-01 04:15,20.192
2018-08-01 04:30,19.923
2018-08-01 04:45,19.654
2018-08-01 05:00,19.384
2018-08-01 05:15,19.334
2018-08-01 05:30,19.284
2018-08-01 05:45,19.234
2018-08-01 06:00,19.184
2018-08-01 06:15,19.117
2018-08-01 06:30,19.05
2018-08-01 06:45,18.983
2018-08-01 07:00,18.916
2018-08-01 07:15,19.092
2018-08-01 07:30,19.269
2018-08-01 07:45,19.446
2018-08-01 08:00,19.623
2018-08-01 08:15,20.659
2018-08-01 08:30,21.696
2018-08-01 08:45,22.733
2018-08-01 09:00,23.769
2018-08-01 09:15,24.321
2018-08-01 09:30,24.873
2018-08-01 09:45,25.425
2018-08-01 10:00,25.977
2018-08-01 10:15,26.481
2018-08-01 10:30,26.984
2018-08-01 10:45,27.488
2018-08-01 11:00,27.992
2018-08-01 11:15,28.291
2018-08-01 11:30,28.588
2018-08-01 11:45,28.887
2018-08-01 12:00,29.184
2018-08-01 12:15,29.477
2018-08-01 12:30,29.769
2018-08-01 12:45,30.062
2018-08-01 13:00,30.354
2018-08-01 13:15,30.663
2018-08-01 13:30,30.973
2018-08-01 13:45,31.283
2018-08-01 14:00,31.592
2018-08-01 14:15,31.748
2018-08-01 14:30,31.904
2018-08-01 14:45,32.059
2018-08-01 15:00,32.216
2018-08-01 15:15,32.417
2018-08-01 15:30,32.619
2018-08-01 15:45,32.821
2018-08-01 16:00,33.023
2018-08-01 16:15,33.121
2018-08-01 16:30,33.219
2018-08-01 16:45,33.317
2018-08-01 17:00,33.416
2018-08-01 17:15,33.394
2018-08-01 17:30,33.373
2018-08-01 17:45,33.352
2018-08-01 18:00,33.331
2018-08-01 18:15,33.213
2018-08-01 18:30,33.096
2018-08-01 18:45,32.979
2018-08-01 19:00,32.862
2018-08-01 19:15,32.609
2018-08-01 19:30,32.358
2018-08-01 19:45,32.106
2018-08-01 20:00,31.854
2018-08-01 20:15,31.525
2018-08-01 20:30,31.196
2018-08-01 20:45,30.867
2018-08-01 21:00,30.538
2018-08-01 21:15,30.171
2018-08-01 21:30,29.804
2018-08-01 21:45,29.437
2018-08-01 22:00,29.069
2018-08-01 22:15,28.767
2018-08-01 22:30,28.466
2018-08-01 22:45,28.163
2018-08-01 23:00,27.862
2018-08-01 23:15,27.679
2018-08-01 23:30,27.496
2018-08-01 23:45,27.313
2018-08-02 00:00,27.131
2018-08-02 00:15,26.984
2018-08-02 00:30,26.838
2018-08-02 00:45,26.692
2018-08-02 01:00,26.546
2018-08-02 01:15,26.412
2018-08-02 01:30,26.277
2018-08-02 01:45,26.142
2018-08-02 02:00,26.008
2018-08-02 02:15,25.725
2018-08-02 02:30,25.442
2018-08-02 02:45,25.159
2018-08-02 03:00,24.877
2018-08-02 03:15,24.548
2018-08-02 03:30,24.219
2018-08-02 03:45,23.891
2018-08-02 04:00,23.562
2018-08-02 04:15,23.427
2018-08-02 04:30,23.292
2018-08-02 04:45,23.158
2018-08-02 05:00,23.023
2018-08-02 05:15,23.042
2018-08-02 05:30,23.062
2018-08-02 05:45,23.081
2018-08-02 06:00,23.1
2018-08-02 06:15,23.131
2018-08-02 06:30,23.162
2018-08-02 06:45,23.192
2018-08-02 07:00,23.223
2018-08-02 07:15,23.387
2018-08-02 07:30,23.55
2018-08-02 07:45,23.713
2018-08-02 08:00,23.877
2018-08-02 08:15,23.867
2018-08-02 08:30,23.858
2018-08-02 08:45,23.848
2018-08-02 09:00,23.838
2018-08-02 09:15,24.208
2018-08-02 09:30,24.577
2018-08-02 09:45,24.946
2018-08-02 10:00,25.316
2018-08-02 10:15,26.004
2018-08-02 10:30,26.692
2018-08-02 10:45,27.381
2018-08-02 11:00,28.069
2018-08-02 11:15,28.544
2018-08-02 11:30,29.019
2018-08-02 11:45,29.494
2018-08-02 12:00,29.969
2018-08-02 12:15,30.346
2018-08-02 12:30,30.723
2018-08-02 12:45,31.1
2018-08-02 13:00,31.477
2018-08-02 13:15,31.719
2018-08-02 13:30,31.962
2018-08-02 13:45,32.204
2018-08-02 14:00,32.446
2018-08-02 14:15,32.533
2018-08-02 14:30,32.619
2018-08-02 14:45,32.706
2018-08-02 15:00,32.792
2018-08-02 15:15,32.908
2018-08-02 15:30,33.023
2018-08-02 15:45,33.138
2018-08-02 16:00,33.254
2018-08-02 16:15,33.371
2018-08-02 16:30,33.488
2018-08-02 16:45,33.606
2018-08-02 17:00,33.723
2018-08-02 17:15,33.779
2018-08-02 17:30,33.834
2018-08-02 17:45,33.891
2018-08-02 18:00,33.946
2018-08-02 18:15,33.773
2018-08-02 18:30,33.6
2018-08-02 18:45,33.427
2018-08-02 19:00,33.254
2018-08-02 19:15,33.098
2018-08-02 19:30,32.942
2018-08-02 19:45,32.787
2018-08-02 20:00,32.631
2018-08-02 20:15,32.359
2018-08-02 20:30,32.088
2018-08-02 20:45,31.817
2018-08-02 21:00,31.546
2018-08-02 21:15,31.313
2018-08-02 21:30,31.081
2018-08-02 21:45,30.848
2018-08-02 22:00,30.616
2018-08-02 22:15,30.258
2018-08-02 22:30,29.9
2018-08-02 22:45,29.542
2018-08-02 23:00,29.184
2018-08-02 23:15,29.087
2018-08-02 23:30,28.988
2018-08-02 23:45,28.891
2018-08-03 00:00,28.792
2018-08-03 00:15,28.552
2018-08-03 00:30,28.312
2018-08-03 00:45,28.071
2018-08-03 01:00,27.831
2018-08-03 01:15,27.617
2018-08-03 01:30,27.404
2018-08-03 01:45,27.191
2018-08-03 02:00,26.977
2018-08-03 02:15,26.841
2018-08-03 02:30,26.704
2018-08-03 02:45,26.567
2018-08-03 03:00,26.431
2018-08-03 03:15,26.296
2018-08-03 03:30,26.162
2018-08-03 03:45,26.027
2018-08-03 04:00,25.892
2018-08-03 04:15,25.466
2018-08-03 04:30,25.038
2018-08-03 04:45,24.612
2018-08-03 05:00,24.184
2018-08-03 05:15,24.087
2018-08-03 05:30,23.988
2018-08-03 05:45,23.891
2018-08-03 06:00,23.792
2018-08-03 06:15,23.638
2018-08-03 06:30,23.484
2018-08-03 06:45,23.331
2018-08-03 07:00,23.177
2018-08-03 07:15,23.306
2018-08-03 07:30,23.434
2018-08-03 07:45,23.563
2018-08-03 08:00,23.692
2018-08-03 08:15,24.321
2018-08-03 08:30,24.95
2018-08-03 08:45,25.579
2018-08-03 09:00,26.208
2018-08-03 09:15,26.692
2018-08-03 09:30,27.177
2018-08-03 09:45,27.662
2018-08-03 10:00,28.146
2018-08-03 10:15,28.766
2018-08-03 10:30,29.384
2018-08-03 10:45,30.004
2018-08-03 11:00,30.623
2018-08-03 11:15,30.991
2018-08-03 11:30,31.358
2018-08-03 11:45,31.725
2018-08-03 12:00,32.092
2018-08-03 12:15,32.363
2018-08-03 12:30,32.634
2018-08-03 12:45,32.906
2018-08-03 13:00,33.177
2018-08-03 13:15,33.419
2018-08-03 13:30,33.662
2018-08-03 13:45,33.904
2018-08-03 14:00,34.146
2018-08-03 14:15,34.371
2018-08-03 14:30,34.596
2018-08-03 14:45,34.821
2018-08-03 15:00,35.046
2018-08-03 15:15,35.112
2018-08-03 15:30,35.177
2018-08-03 15:45,35.242
2018-08-03 16:00,35.308
2018-08-03 16:15,35.404
2018-08-03 16:30,35.5
2018-08-03 16:45,35.596
2018-08-03 17:00,35.692
2018-08-03 17:15,35.519
2018-08-03 17:30,35.346
2018-08-03 17:45,35.173
2018-08-03 18:00,35.0
2018-08-03 18:15,34.806
2018-08-03 18:30,34.612
2018-08-03 18:45,34.417
2018-08-03 19:00,34.223
2018-08-03 19:15,33.971
2018-08-03 19:30,33.719
2018-08-03 19:45,33.467
2018-08-03 20:00,33.216
2018-08-03 20:15,32.837
2018-08-03 20:30,32.458
2018-08-03 20:45,32.079
2018-08-03 21:00,31.7
2018-08-03 21:15,31.448
2018-08-03 21:30,31.196
2018-08-03 21:45,30.944
2018-08-03 22:00,30.692
2018-08-03 22:15,30.275
2018-08-03 22:30,29.858
2018-08-03 22:45,29.441
2018-08-03 23:00,29.023
2018-08-03 23:15,28.763
2018-08-03 23:30,28.504
2018-08-03 23:45,28.244
2018-08-04 00:00,27.984
2018-08-04 00:15,27.966
2018-08-04 00:30,27.946
2018-08-04 00:45,27.927
2018-08-04 01:00,27.908
2018-08-04 01:15,27.713
2018-08-04 01:30,27.519
2018-08-04 01:45,27.325
2018-08-04 02:00,27.131
2018-08-04 02:15,26.984
2018-08-04 02:30,26.838
2018-08-04 02:45,26.692
2018-08-04 03:00,26.546
2018-08-04 03:15,26.421
2018-08-04 03:30,26.296
2018-08-04 03:45,26.171
2018-08-04 04:00,26.046
2018-08-04 04:15,25.812
2018-08-04 04:30,25.577
2018-08-04 04:45,25.342
2018-08-04 05:00,25.108
2018-08-04 05:15,24.887
2018-08-04 05:30,24.666
2018-08-04 05:45,24.444
2018-08-04 06:00,24.223
2018-08-04 06:15,23.991
2018-08-04 06:30,23.758
2018-08-04 06:45,23.525
2018-08-04 07:00,23.292
2018-08-04 07:15,23.381
2018-08-04 07:30,23.469
2018-08-04 07:45,23.558
2018-08-04 08:00,23.646
2018-08-04 08:15,24.258
2018-08-04 08:30,24.869
2018-08-04 08:45,25.481
2018-08-04 09:00,26.092
2018-08-04 09:15,26.654
2018-08-04 09:30,27.216
2018-08-04 09:45,27.777
2018-08-04 10:00,28.338
2018-08-04 10:15,28.941
2018-08-04 10:30,29.542
2018-08-04 10:45,30.144
2018-08-04 11:00,30.746
2018-08-04 11:15,30.996
2018-08-04 11:30,31.246
2018-08-04 11:45,31.496
2018-08-04 12:00,31.746
2018-08-04 12:15,32.019
2018-08-04 12:30,32.292
2018-08-04 12:45,32.566
2018-08-04 13:00,32.838
2018-08-04 13:15,33.069
2018-08-04 13:30,33.3
2018-08-04 13:45,33.531
2018-08-04 14:00,33.762
2018-08-04 14:15,33.867
2018-08-04 14:30,33.973
2018-08-04 14:45,34.079
2018-08-04 15:00,34.184
2018-08-04 15:15,34.292
2018-08-04 15:30,34.4
2018-08-04 15:45,34.508
2018-08-04 16:00,34.616
2018-08-04 16:15,34.634
2018-08-04 16:30,34.654
2018-08-04 16:45,34.673
2018-08-04 17:00,34.692
2018-08-04 17:15,34.742
2018-08-04 17:30,34.792
2018-08-04 17:45,34.842
2018-08-04 18:00,34.892
2018-08-04 18:15,34.869
2018-08-04 18:30,34.846
2018-08-04 18:45,34.823
2018-08-04 19:00,34.8
2018-08-04 19:15,34.442
2018-08-04 19:30,34.084
2018-08-04 19:45,33.727
2018-08-04 20:00,33.369
2018-08-04 20:15,33.029
2018-08-04 20:30,32.688
2018-08-04 20:45,32.348
2018-08-04 21:00,32.008
2018-08-04 21:15,31.767
2018-08-04 21:30,31.527
2018-08-04 21:45,31.287
2018-08-04 22:00,31.046
2018-08-04 22:15,30.792
2018-08-04 22:30,30.538
2018-08-04 22:45,30.284
2018-08-04 23:00,30.031
2018-08-04 23:15,29.771
2018-08-04 23:30,29.512
2018-08-04 23:45,29.252
2018-08-05 00:00,28.992
2018-08-05 00:15,28.741
2018-08-05 00:30,28.488
2018-08-05 00:45,28.237
2018-08-05 01:00,27.984
2018-08-05 01:15,27.771
2018-08-05 01:30,27.558
2018-08-05 01:45,27.344
2018-08-05 02:00,27.131
2018-08-05 02:15,26.966
2018-08-05 02:30,26.8
2018-08-05 02:45,26.634
2018-08-05 03:00,26.469
2018-08-05 03:15,26.344
2018-08-05 03:30,26.219
2018-08-05 03:45,26.094
2018-08-05 04:00,25.969
2018-08-05 04:15,25.766
2018-08-05 04:30,25.562
2018-08-05 04:45,25.358
2018-08-05 05:00,25.154
2018-08-05 05:15,25.046
2018-08-05 05:30,24.938
2018-08-05 05:45,24.831
2018-08-05 06:00,24.723
2018-08-05 06:15,24.541
2018-08-05 06:30,24.358
2018-08-05 06:45,24.175
2018-08-05 07:00,23.992
2018-08-05 07:15,24.052
2018-08-05 07:30,24.112
2018-08-05 07:45,24.171
2018-08-05 08:00,24.231
2018-08-05 08:15,24.667
2018-08-05 08:30,25.104
2018-08-05 08:45,25.541
2018-08-05 09:00,25.977
2018-08-05 09:15,26.373
2018-08-05 09:30,26.769
2018-08-05 09:45,27.166
2018-08-05 10:00,27.562
2018-08-05 10:15,28.056
2018-08-05 10:30,28.55
2018-08-05 10:45,29.044
2018-08-05 11:00,29.538
2018-08-05 11:15,30.013
2018-08-05 11:30,30.488
2018-08-05 11:45,30.963
2018-08-05 12:00,31.438
2018-08-05 12:15,31.777
2018-08-05 12:30,32.116
2018-08-05 12:45,32.454
2018-08-05 13:00,32.792
2018-08-05 13:15,33.006
2018-08-05 13:30,33.219
2018-08-05 13:45,33.433
2018-08-05 14:00,33.646
2018-08-05 14:15,33.977
2018-08-05 14:30,34.309
2018-08-05 14:45,34.64
2018-08-05 15:00,34.972
2018-08-05 15:15,35.134
2018-08-05 15:30,35.297
2018-08-05 15:45,35.46
2018-08-05 16:00,35.623
2018-08-05 16:15,35.594
2018-08-05 16:30,35.566
2018-08-05 16:45,35.537
2018-08-05 17:00,35.508
2018-08-05 17:15,35.612
2018-08-05 17:30,35.716
2018-08-05 17:45,35.819
2018-08-05 18:00,35.923
2018-08-05 18:15,35.904
2018-08-05 18:30,35.884
2018-08-05 18:45,35.866
2018-08-05 19:00,35.846
2018-08-05 19:15,35.441
2018-08-05 19:30,35.034
2018-08-05 19:45,34.629
2018-08-05 20:00,34.223
2018-08-05 20:15,33.825
2018-08-05 20:30,33.427
2018-08-05 20:45,33.029
2018-08-05 21:00,32.631
2018-08-05 21:15,32.437
2018-08-05 21:30,32.242
2018-08-05 21:45,32.048
2018-08-05 22:00,31.854
2018-08-05 22:15,31.633
2018-08-05 22:30,31.412
2018-08-05 22:45,31.191
2018-08-05 23:00,30.969
2018-08-05 23:15,30.812
2018-08-05 23:30,30.654
2018-08-05 23:45,30.496
2018-08-06 00:00,30.338
2018-08-06 00:15,30.002
2018-08-06 00:30,29.666
2018-08-06 00:45,29.329
2018-08-06 01:00,28.992
2018-08-06 01:15,28.779
2018-08-06 01:30,28.566
2018-08-06 01:45,28.352
2018-08-06 02:00,28.138
2018-08-06 02:15,27.973
2018-08-06 02:30,27.808
2018-08-06 02:45,27.642
2018-08-06 03:00,27.477
2018-08-06 03:15,27.302
2018-08-06 03:30,27.127
2018-08-06 03:45,26.952
2018-08-06 04:00,26.777
2018-08-06 04:15,26.623
2018-08-06 04:30,26.469
2018-08-06 04:45,26.316
2018-08-06 05:00,26.162
2018-08-06 05:15,25.967
2018-08-06 05:30,25.773
2018-08-06 05:45,25.579
2018-08-06 06:00,25.384
2018-08-06 06:15,25.212
2018-08-06 06:30,25.038
2018-08-06 06:45,24.866
2018-08-06 07:00,24.692
2018-08-06 07:15,24.896
2018-08-06 07:30,25.1
2018-08-06 07:45,25.304
2018-08-06 08:00,25.508
2018-08-06 08:15,25.827
2018-08-06 08:30,26.146
2018-08-06 08:45,26.466
2018-08-06 09:00,26.784
2018-08-06 09:15,27.133
2018-08-06 09:30,27.481
2018-08-06 09:45,27.829
2018-08-06 10:00,28.177
2018-08-06 10:15,28.529
2018-08-06 10:30,28.881
2018-08-06 10:45,29.233
2018-08-06 11:00,29.584
2018-08-06 11:15,30.029
2018-08-06 11:30,30.473
2018-08-06 11:45,30.917
2018-08-06 12:00,31.362
2018-08-06 12:15,31.594
2018-08-06 12:30,31.827
2018-08-06 12:45,32.059
2018-08-06 13:00,32.292
2018-08-06 13:15,32.544
2018-08-06 13:30,32.796
2018-08-06 13:45,33.048
2018-08-06 14:00,33.3
2018-08-06 14:15,33.406
2018-08-06 14:30,33.512
2018-08-06 14:45,33.617
2018-08-06 15:00,33.723
2018-08-06 15:15,33.906
2018-08-06 15:30,34.088
2018-08-06 15:45,34.271
2018-08-06 16:00,34.454
2018-08-06 16:15,34.463
2018-08-06 16:30,34.473
2018-08-06 16:45,34.483
2018-08-06 17:00,34.492
2018-08-06 17:15,34.638
2018-08-06 17:30,34.784
2018-08-06 17:45,34.931
2018-08-06 18:00,35.077
2018-08-06 18:15,35.096
2018-08-06 18:30,35.116
2018-08-06 18:45,35.134
2018-08-06 19:00,35.154
2018-08-06 19:15,34.931
2018-08-06 19:30,34.708
2018-08-06 19:45,34.484
2018-08-06 20:00,34.262
2018-08-06 20:15,34.0
2018-08-06 20:30,33.738
2018-08-06 20:45,33.477
2018-08-06 21:00,33.216
2018-08-06 21:15,33.031
2018-08-06 21:30,32.846
2018-08-06 21:45,32.662
2018-08-06 22:00,32.477
2018-08-06 22:15,32.283
2018-08-06 22:30,32.088
2018-08-06 22:45,31.894
2018-08-06 23:00,31.7
2018-08-06 23:15,31.429
2018-08-06 23:30,31.158
2018-08-06 23:45,30.887
2018-08-07 00:00,30.616
2018-08-07 00:15,30.217
2018-08-07 00:30,29.819
2018-08-07 00:45,29.421
2018-08-07 01:00,29.023
2018-08-07 01:15,28.763
2018-08-07 01:30,28.504
2018-08-07 01:45,28.244
2018-08-07 02:00,27.984
2018-08-07 02:15,27.819
2018-08-07 02:30,27.654
2018-08-07 02:45,27.488
2018-08-07 03:00,27.323
2018-08-07 03:15,27.129
2018-08-07 03:30,26.934
2018-08-07 03:45,26.741
2018-08-07 04:00,26.546
2018-08-07 04:15,26.402
2018-08-07 04:30,26.258
2018-08-07 04:45,26.113
2018-08-07 05:00,25.969
2018-08-07 05:15,25.823
2018-08-07 05:30,25.677
2018-08-07 05:45,25.531
2018-08-07 06:00,25.384
2018-08-07 06:15,25.269
2018-08-07 06:30,25.154
2018-08-07 06:45,25.038
2018-08-07 07:00,24.923
2018-08-07 07:15,25.021
2018-08-07 07:30,25.119
2018-08-07 07:45,25.217
2018-08-07 08:00,25.316
2018-08-07 08:15,25.702
2018-08-07 08:30,26.088
2018-08-07 08:45,26.475
2018-08-07 09:00,26.862
2018-08-07 09:15,27.163
2018-08-07 09:30,27.466
2018-08-07 09:45,27.767
2018-08-07 10:00,28.069
2018-08-07 10:15,28.506
2018-08-07 10:30,28.942
2018-08-07 10:45,29.379
2018-08-07 11:00,29.816
2018-08-07 11:15,30.288
2018-08-07 11:30,30.762
2018-08-07 11:45,31.234
2018-08-07 12:00,31.708
2018-08-07 12:15,32.058
2018-08-07 12:30,32.408
2018-08-07 12:45,32.758
2018-08-07 13:00,33.108
2018-08-07 13:15,33.369
2018-08-07 13:30,33.631
2018-08-07 13:45,33.892
2018-08-07 14:00,34.154
2018-08-07 14:15,34.384
2018-08-07 14:30,34.616
2018-08-07 14:45,34.846
2018-08-07 15:00,35.077
2018-08-07 15:15,35.242
2018-08-07 15:30,35.408
2018-08-07 15:45,35.573
2018-08-07 16:00,35.738
2018-08-07 16:15,35.787
2018-08-07 16:30,35.834
2018-08-07 16:45,35.883
2018-08-07 17:00,35.931
2018-08-07 17:15,36.077
2018-08-07 17:30,36.223
2018-08-07 17:45,36.369
2018-08-07 18:00,36.516
2018-08-07 18:15,36.398
2018-08-07 18:30,36.281
2018-08-07 18:45,36.163
2018-08-07 19:00,36.046
2018-08-07 19:15,35.591
2018-08-07 19:30,35.134
2018-08-07 19:45,34.679
2018-08-07 20:00,34.223
2018-08-07 20:15,33.952
2018-08-07 20:30,33.681
2018-08-07 20:45,33.409
2018-08-07 21:00,33.138
2018-08-07 21:15,32.934
2018-08-07 21:30,32.731
2018-08-07 21:45,32.527
2018-08-07 22:00,32.323
2018-08-07 22:15,32.071
2018-08-07 22:30,31.819
2018-08-07 22:45,31.567
2018-08-07 23:00,31.316
2018-08-07 23:15,31.191
2018-08-07 23:30,31.066
2018-08-07 23:45,30.941
2018-08-08 00:00,30.816
2018-08-08 00:15,30.658
2018-08-08 00:30,30.5
2018-08-08 00:45,30.342
2018-08-08 01:00,30.184
2018-08-08 01:15,29.887
2018-08-08 01:30,29.588
2018-08-08 01:45,29.291
2018-08-08 02:00,28.992
2018-08-08 02:15,28.769
2018-08-08 02:30,28.546
2018-08-08 02:45,28.323
2018-08-08 03:00,28.1
2018-08-08 03:15,28.071
2018-08-08 03:30,28.042
2018-08-08 03:45,28.013
2018-08-08 04:00,27.984
2018-08-08 04:15,27.781
2018-08-08 04:30,27.577
2018-08-08 04:45,27.373
2018-08-08 05:00,27.169
2018-08-08 05:15,27.121
2018-08-08 05:30,27.073
2018-08-08 05:45,27.025
2018-08-08 06:00,26.977
2018-08-08 06:15,26.734
2018-08-08 06:30,26.492
2018-08-08 06:45,26.25
2018-08-08 07:00,26.008
2018-08-08 07:15,26.058
2018-08-08 07:30,26.108
2018-08-08 07:45,26.158
2018-08-08 08:00,26.208
2018-08-08 08:15,26.479
2018-08-08 08:30,26.75
2018-08-08 08:45,27.021
2018-08-08 09:00,27.292
2018-08-08 09:15,27.65
2018-08-08 09:30,28.008
2018-08-08 09:45,28.366
2018-08-08 10:00,28.723
2018-08-08 10:15,29.217
2018-08-08 10:30,29.712
2018-08-08 10:45,30.206
2018-08-08 11:00,30.7
2018-08-08 11:15,30.981
2018-08-08 11:30,31.262
2018-08-08 11:45,31.542
2018-08-08 12:00,31.823
2018-08-08 12:15,31.696
2018-08-08 12:30,31.569
2018-08-08 12:45,31.442
2018-08-08 13:00,31.316
2018-08-08 13:15,31.258
2018-08-08 13:30,31.2
2018-08-08 13:45,31.142
2018-08-08 14:00,31.084
2018-08-08 14:15,31.192
2018-08-08 14:30,31.3
2018-08-08 14:45,31.408
2018-08-08 15:00,31.516
2018-08-08 15:15,31.688
2018-08-08 15:30,31.862
2018-08-08 15:45,32.034
2018-08-08 16:00,32.208
2018-08-08 16:15,32.237
2018-08-08 16:30,32.266
2018-08-08 16:45,32.294
2018-08-08 17:00,32.323
2018-08-08 17:15,32.471
2018-08-08 17:30,32.619
2018-08-08 17:45,32.767
2018-08-08 18:00,32.916
2018-08-08 18:15,33.184
2018-08-08 18:30,33.454
2018-08-08 18:45,33.723
2018-08-08 19:00,33.992
2018-08-08 19:15,33.759
2018-08-08 19:30,33.527
2018-08-08 19:45,33.294
2018-08-08 20:00,33.062
2018-08-08 20:15,32.741
2018-08-08 20:30,32.419
2018-08-08 20:45,32.098
2018-08-08 21:00,31.777
2018-08-08 21:15,31.575
2018-08-08 21:30,31.373
2018-08-08 21:45,31.171
2018-08-08 22:00,30.969
2018-08-08 22:15,30.704
2018-08-08 22:30,30.438
2018-08-08 22:45,30.173
2018-08-08 23:00,29.908
2018-08-08 23:15,29.175
2018-08-08 23:30,28.442
2018-08-08 23:45,27.709
2018-08-09 00:00,26.977
2018-08-09 00:15,26.812
2018-08-09 00:30,26.646
2018-08-09 00:45,26.481
2018-08-09 01:00,26.316
2018-08-09 01:15,26.229
2018-08-09 01:30,26.142
2018-08-09 01:45,26.056
2018-08-09 02:00,25.969
2018-08-09 02:15,25.968
2018-08-09 02:30,25.968
2018-08-09 02:45,25.967
2018-08-09 03:00,25.967
2018-08-09 03:15,25.678
2018-08-09 03:30,25.391
2018-08-09 03:45,25.102
2018-08-09 04:00,24.814
2018-08-09 04:15,24.981
2018-08-09 04:30,25.147
2018-08-09 04:45,25.313
2018-08-09 05:00,25.48
2018-08-09 05:15,25.732
2018-08-09 05:30,25.983
2018-08-09 05:45,26.234
2018-08-09 06:00,26.486
2018-08-09 06:15,26.359
2018-08-09 06:30,26.232
2018-08-09 06:45,26.106
2018-08-09 07:00,25.978
2018-08-09 07:15,26.055
2018-08-09 07:30,26.132
2018-08-09 07:45,26.208
2018-08-09 08:00,26.284
2018-08-09 08:15,26.575
2018-08-09 08:30,26.866
2018-08-09 08:45,27.156
2018-08-09 09:00,27.446
2018-08-09 09:15,27.609
2018-08-09 09:30,27.773
2018-08-09 09:45,27.937
2018-08-09 10:00,28.1
2018-08-09 10:15,28.731
2018-08-09 10:30,29.362
2018-08-09 10:45,29.992
2018-08-09 11:00,30.623
2018-08-09 11:15,30.894
2018-08-09 11:30,31.166
2018-08-09 11:45,31.437
2018-08-09 12:00,31.708
2018-08-09 12:15,32.046
2018-08-09 12:30,32.384
2018-08-09 12:45,32.723
2018-08-09 13:00,33.062
2018-08-09 13:15,32.994
2018-08-09 13:30,32.927
2018-08-09 13:45,32.859
2018-08-09 14:00,32.792
2018-08-09 14:15,32.998
2018-08-09 14:30,33.204
2018-08-09 14:45,33.409
2018-08-09 15:00,33.616
2018-08-09 15:15,33.769
2018-08-09 15:30,33.923
2018-08-09 15:45,34.077
2018-08-09 16:00,34.231
2018-08-09 16:15,34.277
2018-08-09 16:30,34.323
2018-08-09 16:45,34.368
2018-08-09 17:00,34.414
2018-08-09 17:15,33.359
2018-08-09 17:30,32.303
2018-08-09 17:45,31.248
2018-08-09 18:00,30.193
2018-08-09 18:15,29.428
2018-08-09 18:30,28.664
2018-08-09 18:45,27.9
2018-08-09 19:00,27.136
2018-08-09 19:15,26.998
2018-08-09 19:30,26.861
2018-08-09 19:45,26.723
2018-08-09 20:00,26.586
2018-08-09 20:15,26.537
2018-08-09 20:30,26.489
2018-08-09 20:45,26.441
2018-08-09 21:00,26.392
2018-08-09 21:15,26.481
2018-08-09 21:30,26.569
2018-08-09 21:45,26.658
2018-08-09 22:00,26.746
2018-08-09 22:15,26.552
2018-08-09 22:30,26.358
2018-08-09 22:45,26.163
2018-08-09 23:00,25.969
2018-08-09 23:15,25.969
2018-08-09 23:30,25.969
2018-08-09 23:45,25.969
2018-08-10 00:00,25.969
2018-08-10 00:15,25.746
2018-08-10 00:30,25.523
2018-08-10 00:45,25.3
2018-08-10 01:00,25.077
2018-08-10 01:15,24.912
2018-08-10 01:30,24.746
2018-08-10 01:45,24.581
2018-08-10 02:00,24.416
2018-08-10 02:15,24.446
2018-08-10 02:30,24.477
2018-08-10 02:45,24.508
2018-08-10 03:00,24.538
2018-08-10 03:15,24.596
2018-08-10 03:30,24.654
2018-08-10 03:45,24.712
2018-08-10 04:00,24.769
2018-08-10 04:15,24.788
2018-08-10 04:30,24.808
2018-08-10 04:45,24.827
2018-08-10 05:00,24.846
2018-08-10 05:15,24.884
2018-08-10 05:30,24.923
2018-08-10 05:45,24.962
2018-08-10 06:00,25.0
2018-08-10 06:15,24.873
2018-08-10 06:30,24.746
2018-08-10 06:45,24.619
2018-08-10 07:00,24.492
2018-08-10 07:15,24.466
2018-08-10 07:30,24.438
2018-08-10 07:45,24.412
2018-08-10 08:00,24.384
2018-08-10 08:15,24.704
2018-08-10 08:30,25.023
2018-08-10 08:45,25.342
2018-08-10 09:00,25.662
2018-08-10 09:15,25.079
2018-08-10 09:30,24.497
2018-08-10 09:45,23.916
2018-08-10 10:00,23.333
2018-08-10 10:15,23.275
2018-08-10 10:30,23.217
2018-08-10 10:45,23.158
2018-08-10 11:00,23.1
2018-08-10 11:15,22.906
2018-08-10 11:30,22.712
2018-08-10 11:45,22.517
2018-08-10 12:00,22.323
2018-08-10 12:15,22.254
2018-08-10 12:30,22.185
2018-08-10 12:45,22.116
2018-08-10 13:00,22.047
2018-08-10 13:15,22.511
2018-08-10 13:30,22.973
2018-08-10 13:45,23.437
2018-08-10 14:00,23.9
2018-08-10 14:15,23.623
2018-08-10 14:30,23.346
2018-08-10 14:45,23.069
2018-08-10 15:00,22.792
2018-08-10 15:15,23.152
2018-08-10 15:30,23.512
2018-08-10 15:45,23.871
2018-08-10 16:00,24.231
2018-08-10 16:15,24.85
2018-08-10 16:30,25.469
2018-08-10 16:45,26.088
2018-08-10 17:00,26.708
2018-08-10 17:15,26.784
2018-08-10 17:30,26.862
2018-08-10 17:45,26.938
2018-08-10 18:00,27.016
2018-08-10 18:15,26.937
2018-08-10 18:30,26.858
2018-08-10 18:45,26.779
2018-08-10 19:00,26.7
2018-08-10 19:15,26.517
2018-08-10 19:30,26.334
2018-08-10 19:45,26.152
2018-08-10 20:00,25.969
2018-08-10 20:15,25.754
2018-08-10 20:30,25.538
2018-08-10 20:45,25.323
2018-08-10 21:00,25.108
2018-08-10 21:15,24.829
2018-08-10 21:30,24.55
2018-08-10 21:45,24.271
2018-08-10 22:00,23.992
2018-08-10 22:15,23.992
2018-08-10 22:30,23.992
2018-08-10 22:45,23.992
2018-08-10 23:00,23.992
2018-08-10 23:15,24.002
2018-08-10 23:30,24.012
2018-08-10 23:45,24.021
2018-08-11 00:00,24.031
2018-08-11 00:15,23.963
2018-08-11 00:30,23.896
2018-08-11 00:45,23.829
2018-08-11 01:00,23.762
2018-08-11 01:15,23.742
2018-08-11 01:30,23.723
2018-08-11 01:45,23.704
2018-08-11 02:00,23.684
2018-08-11 02:15,23.469
2018-08-11 02:30,23.254
2018-08-11 02:45,23.038
2018-08-11 03:00,22.823
2018-08-11 03:15,22.53
2018-08-11 03:30,22.237
2018-08-11 03:45,21.943
2018-08-11 04:00,21.65
2018-08-11 04:15,21.476
2018-08-11 04:30,21.302
2018-08-11 04:45,21.128
2018-08-11 05:00,20.953
2018-08-11 05:15,21.265
2018-08-11 05:30,21.577
2018-08-11 05:45,21.888
2018-08-11 06:00,22.2
2018-08-11 06:15,22.158
2018-08-11 06:30,22.117
2018-08-11 06:45,22.075
2018-08-11 07:00,22.033
2018-08-11 07:15,21.594
2018-08-11 07:30,21.155
2018-08-11 07:45,20.716
2018-08-11 08:00,20.277
2018-08-11 08:15,20.412
2018-08-11 08:30,20.546
2018-08-11 08:45,20.681
2018-08-11 09:00,20.816
2018-08-11 09:15,21.437
2018-08-11 09:30,22.058
2018-08-11 09:45,22.679
2018-08-11 10:00,23.3
2018-08-11 10:15,22.728
2018-08-11 10:30,22.157
2018-08-11 10:45,21.586
2018-08-11 11:00,21.014
2018-08-11 11:15,21.736
2018-08-11 11:30,22.457
2018-08-11 11:45,23.178
2018-08-11 12:00,23.9
2018-08-11 12:15,23.55
2018-08-11 12:30,23.2
2018-08-11 12:45,22.85
2018-08-11 13:00,22.5
2018-08-11 13:15,22.653
2018-08-11 13:30,22.807
2018-08-11 13:45,22.961
2018-08-11 14:00,23.114
2018-08-11 14:15,23.091
2018-08-11 14:30,23.068
2018-08-11 14:45,23.044
2018-08-11 15:00,23.022
2018-08-11 15:15,23.137
2018-08-11 15:30,23.253
2018-08-11 15:45,23.369
2018-08-11 16:00,23.484
2018-08-11 16:15,23.822
2018-08-11 16:30,24.159
2018-08-11 16:45,24.496
2018-08-11 17:00,24.833
2018-08-11 17:15,25.025
2018-08-11 17:30,25.217
2018-08-11 17:45,25.408
2018-08-11 18:00,25.6
2018-08-11 18:15,25.45
2018-08-11 18:30,25.3
2018-08-11 18:45,25.15
2018-08-11 19:00,25.0
2018-08-11 19:15,25.0
2018-08-11 19:30,25.0
2018-08-11 19:45,25.0
2018-08-11 20:00,25.0
2018-08-11 20:15,24.788
2018-08-11 20:30,24.575
2018-08-11 20:45,24.362
2018-08-11 21:00,24.15
2018-08-11 21:15,24.638
2018-08-11 21:30,25.125
2018-08-11 21:45,25.613
2018-08-11 22:00,26.1
2018-08-11 22:15,25.4
2018-08-11 22:30,24.7
2018-08-11 22:45,24.0
2018-08-11 23:00,23.3
2018-08-11 23:15,23.238
2018-08-11 23:30,23.175
2018-08-11 23:45,23.112
2018-08-12 00:00,23.05
2018-08-12 00:15,23.488
2018-08-12 00:30,23.925
2018-08-12 00:45,24.362
2018-08-12 01:00,24.8
2018-08-12 01:15,24.15
2018-08-12 01:30,23.5
2018-08-12 01:45,22.85
2018-08-12 02:00,22.2
2018-08-12 02:15,22.075
2018-08-12 02:30,21.95
2018-08-12 02:45,21.825
2018-08-12 03:00,21.7
2018-08-12 03:15,21.7
2018-08-12 03:30,21.7
2018-08-12 03:45,21.7
2018-08-12 04:00,21.7
2018-08-12 04:15,22.25
2018-08-12 04:30,22.8
2018-08-12 04:45,23.35
2018-08-12 05:00,23.9
2018-08-12 05:15,23.75
2018-08-12 05:30,23.6
2018-08-12 05:45,23.45
2018-08-12 06:00,23.3
2018-08-12 06:15,23.3
2018-08-12 06:30,23.3
2018-08-12 06:45,23.3
2018-08-12 07:00,23.3
2018-08-12 07:15,22.963
2018-08-12 07:30,22.625
2018-08-12 07:45,22.288
2018-08-12 08:00,21.95
2018-08-12 08:15,22.563
2018-08-12 08:30,23.175
2018-08-12 08:45,23.788
2018-08-12 09:00,24.4
2018-08-12 09:15,24.125
2018-08-12 09:30,23.85
2018-08-12 09:45,23.575
2018-08-12 10:00,23.3
2018-08-12 10:15,23.438
2018-08-12 10:30,23.575
2018-08-12 10:45,23.713
2018-08-12 11:00,23.85
2018-08-12 11:15,24.288
2018-08-12 11:30,24.725
2018-08-12 11:45,25.163
2018-08-12 12:00,25.6
2018-08-12 12:15,25.8
2018-08-12 12:30,26.0
2018-08-12 12:45,26.2
2018-08-12 13:00,26.4
2018-08-12 13:15,26.765
2018-08-12 13:30,27.13
2018-08-12 13:45,27.495
2018-08-12 14:00,27.86
2018-08-12 14:15,27.902
2018-08-12 14:30,27.944
2018-08-12 14:45,27.986
2018-08-12 15:00,28.027
2018-08-12 15:15,28.196
2018-08-12 15:30,28.364
2018-08-12 15:45,28.532
2018-08-12 16:00,28.7
2018-08-12 16:15,28.754
2018-08-12 16:30,28.808
2018-08-12 16:45,28.862
2018-08-12 17:00,28.916
2018-08-12 17:15,28.934
2018-08-12 17:30,28.954
2018-08-12 17:45,28.973
2018-08-12 18:00,28.992
2018-08-12 18:15,28.667
2018-08-12 18:30,28.342
2018-08-12 18:45,28.017
2018-08-12 19:00,27.692
2018-08-12 19:15,27.108
2018-08-12 19:30,26.525
2018-08-12 19:45,25.941
2018-08-12 20:00,25.357
2018-08-12 20:15,25.054
2018-08-12 20:30,24.752
2018-08-12 20:45,24.449
2018-08-12 21:00,24.146
2018-08-12 21:15,24.108
2018-08-12 21:30,24.069
2018-08-12 21:45,24.031
2018-08-12 22:00,23.992
2018-08-12 22:15,24.002
2018-08-12 22:30,24.012
2018-08-12 22:45,24.021
2018-08-12 23:00,24.031
2018-08-12 23:15,24.031
2018-08-12 23:30,24.031
2018-08-12 23:45,24.031
2018-08-13 00:00,24.031
2018-08-13 00:15,24.021
2018-08-13 00:30,24.012
2018-08-13 00:45,24.002
2018-08-13 01:00,23.992
2018-08-13 01:15,23.992
2018-08-13 01:30,23.992
2018-08-13 01:45,23.992
2018-08-13 02:00,23.992
2018-08-13 02:15,23.942
2018-08-13 02:30,23.892
2018-08-13 02:45,23.842
2018-08-13 03:00,23.792
2018-08-13 03:15,23.633
2018-08-13 03:30,23.475
2018-08-13 03:45,23.316
2018-08-13 04:00,23.157
2018-08-13 04:15,23.264
2018-08-13 04:30,23.372
2018-08-13 04:45,23.478
2018-08-13 05:00,23.586
2018-08-13 05:15,23.527
2018-08-13 05:30,23.468
2018-08-13 05:45,23.409
2018-08-13 06:00,23.35
2018-08-13 06:15,23.488
2018-08-13 06:30,23.625
2018-08-13 06:45,23.763
2018-08-13 07:00,23.9
2018-08-13 07:15,23.808
2018-08-13 07:30,23.716
2018-08-13 07:45,23.623
2018-08-13 08:00,23.531
2018-08-13 08:15,23.656
2018-08-13 08:30,23.781
2018-08-13 08:45,23.906
2018-08-13 09:00,24.031
2018-08-13 09:15,24.212
2018-08-13 09:30,24.394
2018-08-13 09:45,24.576
2018-08-13 10:00,24.757
2018-08-13 10:15,24.974
2018-08-13 10:30,25.19
2018-08-13 10:45,25.407
2018-08-13 11:00,25.623
2018-08-13 11:15,26.13
2018-08-13 11:30,26.637
2018-08-13 11:45,27.143
2018-08-13 12:00,27.65
2018-08-13 12:15,27.702
2018-08-13 12:30,27.753
2018-08-13 12:45,27.806
2018-08-13 13:00,27.857
2018-08-13 13:15,26.821
2018-08-13 13:30,25.784
2018-08-13 13:45,24.748
2018-08-13 14:00,23.712
2018-08-13 14:15,23.884
2018-08-13 14:30,24.056
2018-08-13 14:45,24.228
2018-08-13 15:00,24.4
2018-08-13 15:15,24.043
2018-08-13 15:30,23.686
2018-08-13 15:45,23.328
2018-08-13 16:00,22.972
2018-08-13 16:15,22.827
2018-08-13 16:30,22.683
2018-08-13 16:45,22.538
2018-08-13 17:00,22.394
2018-08-13 17:15,22.384
2018-08-13 17:30,22.376
2018-08-13 17:45,22.366
2018-08-13 18:00,22.357
2018-08-13 18:15,22.524
2018-08-13 18:30,22.69
2018-08-13 18:45,22.857
2018-08-13 19:00,23.023
2018-08-13 19:15,23.517
2018-08-13 19:30,24.012
2018-08-13 19:45,24.506
2018-08-13 20:00,25.0
2018-08-13 20:15,24.496
2018-08-13 20:30,23.992
2018-08-13 20:45,23.488
2018-08-13 21:00,22.984
2018-08-13 21:15,22.912
2018-08-13 21:30,22.838
2018-08-13 21:45,22.766
2018-08-13 22:00,22.692
2018-08-13 22:15,22.619
2018-08-13 22:30,22.546
2018-08-13 22:45,22.473
2018-08-13 23:00,22.4
2018-08-13 23:15,22.304
2018-08-13 23:30,22.208
2018-08-13 23:45,22.112
2018-08-14 00:00,22.016
2018-08-14 00:15,22.142
2018-08-14 00:30,22.269
2018-08-14 00:45,22.396
2018-08-14 01:00,22.523
2018-08-14 01:15,22.992
2018-08-14 01:30,23.462
2018-08-14 01:45,23.931
2018-08-14 02:00,24.4
2018-08-14 02:15,24.046
2018-08-14 02:30,23.692
2018-08-14 02:45,23.338
2018-08-14 03:00,22.984
2018-08-14 03:15,23.338
2018-08-14 03:30,23.692
2018-08-14 03:45,24.046
2018-08-14 04:00,24.4
2018-08-14 04:15,24.056
2018-08-14 04:30,23.712
2018-08-14 04:45,23.367
2018-08-14 05:00,23.023
2018-08-14 05:15,23.196
2018-08-14 05:30,23.369
2018-08-14 05:45,23.542
2018-08-14 06:00,23.716
2018-08-14 06:15,23.533
2018-08-14 06:30,23.35
2018-08-14 06:45,23.167
2018-08-14 07:00,22.984
2018-08-14 07:15,22.872
2018-08-14 07:30,22.76
2018-08-14 07:45,22.648
2018-08-14 08:00,22.536
2018-08-14 08:15,22.527
2018-08-14 08:30,22.518
2018-08-14 08:45,22.509
2018-08-14 09:00,22.5
2018-08-14 09:15,22.975
2018-08-14 09:30,23.45
2018-08-14 09:45,23.925
2018-08-14 10:00,24.4
2018-08-14 10:15,24.7
2018-08-14 10:30,25.0
2018-08-14 10:45,25.3
2018-08-14 11:00,25.6
2018-08-14 11:15,25.384
2018-08-14 11:30,25.169
2018-08-14 11:45,24.954
2018-08-14 12:00,24.738
2018-08-14 12:15,25.319
2018-08-14 12:30,25.9
2018-08-14 12:45,26.481
2018-08-14 13:00,27.062
2018-08-14 13:15,27.292
2018-08-14 13:30,27.523
2018-08-14 13:45,27.754
2018-08-14 14:00,27.984
2018-08-14 14:15,28.141
2018-08-14 14:30,28.296
2018-08-14 14:45,28.452
2018-08-14 15:00,28.608
2018-08-14 15:15,28.713
2018-08-14 15:30,28.819
2018-08-14 15:45,28.925
2018-08-14 16:00,29.031
2018-08-14 16:15,29.196
2018-08-14 16:30,29.362
2018-08-14 16:45,29.527
2018-08-14 17:00,29.692
2018-08-14 17:15,29.867
2018-08-14 17:30,30.042
2018-08-14 17:45,30.217
2018-08-14 18:00,30.392
2018-08-14 18:15,30.7
2018-08-14 18:30,31.008
2018-08-14 18:45,31.316
2018-08-14 19:00,31.623
2018-08-14 19:15,31.302
2018-08-14 19:30,30.981
2018-08-14 19:45,30.659
2018-08-14 20:00,30.338
2018-08-14 20:15,29.827
2018-08-14 20:30,29.316
2018-08-14 20:45,28.804
2018-08-14 21:00,28.292
2018-08-14 21:15,28.031
2018-08-14 21:30,27.769
2018-08-14 21:45,27.508
2018-08-14 22:00,27.246
2018-08-14 22:15,27.237
2018-08-14 22:30,27.227
2018-08-14 22:45,27.217
2018-08-14 23:00,27.208
2018-08-14 23:15,27.131
2018-08-14 23:30,27.054
2018-08-14 23:45,26.977
2018-08-15 00:00,26.9
2018-08-15 00:15,26.929
2018-08-15 00:30,26.958
2018-08-15 00:45,26.987
2018-08-15 01:00,27.016
2018-08-15 01:15,27.006
2018-08-15 01:30,26.996
2018-08-15 01:45,26.987
2018-08-15 02:00,26.977
2018-08-15 02:15,26.977
2018-08-15 02:30,26.977
2018-08-15 02:45,26.977
2018-08-15 03:00,26.977
2018-08-15 03:15,26.888
2018-08-15 03:30,26.8
2018-08-15 03:45,26.712
2018-08-15 04:00,26.623
2018-08-15 04:15,26.459
2018-08-15 04:30,26.296
2018-08-15 04:45,26.133
2018-08-15 05:00,25.969
2018-08-15 05:15,25.881
2018-08-15 05:30,25.792
2018-08-15 05:45,25.704
2018-08-15 06:00,25.616
2018-08-15 06:15,25.462
2018-08-15 06:30,25.308
2018-08-15 06:45,25.154
2018-08-15 07:00,25.0
2018-08-15 07:15,25.031
2018-08-15 07:30,25.062
2018-08-15 07:45,25.092
2018-08-15 08:00,25.123
2018-08-15 08:15,25.344
2018-08-15 08:30,25.566
2018-08-15 08:45,25.787
2018-08-15 09:00,26.008
2018-08-15 09:15,26.298
2018-08-15 09:30,26.588
2018-08-15 09:45,26.879
2018-08-15 10:00,27.169
2018-08-15 10:15,27.5
2018-08-15 10:30,27.831
2018-08-15 10:45,28.162
2018-08-15 11:00,28.492
2018-08-15 11:15,28.842
2018-08-15 11:30,29.192
2018-08-15 11:45,29.542
2018-08-15 12:00,29.892
2018-08-15 12:15,30.221
2018-08-15 12:30,30.55
2018-08-15 12:45,30.879
2018-08-15 13:00,31.208
2018-08-15 13:15,31.498
2018-08-15 13:30,31.788
2018-08-15 13:45,32.079
2018-08-15 14:00,32.369
2018-08-15 14:15,32.679
2018-08-15 14:30,32.988
2018-08-15 14:45,33.298
2018-08-15 15:00,33.608
2018-08-15 15:15,33.802
2018-08-15 15:30,33.996
2018-08-15 15:45,34.191
2018-08-15 16:00,34.384
2018-08-15 16:15,34.538
2018-08-15 16:30,34.692
2018-08-15 16:45,34.846
2018-08-15 17:00,35.0
2018-08-15 17:15,34.981
2018-08-15 17:30,34.962
2018-08-15 17:45,34.942
2018-08-15 18:00,34.923
2018-08-15 18:15,34.691
2018-08-15 18:30,34.458
2018-08-15 18:45,34.225
2018-08-15 19:00,33.992
2018-08-15 19:15,33.787
2018-08-15 19:30,33.581
2018-08-15 19:45,33.375
2018-08-15 20:00,33.169
2018-08-15 20:15,32.871
2018-08-15 20:30,32.573
2018-08-15 20:45,32.275
2018-08-15 21:00,31.977
2018-08-15 21:15,31.744
2018-08-15 21:30,31.512
2018-08-15 21:45,31.279
2018-08-15 22:00,31.046
2018-08-15 22:15,30.919
2018-08-15 22:30,30.792
2018-08-15 22:45,30.666
2018-08-15 23:00,30.538
2018-08-15 23:15,30.334
2018-08-15 23:30,30.131
2018-08-15 23:45,29.927
2018-08-16 00:00,29.723
2018-08-16 00:15,29.521
2018-08-16 00:30,29.319
2018-08-16 00:45,29.117
2018-08-16 01:00,28.916
2018-08-16 01:15,28.721
2018-08-16 01:30,28.527
2018-08-16 01:45,28.333
2018-08-16 02:00,28.138
2018-08-16 02:15,28.109
2018-08-16 02:30,28.081
2018-08-16 02:45,28.052
2018-08-16 03:00,28.023
2018-08-16 03:15,28.013
2018-08-16 03:30,28.004
2018-08-16 03:45,27.994
2018-08-16 04:00,27.984
2018-08-16 04:15,27.683
2018-08-16 04:30,27.381
2018-08-16 04:45,27.079
2018-08-16 05:00,26.777
2018-08-16 05:15,26.575
2018-08-16 05:30,26.373
2018-08-16 05:45,26.171
2018-08-16 06:00,25.969
2018-08-16 06:15,25.823
2018-08-16 06:30,25.677
2018-08-16 06:45,25.531
2018-08-16 07:00,25.384
2018-08-16 07:15,25.377
2018-08-16 07:30,25.369
2018-08-16 07:45,25.362
2018-08-16 08:00,25.354
2018-08-16 08:15,25.606
2018-08-16 08:30,25.858
2018-08-16 08:45,26.109
2018-08-16 09:00,26.362
2018-08-16 09:15,26.7
2018-08-16 09:30,27.038
2018-08-16 09:45,27.377
2018-08-16 10:00,27.716
2018-08-16 10:15,28.133
2018-08-16 10:30,28.55
2018-08-16 10:45,28.967
2018-08-16 11:00,29.384
2018-08-16 11:15,29.791
2018-08-16 11:30,30.196
2018-08-16 11:45,30.602
2018-08-16 12:00,31.008
2018-08-16 12:15,31.706
2018-08-16 12:30,32.404
2018-08-16 12:45,33.102
2018-08-16 13:00,33.8
2018-08-16 13:15,34.313
2018-08-16 13:30,34.827
2018-08-16 13:45,35.341
2018-08-16 14:00,35.854
2018-08-16 14:15,36.019
2018-08-16 14:30,36.184
2018-08-16 14:45,36.35
2018-08-16 15:00,36.516
2018-08-16 15:15,36.641
2018-08-16 15:30,36.766
2018-08-16 15:45,36.891
2018-08-16 16:00,37.016
2018-08-16 16:15,37.016
2018-08-16 16:30,37.016
2018-08-16 16:45,37.016
2018-08-16 17:00,37.016
2018-08-16 17:15,37.006
2018-08-16 17:30,36.996
2018-08-16 17:45,36.987
2018-08-16 18:00,36.977
2018-08-16 18:15,36.637
2018-08-16 18:30,36.296
2018-08-16 18:45,35.956
2018-08-16 19:00,35.616
2018-08-16 19:15,35.558
2018-08-16 19:30,35.5
2018-08-16 19:45,35.442
2018-08-16 20:00,35.384
2018-08-16 20:15,34.881
2018-08-16 20:30,34.377
2018-08-16 20:45,33.873
2018-08-16 21:00,33.369
2018-08-16 21:15,33.242
2018-08-16 21:30,33.116
2018-08-16 21:45,32.988
2018-08-16 22:00,32.862
2018-08-16 22:15,32.659
2018-08-16 22:30,32.458
2018-08-16 22:45,32.256
2018-08-16 23:00,32.054
2018-08-16 23:15,31.927
2018-08-16 23:30,31.8
2018-08-16 23:45,31.673
2018-08-17 00:00,31.546
2018-08-17 00:15,31.383
2018-08-17 00:30,31.219
2018-08-17 00:45,31.056
2018-08-17 01:00,30.892
2018-08-17 01:15,30.912
2018-08-17 01:30,30.931
2018-08-17 01:45,30.95
2018-08-17 02:00,30.969
2018-08-17 02:15,30.842
2018-08-17 02:30,30.716
2018-08-17 02:45,30.588
2018-08-17 03:00,30.462
2018-08-17 03:15,30.219
2018-08-17 03:30,29.977
2018-08-17 03:45,29.734
2018-08-17 04:00,29.492
2018-08-17 04:15,29.337
2018-08-17 04:30,29.181
2018-08-17 04:45,29.025
2018-08-17 05:00,28.869
2018-08-17 05:15,28.658
2018-08-17 05:30,28.446
2018-08-17 05:45,28.234
2018-08-17 06:00,28.023
2018-08-17 06:15,27.906
2018-08-17 06:30,27.788
2018-08-17 06:45,27.671
2018-08-17 07:00,27.554
2018-08-17 07:15,27.419
2018-08-17 07:30,27.284
2018-08-17 07:45,27.15
2018-08-17 08:00,27.016
2018-08-17 08:15,27.267
2018-08-17 08:30,27.519
2018-08-17 08:45,27.771
2018-08-17 09:00,28.023
2018-08-17 09:15,28.237
2018-08-17 09:30,28.45
2018-08-17 09:45,28.663
2018-08-17 10:00,28.877
2018-08-17 10:15,29.119
2018-08-17 10:30,29.362
2018-08-17 10:45,29.604
2018-08-17 11:00,29.846
2018-08-17 11:15,30.088
2018-08-17 11:30,30.331
2018-08-17 11:45,30.573
2018-08-17 12:00,30.816
2018-08-17 12:15,31.233
2018-08-17 12:30,31.65
2018-08-17 12:45,32.067
2018-08-17 13:00,32.484
2018-08-17 13:15,33.077
2018-08-17 13:30,33.669
2018-08-17 13:45,34.262
2018-08-17 14:00,34.854
2018-08-17 14:15,35.356
2018-08-17 14:30,35.858
2018-08-17 14:45,36.359
2018-08-17 15:00,36.862
2018-08-17 15:15,37.084
2018-08-17 15:30,37.308
2018-08-17 15:45,37.531
2018-08-17 16:00,37.754
2018-08-17 16:15,37.762
2018-08-17 16:30,37.769
2018-08-17 16:45,37.777
2018-08-17 17:00,37.784
2018-08-17 17:15,37.766
2018-08-17 17:30,37.746
2018-08-17 17:45,37.727
2018-08-17 18:00,37.708
2018-08-17 18:15,37.506
2018-08-17 18:30,37.304
2018-08-17 18:45,37.102
2018-08-17 19:00,36.9
2018-08-17 19:15,36.384
2018-08-17 19:30,35.869
2018-08-17 19:45,35.354
2018-08-17 20:00,34.838
2018-08-17 20:15,34.413
2018-08-17 20:30,33.988
2018-08-17 20:45,33.563
2018-08-17 21:00,33.138
2018-08-17 21:15,33.071
2018-08-17 21:30,33.004
2018-08-17 21:45,32.937
2018-08-17 22:00,32.869
2018-08-17 22:15,32.617
2018-08-17 22:30,32.366
2018-08-17 22:45,32.113
2018-08-17 23:00,31.862
2018-08-17 23:15,31.9
2018-08-17 23:30,31.938
2018-08-17 23:45,31.977
2018-08-18 00:00,32.016
2018-08-18 00:15,32.006
2018-08-18 00:30,31.996
2018-08-18 00:45,31.987
2018-08-18 01:00,31.977
2018-08-18 01:15,31.869
2018-08-18 01:30,31.762
2018-08-18 01:45,31.654
2018-08-18 02:00,31.546
2018-08-18 02:15,31.402
2018-08-18 02:30,31.258
2018-08-18 02:45,31.113
2018-08-18 03:00,30.969
2018-08-18 03:15,30.638
2018-08-18 03:30,30.308
2018-08-18 03:45,29.977
2018-08-18 04:00,29.646
2018-08-18 04:15,29.317
2018-08-18 04:30,28.988
2018-08-18 04:45,28.659
2018-08-18 05:00,28.331
2018-08-18 05:15,28.175
2018-08-18 05:30,28.019
2018-08-18 05:45,27.863
2018-08-18 06:00,27.708
2018-08-18 06:15,27.563
2018-08-18 06:30,27.419
2018-08-18 06:45,27.275
2018-08-18 07:00,27.131
2018-08-18 07:15,27.2
2018-08-18 07:30,27.269
2018-08-18 07:45,27.338
2018-08-18 08:00,27.408
2018-08-18 08:15,27.698
2018-08-18 08:30,27.988
2018-08-18 08:45,28.279
2018-08-18 09:00,28.569
2018-08-18 09:15,28.967
2018-08-18 09:30,29.366
2018-08-18 09:45,29.763
2018-08-18 10:00,30.162
2018-08-18 10:15,30.792
2018-08-18 10:30,31.423
2018-08-18 10:45,32.054
2018-08-18 11:00,32.684
2018-08-18 11:15,33.256
2018-08-18 11:30,33.827
2018-08-18 11:45,34.398
2018-08-18 12:00,34.969
2018-08-18 12:15,35.413
2018-08-18 12:30,35.858
2018-08-18 12:45,36.302
2018-08-18 13:00,36.746
2018-08-18 13:15,36.883
2018-08-18 13:30,37.019
2018-08-18 13:45,37.156
2018-08-18 14:00,37.292
2018-08-18 14:15,37.475
2018-08-18 14:30,37.658
2018-08-18 14:45,37.841
2018-08-18 15:00,38.023
2018-08-18 15:15,38.092
2018-08-18 15:30,38.162
2018-08-18 15:45,38.231
2018-08-18 16:00,38.3
2018-08-18 16:15,38.267
2018-08-18 16:30,38.234
2018-08-18 16:45,38.202
2018-08-18 17:00,38.169
2018-08-18 17:15,37.696
2018-08-18 17:30,37.223
2018-08-18 17:45,36.75
2018-08-18 18:00,36.277
2018-08-18 18:15,35.558
2018-08-18 18:30,34.838
2018-08-18 18:45,34.119
2018-08-18 19:00,33.4
2018-08-18 19:15,32.287
2018-08-18 19:30,31.175
2018-08-18 19:45,30.063
2018-08-18 20:00,28.95
2018-08-18 20:15,28.45
2018-08-18 20:30,27.95
2018-08-18 20:45,27.45
2018-08-18 21:00,26.95
2018-08-18 21:15,26.705
2018-08-18 21:30,26.459
2018-08-18 21:45,26.214
2018-08-18 22:00,25.969
2018-08-18 22:15,25.979
2018-08-18 22:30,25.988
2018-08-18 22:45,25.998
2018-08-18 23:00,26.008
2018-08-18 23:15,26.027
2018-08-18 23:30,26.046
2018-08-18 23:45,26.066
2018-08-19 00:00,26.084
2018-08-19 00:15,26.006
2018-08-19 00:30,25.927
2018-08-19 00:45,25.848
2018-08-19 01:00,25.769
2018-08-19 01:15,25.809
2018-08-19 01:30,25.85
2018-08-19 01:45,25.891
2018-08-19 02:00,25.931
2018-08-19 02:15,26.134
2018-08-19 02:30,26.338
2018-08-19 02:45,26.542
2018-08-19 03:00,26.746
2018-08-19 03:15,26.813
2018-08-19 03:30,26.881
2018-08-19 03:45,26.948
2018-08-19 04:00,27.016
2018-08-19 04:15,27.016
2018-08-19 04:30,27.016
2018-08-19 04:45,27.016
2018-08-19 05:00,27.016
2018-08-19 05:15,27.006
2018-08-19 05:30,26.996
2018-08-19 05:45,26.987
2018-08-19 06:00,26.977
2018-08-19 06:15,26.977
2018-08-19 06:30,26.977
2018-08-19 06:45,26.977
2018-08-19 07:00,26.977
2018-08-19 07:15,26.802
2018-08-19 07:30,26.627
2018-08-19 07:45,26.452
2018-08-19 08:00,26.277
2018-08-19 08:15,26.423
2018-08-19 08:30,26.569
2018-08-19 08:45,26.716
2018-08-19 09:00,26.862
2018-08-19 09:15,27.087
2018-08-19 09:30,27.312
2018-08-19 09:45,27.537
2018-08-19 10:00,27.762
2018-08-19 10:15,28.079
2018-08-19 10:30,28.396
2018-08-19 10:45,28.713
2018-08-19 11:00,29.031
2018-08-19 11:15,29.391
2018-08-19 11:30,29.75
2018-08-19 11:45,30.109
2018-08-19 12:00,30.469
2018-08-19 12:15,30.75
2018-08-19 12:30,31.031
2018-08-19 12:45,31.312
2018-08-19 13:00,31.592
2018-08-19 13:15,31.767
2018-08-19 13:30,31.942
2018-08-19 13:45,32.117
2018-08-19 14:00,32.292
2018-08-19 14:15,32.446
2018-08-19 14:30,32.6
2018-08-19 14:45,32.754
2018-08-19 15:00,32.908
2018-08-19 15:15,33.181
2018-08-19 15:30,33.454
2018-08-19 15:45,33.727
2018-08-19 16:00,34.0
2018-08-19 16:15,33.763
2018-08-19 16:30,33.527
2018-08-19 16:45,33.29
2018-08-19 17:00,33.053
2018-08-19 17:15,33.065
2018-08-19 17:30,33.077
2018-08-19 17:45,33.088
2018-08-19 18:00,33.1
2018-08-19 18:15,33.158
2018-08-19 18:30,33.216
2018-08-19 18:45,33.273
2018-08-19 19:00,33.331
2018-08-19 19:15,32.962
2018-08-19 19:30,32.592
2018-08-19 19:45,32.223
2018-08-19 20:00,31.854
2018-08-19 20:15,31.731
2018-08-19 20:30,31.608
2018-08-19 20:45,31.484
2018-08-19 21:00,31.362
2018-08-19 21:15,31.087
2018-08-19 21:30,30.812
2018-08-19 21:45,30.537
2018-08-19 22:00,30.262
2018-08-19 22:15,29.894
2018-08-19 22:30,29.527
2018-08-19 22:45,29.159
2018-08-19 23:00,28.792
2018-08-19 23:15,28.591
2018-08-19 23:30,28.388
2018-08-19 23:45,28.187
2018-08-20 00:00,27.984
2018-08-20 00:15,27.8
2018-08-20 00:30,27.616
2018-08-20 00:45,27.431
2018-08-20 01:00,27.246
2018-08-20 01:15,26.975
2018-08-20 01:30,26.704
2018-08-20 01:45,26.433
2018-08-20 02:00,26.162
2018-08-20 02:15,26.113
2018-08-20 02:30,26.066
2018-08-20 02:45,26.017
2018-08-20 03:00,25.969
2018-08-20 03:15,25.933
2018-08-20 03:30,25.896
2018-08-20 03:45,25.859
2018-08-20 04:00,25.823
2018-08-20 04:15,25.927
2018-08-20 04:30,26.031
2018-08-20 04:45,26.134
2018-08-20 05:00,26.238
2018-08-20 05:15,26.366
2018-08-20 05:30,26.492
2018-08-20 05:45,26.619
2018-08-20 06:00,26.746
2018-08-20 06:15,26.651
2018-08-20 06:30,26.555
2018-08-20 06:45,26.46
2018-08-20 07:00,26.364
2018-08-20 07:15,26.122
2018-08-20 07:30,25.878
2018-08-20 07:45,25.636
2018-08-20 08:00,25.393
2018-08-20 08:15,25.394
2018-08-20 08:30,25.397
2018-08-20 08:45,25.398
2018-08-20 09:00,25.4
2018-08-20 09:15,25.533
2018-08-20 09:30,25.666
2018-08-20 09:45,25.798
2018-08-20 10:00,25.931
2018-08-20 10:15,26.221
2018-08-20 10:30,26.512
2018-08-20 10:45,26.802
2018-08-20 11:00,27.092
2018-08-20 11:15,27.433
2018-08-20 11:30,27.773
2018-08-20 11:45,28.113
2018-08-20 12:00,28.454
2018-08-20 12:15,28.598
2018-08-20 12:30,28.742
2018-08-20 12:45,28.887
2018-08-20 13:00,29.031
2018-08-20 13:15,29.323
2018-08-20 13:30,29.616
2018-08-20 13:45,29.908
2018-08-20 14:00,30.2
2018-08-20 14:15,30.491
2018-08-20 14:30,30.781
2018-08-20 14:45,31.071
2018-08-20 15:00,31.362
2018-08-20 15:15,31.487
2018-08-20 15:30,31.612
2018-08-20 15:45,31.737
2018-08-20 16:00,31.862
2018-08-20 16:15,32.046
2018-08-20 16:30,32.231
2018-08-20 16:45,32.416
2018-08-20 17:00,32.6
2018-08-20 17:15,32.569
2018-08-20 17:30,32.538
2018-08-20 17:45,32.508
2018-08-20 18:00,32.477
2018-08-20 18:15,32.352
2018-08-20 18:30,32.227
2018-08-20 18:45,32.102
2018-08-20 19:00,31.977
2018-08-20 19:15,31.694
2018-08-20 19:30,31.412
2018-08-20 19:45,31.129
2018-08-20 20:00,30.846
2018-08-20 20:15,30.033
2018-08-20 20:30,29.219
2018-08-20 20:45,28.406
2018-08-20 21:00,27.592
2018-08-20 21:15,27.348
2018-08-20 21:30,27.103
2018-08-20 21:45,26.859
2018-08-20 22:00,26.616
2018-08-20 22:15,26.423
2018-08-20 22:30,26.231
2018-08-20 22:45,26.038
2018-08-20 23:00,25.846
2018-08-20 23:15,25.781
2018-08-20 23:30,25.716
2018-08-20 23:45,25.65
2018-08-21 00:00,25.584
2018-08-21 00:15,25.438
2018-08-21 00:30,25.292
2018-08-21 00:45,25.146
2018-08-21 01:00,25.0
2018-08-21 01:15,24.834
2018-08-21 01:30,24.669
2018-08-21 01:45,24.504
2018-08-21 02:00,24.338
2018-08-21 02:15,24.163
2018-08-21 02:30,23.988
2018-08-21 02:45,23.813
2018-08-21 03:00,23.638
2018-08-21 03:15,23.573
2018-08-21 03:30,23.508
2018-08-21 03:45,23.442
2018-08-21 04:00,23.377
2018-08-21 04:15,23.541
2018-08-21 04:30,23.704
2018-08-21 04:45,23.867
2018-08-21 05:00,24.031
2018-08-21 05:15,24.081
2018-08-21 05:30,24.131
2018-08-21 05:45,24.181
2018-08-21 06:00,24.231
2018-08-21 06:15,23.977
2018-08-21 06:30,23.723
2018-08-21 06:45,23.469
2018-08-21 07:00,23.216
2018-08-21 07:15,23.198
2018-08-21 07:30,23.181
2018-08-21 07:45,23.163
2018-08-21 08:00,23.146
2018-08-21 08:15,23.602
2018-08-21 08:30,24.058
2018-08-21 08:45,24.513
2018-08-21 09:00,24.969
2018-08-21 09:15,25.434
2018-08-21 09:30,25.9
2018-08-21 09:45,26.366
2018-08-21 10:00,26.831
2018-08-21 10:15,27.246
2018-08-21 10:30,27.662
2018-08-21 10:45,28.077
2018-08-21 11:00,28.492
2018-08-21 11:15,28.987
2018-08-21 11:30,29.481
2018-08-21 11:45,29.975
2018-08-21 12:00,30.469
2018-08-21 12:15,30.779
2018-08-21 12:30,31.088
2018-08-21 12:45,31.398
2018-08-21 13:00,31.708
2018-08-21 13:15,31.892
2018-08-21 13:30,32.077
2018-08-21 13:45,32.262
2018-08-21 14:00,32.446
2018-08-21 14:15,32.687
2018-08-21 14:30,32.927
2018-08-21 14:45,33.167
2018-08-21 15:00,33.408
2018-08-21 15:15,33.583
2018-08-21 15:30,33.758
2018-08-21 15:45,33.933
2018-08-21 16:00,34.108
2018-08-21 16:15,34.108
2018-08-21 16:30,34.108
2018-08-21 16:45,34.108
2018-08-21 17:00,34.108
2018-08-21 17:15,34.029
2018-08-21 17:30,33.95
2018-08-21 17:45,33.871
2018-08-21 18:00,33.792
2018-08-21 18:15,33.521
2018-08-21 18:30,33.25
2018-08-21 18:45,32.979
2018-08-21 19:00,32.708
2018-08-21 19:15,32.456
2018-08-21 19:30,32.204
2018-08-21 19:45,31.952
2018-08-21 20:00,31.7
2018-08-21 20:15,31.391
2018-08-21 20:30,31.081
2018-08-21 20:45,30.771
2018-08-21 21:00,30.462
2018-08-21 21:15,30.209
2018-08-21 21:30,29.958
2018-08-21 21:45,29.706
2018-08-21 22:00,29.454
2018-08-21 22:15,29.319
2018-08-21 22:30,29.184
2018-08-21 22:45,29.05
2018-08-21 23:00,28.916
2018-08-21 23:15,28.683
2018-08-21 23:30,28.45
2018-08-21 23:45,28.217
2018-08-22 00:00,27.984
2018-08-22 00:15,27.819
2018-08-22 00:30,27.654
2018-08-22 00:45,27.488
2018-08-22 01:00,27.323
2018-08-22 01:15,27.246
2018-08-22 01:30,27.169
2018-08-22 01:45,27.092
2018-08-22 02:00,27.016
2018-08-22 02:15,26.773
2018-08-22 02:30,26.531
2018-08-22 02:45,26.288
2018-08-22 03:00,26.046
2018-08-22 03:15,25.95
2018-08-22 03:30,25.854
2018-08-22 03:45,25.758
2018-08-22 04:00,25.662
2018-08-22 04:15,25.573
2018-08-22 04:30,25.484
2018-08-22 04:45,25.396
2018-08-22 05:00,25.308
2018-08-22 05:15,25.142
2018-08-22 05:30,24.977
2018-08-22 05:45,24.812
2018-08-22 06:00,24.646
2018-08-22 06:15,24.512
2018-08-22 06:30,24.377
2018-08-22 06:45,24.242
2018-08-22 07:00,24.108
2018-08-22 07:15,24.196
2018-08-22 07:30,24.284
2018-08-22 07:45,24.373
2018-08-22 08:00,24.462
2018-08-22 08:15,24.809
2018-08-22 08:30,25.158
2018-08-22 08:45,25.506
2018-08-22 09:00,25.854
2018-08-22 09:15,26.281
2018-08-22 09:30,26.708
2018-08-22 09:45,27.134
2018-08-22 10:00,27.562
2018-08-22 10:15,27.871
2018-08-22 10:30,28.181
2018-08-22 10:45,28.491
2018-08-22 11:00,28.8
2018-08-22 11:15,29.237
2018-08-22 11:30,29.673
2018-08-22 11:45,30.109
2018-08-22 12:00,30.546
2018-08-22 12:15,30.692
2018-08-22 12:30,30.838
2018-08-22 12:45,30.984
2018-08-22 13:00,31.131
2018-08-22 13:15,31.488
2018-08-22 13:30,31.846
2018-08-22 13:45,32.204
2018-08-22 14:00,32.562
2018-08-22 14:15,32.754
2018-08-22 14:30,32.946
2018-08-22 14:45,33.138
2018-08-22 15:00,33.331
2018-08-22 15:15,33.477
2018-08-22 15:30,33.623
2018-08-22 15:45,33.769
2018-08-22 16:00,33.916
2018-08-22 16:15,33.973
2018-08-22 16:30,34.031
2018-08-22 16:45,34.088
2018-08-22 17:00,34.146
2018-08-22 17:15,34.108
2018-08-22 17:30,34.069
2018-08-22 17:45,34.031
2018-08-22 18:00,33.992
2018-08-22 18:15,33.904
2018-08-22 18:30,33.816
2018-08-22 18:45,33.727
2018-08-22 19:00,33.638
2018-08-22 19:15,33.406
2018-08-22 19:30,33.173
2018-08-22 19:45,32.941
2018-08-22 20:00,32.708
2018-08-22 20:15,32.437
2018-08-22 20:30,32.166
2018-08-22 20:45,31.894
2018-08-22 21:00,31.623
2018-08-22 21:15,31.244
2018-08-22 21:30,30.866
2018-08-22 21:45,30.487
2018-08-22 22:00,30.108
2018-08-22 22:15,29.75
2018-08-22 22:30,29.392
2018-08-22 22:45,29.034
2018-08-22 23:00,28.677
2018-08-22 23:15,28.513
2018-08-22 23:30,28.35
2018-08-22 23:45,28.187
2018-08-23 00:00,28.023
2018-08-23 00:15,28.013
2018-08-23 00:30,28.004
2018-08-23 00:45,27.994
2018-08-23 01:00,27.984
2018-08-23 01:15,27.877
2018-08-23 01:30,27.769
2018-08-23 01:45,27.662
2018-08-23 02:00,27.554
2018-08-23 02:15,27.391
2018-08-23 02:30,27.227
2018-08-23 02:45,27.063
2018-08-23 03:00,26.9
2018-08-23 03:15,26.559
2018-08-23 03:30,26.219
2018-08-23 03:45,25.879
2018-08-23 04:00,25.538
2018-08-23 04:15,25.541
2018-08-23 04:30,25.542
2018-08-23 04:45,25.544
2018-08-23 05:00,25.546
2018-08-23 05:15,25.652
2018-08-23 05:30,25.758
2018-08-23 05:45,25.863
2018-08-23 06:00,25.969
2018-08-23 06:15,25.9
2018-08-23 06:30,25.831
2018-08-23 06:45,25.762
2018-08-23 07:00,25.692
2018-08-23 07:15,25.666
2018-08-23 07:30,25.638
2018-08-23 07:45,25.612
2018-08-23 08:00,25.584
2018-08-23 08:15,25.846
2018-08-23 08:30,26.108
2018-08-23 08:45,26.369
2018-08-23 09:00,26.631
2018-08-23 09:15,27.029
2018-08-23 09:30,27.427
2018-08-23 09:45,27.825
2018-08-23 10:00,28.223
2018-08-23 10:15,28.688
2018-08-23 10:30,29.154
2018-08-23 10:45,29.619
2018-08-23 11:00,30.084
2018-08-23 11:15,30.666
2018-08-23 11:30,31.246
2018-08-23 11:45,31.827
2018-08-23 12:00,32.408
2018-08-23 12:15,32.941
2018-08-23 12:30,33.473
2018-08-23 12:45,34.006
2018-08-23 13:00,34.538
2018-08-23 13:15,34.887
2018-08-23 13:30,35.234
2018-08-23 13:45,35.583
2018-08-23 14:00,35.931
2018-08-23 14:15,36.038
2018-08-23 14:30,36.146
2018-08-23 14:45,36.254
2018-08-23 15:00,36.362
2018-08-23 15:15,36.544
2018-08-23 15:30,36.727
2018-08-23 15:45,36.909
2018-08-23 16:00,37.092
2018-08-23 16:15,37.054
2018-08-23 16:30,37.016
2018-08-23 16:45,36.977
2018-08-23 17:00,36.938
2018-08-23 17:15,36.948
2018-08-23 17:30,36.958
2018-08-23 17:45,36.967
2018-08-23 18:00,36.977
2018-08-23 18:15,36.792
2018-08-23 18:30,36.608
2018-08-23 18:45,36.423
2018-08-23 19:00,36.238
2018-08-23 19:15,36.025
2018-08-23 19:30,35.812
2018-08-23 19:45,35.598
2018-08-23 20:00,35.384
2018-08-23 20:15,34.987
2018-08-23 20:30,34.588
2018-08-23 20:45,34.191
2018-08-23 21:00,33.792
2018-08-23 21:15,33.541
2018-08-23 21:30,33.288
2018-08-23 21:45,33.037
2018-08-23 22:00,32.784
2018-08-23 22:15,32.602
2018-08-23 22:30,32.419
2018-08-23 22:45,32.237
2018-08-23 23:00,32.054
2018-08-23 23:15,32.016
2018-08-23 23:30,31.977
2018-08-23 23:45,31.938
2018-08-24 00:00,31.9
2018-08-24 00:15,31.687
2018-08-24 00:30,31.473
2018-08-24 00:45,31.259
2018-08-24 01:00,31.046
2018-08-24 01:15,30.754
2018-08-24 01:30,30.462
2018-08-24 01:45,30.169
2018-08-24 02:00,29.877
2018-08-24 02:15,29.666
2018-08-24 02:30,29.454
2018-08-24 02:45,29.242
2018-08-24 03:00,29.031
2018-08-24 03:15,29.002
2018-08-24 03:30,28.973
2018-08-24 03:45,28.944
2018-08-24 04:00,28.916
2018-08-24 04:15,28.731
2018-08-24 04:30,28.546
2018-08-24 04:45,28.362
2018-08-24 05:00,28.177
2018-08-24 05:15,28.129
2018-08-24 05:30,28.081
2018-08-24 05:45,28.033
2018-08-24 06:00,27.984
2018-08-24 06:15,27.829
2018-08-24 06:30,27.673
2018-08-24 06:45,27.517
2018-08-24 07:00,27.362
2018-08-24 07:15,27.275
2018-08-24 07:30,27.188
2018-08-24 07:45,27.102
2018-08-24 08:00,27.016
2018-08-24 08:15,27.229
2018-08-24 08:30,27.442
2018-08-24 08:45,27.656
2018-08-24 09:00,27.869
2018-08-24 09:15,28.287
2018-08-24 09:30,28.704
2018-08-24 09:45,29.121
2018-08-24 10:00,29.538
2018-08-24 10:15,30.013
2018-08-24 10:30,30.488
2018-08-24 10:45,30.963
2018-08-24 11:00,31.438
2018-08-24 11:15,31.719
2018-08-24 11:30,32.0
2018-08-24 11:45,32.281
2018-08-24 12:00,32.562
2018-08-24 12:15,32.891
2018-08-24 12:30,33.219
2018-08-24 12:45,33.548
2018-08-24 13:00,33.877
2018-08-24 13:15,34.266
2018-08-24 13:30,34.654
2018-08-24 13:45,35.042
2018-08-24 14:00,35.431
2018-08-24 14:15,35.575
2018-08-24 14:30,35.719
2018-08-24 14:45,35.863
2018-08-24 15:00,36.008
2018-08-24 15:15,36.154
2018-08-24 15:30,36.3
2018-08-24 15:45,36.446
2018-08-24 16:00,36.592
2018-08-24 16:15,36.669
2018-08-24 16:30,36.746
2018-08-24 16:45,36.823
2018-08-24 17:00,36.9
2018-08-24 17:15,36.888
2018-08-24 17:30,36.877
2018-08-24 17:45,36.866
2018-08-24 18:00,36.854
2018-08-24 18:15,36.633
2018-08-24 18:30,36.412
2018-08-24 18:45,36.191
2018-08-24 19:00,35.969
2018-08-24 19:15,35.754
2018-08-24 19:30,35.538
2018-08-24 19:45,35.323
2018-08-24 20:00,35.108
2018-08-24 20:15,34.702
2018-08-24 20:30,34.296
2018-08-24 20:45,33.891
2018-08-24 21:00,33.484
2018-08-24 21:15,33.291
2018-08-24 21:30,33.096
2018-08-24 21:45,32.902
2018-08-24 22:00,32.708
2018-08-24 22:15,32.506
2018-08-24 22:30,32.304
2018-08-24 22:45,32.102
2018-08-24 23:00,31.9
2018-08-24 23:15,31.919
2018-08-24 23:30,31.938
2018-08-24 23:45,31.958
2018-08-25 00:00,31.977
2018-08-25 00:15,31.783
2018-08-25 00:30,31.588
2018-08-25 00:45,31.394
2018-08-25 01:00,31.2
2018-08-25 01:15,30.888
2018-08-25 01:30,30.577
2018-08-25 01:45,30.266
2018-08-25 02:00,29.954
2018-08-25 02:15,29.713
2018-08-25 02:30,29.473
2018-08-25 02:45,29.233
2018-08-25 03:00,28.992
2018-08-25 03:15,28.884
2018-08-25 03:30,28.777
2018-08-25 03:45,28.669
2018-08-25 04:00,28.562
2018-08-25 04:15,28.417
2018-08-25 04:30,28.273
2018-08-25 04:45,28.129
2018-08-25 05:00,27.984
2018-08-25 05:15,27.934
2018-08-25 05:30,27.884
2018-08-25 05:45,27.834
2018-08-25 06:00,27.784
2018-08-25 06:15,27.583
2018-08-25 06:30,27.381
2018-08-25 06:45,27.179
2018-08-25 07:00,26.977
2018-08-25 07:15,26.958
2018-08-25 07:30,26.938
2018-08-25 07:45,26.919
2018-08-25 08:00,26.9
2018-08-25 08:15,27.037
2018-08-25 08:30,27.173
2018-08-25 08:45,27.309
2018-08-25 09:00,27.446
2018-08-25 09:15,27.727
2018-08-25 09:30,28.008
2018-08-25 09:45,28.288
2018-08-25 10:00,28.569
2018-08-25 10:15,28.977
2018-08-25 10:30,29.384
2018-08-25 10:45,29.792
2018-08-25 11:00,30.2
2018-08-25 11:15,30.627
2018-08-25 11:30,31.054
2018-08-25 11:45,31.481
2018-08-25 12:00,31.908
2018-08-25 12:15,32.167
2018-08-25 12:30,32.427
2018-08-25 12:45,32.687
2018-08-25 13:00,32.946
2018-08-25 13:15,33.198
2018-08-25 13:30,33.45
2018-08-25 13:45,33.702
2018-08-25 14:00,33.954
2018-08-25 14:15,34.227
2018-08-25 14:30,34.5
2018-08-25 14:45,34.773
2018-08-25 15:00,35.046
2018-08-25 15:15,35.171
2018-08-25 15:30,35.296
2018-08-25 15:45,35.421
2018-08-25 16:00,35.546
2018-08-25 16:15,35.652
2018-08-25 16:30,35.758
2018-08-25 16:45,35.863
2018-08-25 17:00,35.969
2018-08-25 17:15,35.969
2018-08-25 17:30,35.969
2018-08-25 17:45,35.969
2018-08-25 18:00,35.969
2018-08-25 18:15,35.638
2018-08-25 18:30,35.308
2018-08-25 18:45,34.977
2018-08-25 19:00,34.646
2018-08-25 19:15,34.452
2018-08-25 19:30,34.258
2018-08-25 19:45,34.063
2018-08-25 20:00,33.869
2018-08-25 20:15,33.629
2018-08-25 20:30,33.388
2018-08-25 20:45,33.148
2018-08-25 21:00,32.908
2018-08-25 21:15,32.675
2018-08-25 21:30,32.442
2018-08-25 21:45,32.209
2018-08-25 22:00,31.977
2018-08-25 22:15,31.713
2018-08-25 22:30,31.45
2018-08-25 22:45,31.187
2018-08-25 23:00,30.923
2018-08-25 23:15,30.781
2018-08-25 23:30,30.638
2018-08-25 23:45,30.496
2018-08-26 00:00,30.354
2018-08-26 00:15,30.304
2018-08-26 00:30,30.254
2018-08-26 00:45,30.204
2018-08-26 01:00,30.154
2018-08-26 01:15,29.931
2018-08-26 01:30,29.708
2018-08-26 01:45,29.484
2018-08-26 02:00,29.262
2018-08-26 02:15,29.163
2018-08-26 02:30,29.066
2018-08-26 02:45,28.967
2018-08-26 03:00,28.869
2018-08-26 03:15,28.734
2018-08-26 03:30,28.6
2018-08-26 03:45,28.466
2018-08-26 04:00,28.331
2018-08-26 04:15,28.244
2018-08-26 04:30,28.158
2018-08-26 04:45,28.071
2018-08-26 05:00,27.984
2018-08-26 05:15,27.8
2018-08-26 05:30,27.616
2018-08-26 05:45,27.431
2018-08-26 06:00,27.246
2018-08-26 06:15,27.179
2018-08-26 06:30,27.112
2018-08-26 06:45,27.044
2018-08-26 07:00,26.977
2018-08-26 07:15,26.977
2018-08-26 07:30,26.977
2018-08-26 07:45,26.977
2018-08-26 08:00,26.977
2018-08-26 08:15,27.075
2018-08-26 08:30,27.173
2018-08-26 08:45,27.271
2018-08-26 09:00,27.369
2018-08-26 09:15,27.669
2018-08-26 09:30,27.969
2018-08-26 09:45,28.269
2018-08-26 10:00,28.569
2018-08-26 10:15,28.948
2018-08-26 10:30,29.327
2018-08-26 10:45,29.706
2018-08-26 11:00,30.084
2018-08-26 11:15,30.462
2018-08-26 11:30,30.838
2018-08-26 11:45,31.216
2018-08-26 12:00,31.592
2018-08-26 12:15,31.834
2018-08-26 12:30,32.077
2018-08-26 12:45,32.319
2018-08-26 13:00,32.562
2018-08-26 13:15,32.766
2018-08-26 13:30,32.969
2018-08-26 13:45,33.173
2018-08-26 14:00,33.377
2018-08-26 14:15,33.502
2018-08-26 14:30,33.627
2018-08-26 14:45,33.752
2018-08-26 15:00,33.877
2018-08-26 15:15,33.896
2018-08-26 15:30,33.916
2018-08-26 15:45,33.934
2018-08-26 16:00,33.954
2018-08-26 16:15,33.992
2018-08-26 16:30,34.031
2018-08-26 16:45,34.069
2018-08-26 17:00,34.108
2018-08-26 17:15,34.059
2018-08-26 17:30,34.012
2018-08-26 17:45,33.963
2018-08-26 18:00,33.916
2018-08-26 18:15,33.916
2018-08-26 18:30,33.916
2018-08-26 18:45,33.916
2018-08-26 19:00,33.916
2018-08-26 19:15,33.663
2018-08-26 19:30,33.412
2018-08-26 19:45,33.159
2018-08-26 20:00,32.908
2018-08-26 20:15,32.644
2018-08-26 20:30,32.381
2018-08-26 20:45,32.117
2018-08-26 21:00,31.854
2018-08-26 21:15,31.671
2018-08-26 21:30,31.488
2018-08-26 21:45,31.306
2018-08-26 22:00,31.123
2018-08-26 22:15,30.919
2018-08-26 22:30,30.716
2018-08-26 22:45,30.512
2018-08-26 23:00,30.308
2018-08-26 23:15,30.192
2018-08-26 23:30,30.077
2018-08-26 23:45,29.962
2018-08-27 00:00,29.846
2018-08-27 00:15,29.7
2018-08-27 00:30,29.554
2018-08-27 00:45,29.408
2018-08-27 01:00,29.262
2018-08-27 01:15,29.125
2018-08-27 01:30,28.988
2018-08-27 01:45,28.852
2018-08-27 02:00,28.716
2018-08-27 02:15,28.542
2018-08-27 02:30,28.369
2018-08-27 02:45,28.196
2018-08-27 03:00,28.023
2018-08-27 03:15,27.963
2018-08-27 03:30,27.904
2018-08-27 03:45,27.844
2018-08-27 04:00,27.784
2018-08-27 04:15,27.583
2018-08-27 04:30,27.381
2018-08-27 04:45,27.179
2018-08-27 05:00,26.977
2018-08-27 05:15,26.977
2018-08-27 05:30,26.977
2018-08-27 05:45,26.977
2018-08-27 06:00,26.977
2018-08-27 06:15,26.754
2018-08-27 06:30,26.531
2018-08-27 06:45,26.308
2018-08-27 07:00,26.084
2018-08-27 07:15,26.066
2018-08-27 07:30,26.046
2018-08-27 07:45,26.027
2018-08-27 08:00,26.008
2018-08-27 08:15,26.183
2018-08-27 08:30,26.358
2018-08-27 08:45,26.533
2018-08-27 09:00,26.708
2018-08-27 09:15,26.979
2018-08-27 09:30,27.25
2018-08-27 09:45,27.521
2018-08-27 10:00,27.792
2018-08-27 10:15,28.279
2018-08-27 10:30,28.766
2018-08-27 10:45,29.252
2018-08-27 11:00,29.738
2018-08-27 11:15,30.087
2018-08-27 11:30,30.434
2018-08-27 11:45,30.783
2018-08-27 12:00,31.131
2018-08-27 12:15,31.429
2018-08-27 12:30,31.727
2018-08-27 12:45,32.025
2018-08-27 13:00,32.323
2018-08-27 13:15,32.567
2018-08-27 13:30,32.812
2018-08-27 13:45,33.056
2018-08-27 14:00,33.3
2018-08-27 14:15,33.463
2018-08-27 14:30,33.627
2018-08-27 14:45,33.791
2018-08-27 15:00,33.954
2018-08-27 15:15,33.973
2018-08-27 15:30,33.992
2018-08-27 15:45,34.012
2018-08-27 16:00,34.031
2018-08-27 16:15,34.05
2018-08-27 16:30,34.069
2018-08-27 16:45,34.088
2018-08-27 17:00,34.108
2018-08-27 17:15,34.088
2018-08-27 17:30,34.069
2018-08-27 17:45,34.05
2018-08-27 18:00,34.031
2018-08-27 18:15,34.021
2018-08-27 18:30,34.012
2018-08-27 18:45,34.002
2018-08-27 19:00,33.992
2018-08-27 19:15,33.741
2018-08-27 19:30,33.488
2018-08-27 19:45,33.237
2018-08-27 20:00,32.984
2018-08-27 20:15,32.733
2018-08-27 20:30,32.481
2018-08-27 20:45,32.229
2018-08-27 21:00,31.977
2018-08-27 21:15,31.773
2018-08-27 21:30,31.569
2018-08-27 21:45,31.366
2018-08-27 22:00,31.162
2018-08-27 22:15,30.929
2018-08-27 22:30,30.696
2018-08-27 22:45,30.463
2018-08-27 23:00,30.231
2018-08-27 23:15,29.998
2018-08-27 23:30,29.766
2018-08-27 23:45,29.533
2018-08-28 00:00,29.3
2018-08-28 00:15,29.204
2018-08-28 00:30,29.108
2018-08-28 00:45,29.012
2018-08-28 01:00,28.916
2018-08-28 01:15,28.712
2018-08-28 01:30,28.508
2018-08-28 01:45,28.304
2018-08-28 02:00,28.1
2018-08-28 02:15,28.052
2018-08-28 02:30,28.004
2018-08-28 02:45,27.956
2018-08-28 03:00,27.908
2018-08-28 03:15,27.704
2018-08-28 03:30,27.5
2018-08-28 03:45,27.296
2018-08-28 04:00,27.092
2018-08-28 04:15,27.063
2018-08-28 04:30,27.034
2018-08-28 04:45,27.006
2018-08-28 05:00,26.977
2018-08-28 05:15,26.792
2018-08-28 05:30,26.608
2018-08-28 05:45,26.423
2018-08-28 06:00,26.238
2018-08-28 06:15,26.171
2018-08-28 06:30,26.104
2018-08-28 06:45,26.037
2018-08-28 07:00,25.969
2018-08-28 07:15,25.969
2018-08-28 07:30,25.969
2018-08-28 07:45,25.969
2018-08-28 08:00,25.969
2018-08-28 08:15,26.116
2018-08-28 08:30,26.262
2018-08-28 08:45,26.408
2018-08-28 09:00,26.554
2018-08-28 09:15,26.844
2018-08-28 09:30,27.134
2018-08-28 09:45,27.425
2018-08-28 10:00,27.716
2018-08-28 10:15,28.075
2018-08-28 10:30,28.434
2018-08-28 10:45,28.794
2018-08-28 11:00,29.154
2018-08-28 11:15,29.598
2018-08-28 11:30,30.042
2018-08-28 11:45,30.487
2018-08-28 12:00,30.931
2018-08-28 12:15,31.252
2018-08-28 12:30,31.573
2018-08-28 12:45,31.894
2018-08-28 13:00,32.216
2018-08-28 13:15,32.417
2018-08-28 13:30,32.619
2018-08-28 13:45,32.821
2018-08-28 14:00,33.023
2018-08-28 14:15,33.256
2018-08-28 14:30,33.488
2018-08-28 14:45,33.721
2018-08-28 15:00,33.954
2018-08-28 15:15,33.954
2018-08-28 15:30,33.954
2018-08-28 15:45,33.954
2018-08-28 16:00,33.954
2018-08-28 16:15,34.127
2018-08-28 16:30,34.3
2018-08-28 16:45,34.473
2018-08-28 17:00,34.646
2018-08-28 17:15,34.608
2018-08-28 17:30,34.569
2018-08-28 17:45,34.531
2018-08-28 18:00,34.492
2018-08-28 18:15,34.367
2018-08-28 18:30,34.242
2018-08-28 18:45,34.117
2018-08-28 19:00,33.992
2018-08-28 19:15,33.779
2018-08-28 19:30,33.566
2018-08-28 19:45,33.352
2018-08-28 20:00,33.138
2018-08-28 20:15,32.944
2018-08-28 20:30,32.75
2018-08-28 20:45,32.556
2018-08-28 21:00,32.362
2018-08-28 21:15,32.091
2018-08-28 21:30,31.819
2018-08-28 21:45,31.548
2018-08-28 22:00,31.277
2018-08-28 22:15,30.966
2018-08-28 22:30,30.654
2018-08-28 22:45,30.342
2018-08-28 23:00,30.031
2018-08-28 23:15,29.663
2018-08-28 23:30,29.296
2018-08-28 23:45,28.929
2018-08-29 00:00,28.562
2018-08-29 00:15,28.348
2018-08-29 00:30,28.134
2018-08-29 00:45,27.921
2018-08-29 01:00,27.708
2018-08-29 01:15,27.525
2018-08-29 01:30,27.342
2018-08-29 01:45,27.159
2018-08-29 02:00,26.977
2018-08-29 02:15,26.773
2018-08-29 02:30,26.569
2018-08-29 02:45,26.366
2018-08-29 03:00,26.162
2018-08-29 03:15,26.113
2018-08-29 03:30,26.066
2018-08-29 03:45,26.017
2018-08-29 04:00,25.969
2018-08-29 04:15,25.969
2018-08-29 04:30,25.969
2018-08-29 04:45,25.969
2018-08-29 05:00,25.969
2018-08-29 05:15,25.804
2018-08-29 05:30,25.638
2018-08-29 05:45,25.473
2018-08-29 06:00,25.308
2018-08-29 06:15,25.123
2018-08-29 06:30,24.938
2018-08-29 06:45,24.754
2018-08-29 07:00,24.569
2018-08-29 07:15,24.6
2018-08-29 07:30,24.631
2018-08-29 07:45,24.662
2018-08-29 08:00,24.692
2018-08-29 08:15,25.091
2018-08-29 08:30,25.488
2018-08-29 08:45,25.887
2018-08-29 09:00,26.284
2018-08-29 09:15,26.575
2018-08-29 09:30,26.866
2018-08-29 09:45,27.156
2018-08-29 10:00,27.446
2018-08-29 10:15,27.766
2018-08-29 10:30,28.084
2018-08-29 10:45,28.404
2018-08-29 11:00,28.723
2018-08-29 11:15,29.167
2018-08-29 11:30,29.612
2018-08-29 11:45,30.056
2018-08-29 12:00,30.5
2018-08-29 12:15,30.744
2018-08-29 12:30,30.988
2018-08-29 12:45,31.233
2018-08-29 13:00,31.477
2018-08-29 13:15,31.777
2018-08-29 13:30,32.077
2018-08-29 13:45,32.377
2018-08-29 14:00,32.677
2018-08-29 14:15,32.929
2018-08-29 14:30,33.181
2018-08-29 14:45,33.433
2018-08-29 15:00,33.684
2018-08-29 15:15,33.771
2018-08-29 15:30,33.858
2018-08-29 15:45,33.944
2018-08-29 16:00,34.031
2018-08-29 16:15,33.992
2018-08-29 16:30,33.954
2018-08-29 16:45,33.916
2018-08-29 17:00,33.877
2018-08-29 17:15,33.875
2018-08-29 17:30,33.873
2018-08-29 17:45,33.871
2018-08-29 18:00,33.869
2018-08-29 18:15,33.881
2018-08-29 18:30,33.892
2018-08-29 18:45,33.904
2018-08-29 19:00,33.916
2018-08-29 19:15,33.575
2018-08-29 19:30,33.234
2018-08-29 19:45,32.894
2018-08-29 20:00,32.554
2018-08-29 20:15,32.409
2018-08-29 20:30,32.266
2018-08-29 20:45,32.121
2018-08-29 21:00,31.977
2018-08-29 21:15,31.763
2018-08-29 21:30,31.55
2018-08-29 21:45,31.337
2018-08-29 22:00,31.123
2018-08-29 22:15,30.667
2018-08-29 22:30,30.212
2018-08-29 22:45,29.756
2018-08-29 23:00,29.3
2018-08-29 23:15,29.009
2018-08-29 23:30,28.719
2018-08-29 23:45,28.429
2018-08-30 00:00,28.138
2018-08-30 00:15,27.916
2018-08-30 00:30,27.692
2018-08-30 00:45,27.469
2018-08-30 01:00,27.246
2018-08-30 01:15,27.071
2018-08-30 01:30,26.896
2018-08-30 01:45,26.721
2018-08-30 02:00,26.546
2018-08-30 02:15,26.294
2018-08-30 02:30,26.042
2018-08-30 02:45,25.791
2018-08-30 03:00,25.538
2018-08-30 03:15,25.238
2018-08-30 03:30,24.938
2018-08-30 03:45,24.638
2018-08-30 04:00,24.338
2018-08-30 04:15,24.252
2018-08-30 04:30,24.166
2018-08-30 04:45,24.079
2018-08-30 05:00,23.992
2018-08-30 05:15,23.808
2018-08-30 05:30,23.623
2018-08-30 05:45,23.438
2018-08-30 06:00,23.254
2018-08-30 06:15,23.187
2018-08-30 06:30,23.119
2018-08-30 06:45,23.052
2018-08-30 07:00,22.984
2018-08-30 07:15,23.063
2018-08-30 07:30,23.142
2018-08-30 07:45,23.221
2018-08-30 08:00,23.3
2018-08-30 08:15,23.571
2018-08-30 08:30,23.842
2018-08-30 08:45,24.113
2018-08-30 09:00,24.384
2018-08-30 09:15,24.802
2018-08-30 09:30,25.219
2018-08-30 09:45,25.637
2018-08-30 10:00,26.054
2018-08-30 10:15,26.412
2018-08-30 10:30,26.769
2018-08-30 10:45,27.127
2018-08-30 11:00,27.484
2018-08-30 11:15,27.941
2018-08-30 11:30,28.396
2018-08-30 11:45,28.852
2018-08-30 12:00,29.308
2018-08-30 12:15,29.783
2018-08-30 12:30,30.258
2018-08-30 12:45,30.733
2018-08-30 13:00,31.208
2018-08-30 13:15,31.487
2018-08-30 13:30,31.766
2018-08-30 13:45,32.044
2018-08-30 14:00,32.323
2018-08-30 14:15,32.479
2018-08-30 14:30,32.634
2018-08-30 14:45,32.791
2018-08-30 15:00,32.946
2018-08-30 15:15,33.042
2018-08-30 15:30,33.138
2018-08-30 15:45,33.234
2018-08-30 16:00,33.331
2018-08-30 16:15,33.331
2018-08-30 16:30,33.331
2018-08-30 16:45,33.331
2018-08-30 17:00,33.331
2018-08-30 17:15,33.244
2018-08-30 17:30,33.158
2018-08-30 17:45,33.071
2018-08-30 18:00,32.984
2018-08-30 18:15,32.896
2018-08-30 18:30,32.808
2018-08-30 18:45,32.719
2018-08-30 19:00,32.631
2018-08-30 19:15,32.312
2018-08-30 19:30,31.992
2018-08-30 19:45,31.673
2018-08-30 20:00,31.354
2018-08-30 20:15,31.023
2018-08-30 20:30,30.692
2018-08-30 20:45,30.362
2018-08-30 21:00,30.031
2018-08-30 21:15,29.771
2018-08-30 21:30,29.512
2018-08-30 21:45,29.252
2018-08-30 22:00,28.992
2018-08-30 22:15,28.779
2018-08-30 22:30,28.566
2018-08-30 22:45,28.352
2018-08-30 23:00,28.138
2018-08-30 23:15,27.983
2018-08-30 23:30,27.828
2018-08-30 23:45,27.672
2018-08-31 00:00,27.517
2018-08-31 00:15,27.324
2018-08-31 00:30,27.132
2018-08-31 00:45,26.939
2018-08-31 01:00,26.746
2018-08-31 01:15,26.581
2018-08-31 01:30,26.416
2018-08-31 01:45,26.25
2018-08-31 02:00,26.084
2018-08-31 02:15,26.056
2018-08-31 02:30,26.027
2018-08-31 02:45,25.998
2018-08-31 03:00,25.969
2018-08-31 03:15,25.969
2018-08-31 03:30,25.969
2018-08-31 03:45,25.969
2018-08-31 04:00,25.969
2018-08-31 04:15,25.9
2018-08-31 04:30,25.831
2018-08-31 04:45,25.762
2018-08-31 05:00,25.692
2018-08-31 05:15,25.354
2018-08-31 05:30,25.016
2018-08-31 05:45,24.677
2018-08-31 06:00,24.338
2018-08-31 06:15,24.163
2018-08-31 06:30,23.988
2018-08-31 06:45,23.813
2018-08-31 07:00,23.638
2018-08-31 07:15,23.554
2018-08-31 07:30,23.469
2018-08-31 07:45,23.384
2018-08-31 08:00,23.3
2018-08-31 08:15,23.823
2018-08-31 08:30,24.346
2018-08-31 08:45,24.869
2018-08-31 09:00,25.392
2018-08-31 09:15,25.954
2018-08-31 09:30,26.516
2018-08-31 09:45,27.077
2018-08-31 10:00,27.638
2018-08-31 10:15,28.075
2018-08-31 10:30,28.512
2018-08-31 10:45,28.948
2018-08-31 11:00,29.384
2018-08-31 11:15,29.829
2018-08-31 11:30,30.273
2018-08-31 11:45,30.717
2018-08-31 12:00,31.162
2018-08-31 12:15,31.375
2018-08-31 12:30,31.588
2018-08-31 12:45,31.802
2018-08-31 13:00,32.016
2018-08-31 13:15,32.267
2018-08-31 13:30,32.519
2018-08-31 13:45,32.771
2018-08-31 14:00,33.023
2018-08-31 14:15,33.092
2018-08-31 14:30,33.162
2018-08-31 14:45,33.231
2018-08-31 15:00,33.3
2018-08-31 15:15,33.404
2018-08-31 15:30,33.508
2018-08-31 15:45,33.612
2018-08-31 16:00,33.716
2018-08-31 16:15,33.677
2018-08-31 16:30,33.638
2018-08-31 16:45,33.6
2018-08-31 17:00,33.562
2018-08-31 17:15,33.523
2018-08-31 17:30,33.484
2018-08-31 17:45,33.446
2018-08-31 18:00,33.408
2018-08-31 18:15,33.341
2018-08-31 18:30,33.273
2018-08-31 18:45,33.206
2018-08-31 19:00,33.138
2018-08-31 19:15,32.867
2018-08-31 19:30,32.596
2018-08-31 19:45,32.325
2018-08-31 20:00,32.054
2018-08-31 20:15,31.694
2018-08-31 20:30,31.334
2018-08-31 20:45,30.975
2018-08-31 21:00,30.616
2018-08-31 21:15,30.316
2018-08-31 21:30,30.016
2018-08-31 21:45,29.716
2018-08-31 22:00,29.416
2018-08-31 22:15,29.291
2018-08-31 22:30,29.166
2018-08-31 22:45,29.041
2018-08-31 23:00,28.916
2018-08-31 23:15,28.866
2018-08-31 23:30,28.816
2018-08-31 23:45,28.766
2018-09-01 00:00,28.716
2018-09-01 00:15,28.591
2018-09-01 00:30,28.466
2018-09-01 00:45,28.341
2018-09-01 01:00,28.216
2018-09-01 01:15,27.925
2018-09-01 01:30,27.634
2018-09-01 01:45,27.344
2018-09-01 02:00,27.054
2018-09-01 02:15,26.984
2018-09-01 02:30,26.916
2018-09-01 02:45,26.846
2018-09-01 03:00,26.777
2018-09-01 03:15,26.525
2018-09-01 03:30,26.273
2018-09-01 03:45,26.021
2018-09-01 04:00,25.769
2018-09-01 04:15,25.481
2018-09-01 04:30,25.192
2018-09-01 04:45,24.904
2018-09-01 05:00,24.616
2018-09-01 05:15,24.527
2018-09-01 05:30,24.438
2018-09-01 05:45,24.35
2018-09-01 06:00,24.262
2018-09-01 06:15,24.125
2018-09-01 06:30,23.988
2018-09-01 06:45,23.852
2018-09-01 07:00,23.716
2018-09-01 07:15,23.641
2018-09-01 07:30,23.566
2018-09-01 07:45,23.491
2018-09-01 08:00,23.416
2018-09-01 08:15,24.094
2018-09-01 08:30,24.773
2018-09-01 08:45,25.452
2018-09-01 09:00,26.131
2018-09-01 09:15,26.527
2018-09-01 09:30,26.923
2018-09-01 09:45,27.319
2018-09-01 10:00,27.716
2018-09-01 10:15,28.094
2018-09-01 10:30,28.473
2018-09-01 10:45,28.852
2018-09-01 11:00,29.231
2018-09-01 11:15,29.531
2018-09-01 11:30,29.831
2018-09-01 11:45,30.131
2018-09-01 12:00,30.431
2018-09-01 12:15,30.546
2018-09-01 12:30,30.662
2018-09-01 12:45,30.777
2018-09-01 13:00,30.892
2018-09-01 13:15,31.192
2018-09-01 13:30,31.492
2018-09-01 13:45,31.792
2018-09-01 14:00,32.092
2018-09-01 14:15,32.034
2018-09-01 14:30,31.977
2018-09-01 14:45,31.919
2018-09-01 15:00,31.862
2018-09-01 15:15,31.979
2018-09-01 15:30,32.096
2018-09-01 15:45,32.213
2018-09-01 16:00,32.331
2018-09-01 16:15,32.456
2018-09-01 16:30,32.581
2018-09-01 16:45,32.706
2018-09-01 17:00,32.831
2018-09-01 17:15,32.684
2018-09-01 17:30,32.538
2018-09-01 17:45,32.392
2018-09-01 18:00,32.246
2018-09-01 18:15,32.217
2018-09-01 18:30,32.188
2018-09-01 18:45,32.159
2018-09-01 19:00,32.131
2018-09-01 19:15,31.898
2018-09-01 19:30,31.666
2018-09-01 19:45,31.433
2018-09-01 20:00,31.2
2018-09-01 20:15,30.831
2018-09-01 20:30,30.462
2018-09-01 20:45,30.092
2018-09-01 21:00,29.723
2018-09-01 21:15,29.541
2018-09-01 21:30,29.358
2018-09-01 21:45,29.175
2018-09-01 22:00,28.992
2018-09-01 22:15,28.904
2018-09-01 22:30,28.816
2018-09-01 22:45,28.727
2018-09-01 23:00,28.638
2018-09-01 23:15,28.475
2018-09-01 23:30,28.312
2018-09-01 23:45,28.148
2018-09-02 00:00,27.984
2018-09-02 00:15,27.877
2018-09-02 00:30,27.769
2018-09-02 00:45,27.662
2018-09-02 01:00,27.554
2018-09-02 01:15,27.409
2018-09-02 01:30,27.266
2018-09-02 01:45,27.121
2018-09-02 02:00,26.977
2018-09-02 02:15,26.792
2018-09-02 02:30,26.608
2018-09-02 02:45,26.423
2018-09-02 03:00,26.238
2018-09-02 03:15,26.171
2018-09-02 03:30,26.104
2018-09-02 03:45,26.037
2018-09-02 04:00,25.969
2018-09-02 04:15,25.773
2018-09-02 04:30,25.577
2018-09-02 04:45,25.381
2018-09-02 05:00,25.184
2018-09-02 05:15,24.916
2018-09-02 05:30,24.646
2018-09-02 05:45,24.377
2018-09-02 06:00,24.108
2018-09-02 06:15,23.991
2018-09-02 06:30,23.873
2018-09-02 06:45,23.756
2018-09-02 07:00,23.638
2018-09-02 07:15,23.631
2018-09-02 07:30,23.623
2018-09-02 07:45,23.616
2018-09-02 08:00,23.608
2018-09-02 08:15,24.016
2018-09-02 08:30,24.423
2018-09-02 08:45,24.831
2018-09-02 09:00,25.238
2018-09-02 09:15,25.733
2018-09-02 09:30,26.227
2018-09-02 09:45,26.721
2018-09-02 10:00,27.216
2018-09-02 10:15,27.475
2018-09-02 10:30,27.734
2018-09-02 10:45,27.994
2018-09-02 11:00,28.254
2018-09-02 11:15,28.483
2018-09-02 11:30,28.713
2018-09-02 11:45,28.942
2018-09-02 12:00,29.172
2018-09-02 12:15,29.475
2018-09-02 12:30,29.778
2018-09-02 12:45,30.081
2018-09-02 13:00,30.384
2018-09-02 13:15,30.734
2018-09-02 13:30,31.084
2018-09-02 13:45,31.434
2018-09-02 14:00,31.784
2018-09-02 14:15,31.931
2018-09-02 14:30,32.077
2018-09-02 14:45,32.223
2018-09-02 15:00,32.369
2018-09-02 15:15,32.446
2018-09-02 15:30,32.523
2018-09-02 15:45,32.6
2018-09-02 16:00,32.677
2018-09-02 16:15,32.6
2018-09-02 16:30,32.523
2018-09-02 16:45,32.446
2018-09-02 17:00,32.369
2018-09-02 17:15,32.367
2018-09-02 17:30,32.366
2018-09-02 17:45,32.363
2018-09-02 18:00,32.362
2018-09-02 18:15,32.177
2018-09-02 18:30,31.992
2018-09-02 18:45,31.808
2018-09-02 19:00,31.623
2018-09-02 19:15,31.333
2018-09-02 19:30,31.042
2018-09-02 19:45,30.752
2018-09-02 20:00,30.462
2018-09-02 20:15,30.094
2018-09-02 20:30,29.727
2018-09-02 20:45,29.359
2018-09-02 21:00,28.992
2018-09-02 21:15,28.748
2018-09-02 21:30,28.504
2018-09-02 21:45,28.259
2018-09-02 22:00,28.016
2018-09-02 22:15,27.706
2018-09-02 22:30,27.396
2018-09-02 22:45,27.087
2018-09-02 23:00,26.777
2018-09-02 23:15,26.544
2018-09-02 23:30,26.312
2018-09-02 23:45,26.079
2018-09-03 00:00,25.846
2018-09-03 00:15,25.574
2018-09-03 00:30,25.303
2018-09-03 00:45,25.032
2018-09-03 01:00,24.76
2018-09-03 01:15,24.578
2018-09-03 01:30,24.396
2018-09-03 01:45,24.213
2018-09-03 02:00,24.031
2018-09-03 02:15,24.021
2018-09-03 02:30,24.012
2018-09-03 02:45,24.002
2018-09-03 03:00,23.992
2018-09-03 03:15,23.973
2018-09-03 03:30,23.954
2018-09-03 03:45,23.934
2018-09-03 04:00,23.916
2018-09-03 04:15,24.157
2018-09-03 04:30,24.398
2018-09-03 04:45,24.639
2018-09-03 05:00,24.88
2018-09-03 05:15,24.154
2018-09-03 05:30,23.428
2018-09-03 05:45,22.703
2018-09-03 06:00,21.977
2018-09-03 06:15,21.958
2018-09-03 06:30,21.938
2018-09-03 06:45,21.919
2018-09-03 07:00,21.9
2018-09-03 07:15,21.914
2018-09-03 07:30,21.928
2018-09-03 07:45,21.943
2018-09-03 08:00,21.957
2018-09-03 08:15,21.964
2018-09-03 08:30,21.97
2018-09-03 08:45,21.977
2018-09-03 09:00,21.983
2018-09-03 09:15,21.973
2018-09-03 09:30,21.962
2018-09-03 09:45,21.951
2018-09-03 10:00,21.94
2018-09-03 10:15,21.931
2018-09-03 10:30,21.923
2018-09-03 10:45,21.914
2018-09-03 11:00,21.905
2018-09-03 11:15,21.922
2018-09-03 11:30,21.938
2018-09-03 11:45,21.954
2018-09-03 12:00,21.971
2018-09-03 12:15,22.021
2018-09-03 12:30,22.071
2018-09-03 12:45,22.121
2018-09-03 13:00,22.172
2018-09-03 13:15,22.803
2018-09-03 13:30,23.436
2018-09-03 13:45,24.068
2018-09-03 14:00,24.7
2018-09-03 14:15,25.092
2018-09-03 14:30,25.483
2018-09-03 14:45,25.875
2018-09-03 15:00,26.267
2018-09-03 15:15,25.846
2018-09-03 15:30,25.426
2018-09-03 15:45,25.005
2018-09-03 16:00,24.584
2018-09-03 16:15,24.979
2018-09-03 16:30,25.373
2018-09-03 16:45,25.767
2018-09-03 17:00,26.162
2018-09-03 17:15,26.044
2018-09-03 17:30,25.927
2018-09-03 17:45,25.809
2018-09-03 18:00,25.692
2018-09-03 18:15,25.334
2018-09-03 18:30,24.977
2018-09-03 18:45,24.619
2018-09-03 19:00,24.262
2018-09-03 19:15,24.059
2018-09-03 19:30,23.857
2018-09-03 19:45,23.655
2018-09-03 20:00,23.453
2018-09-03 20:15,23.989
2018-09-03 20:30,24.527
2018-09-03 20:45,25.063
2018-09-03 21:00,25.6
2018-09-03 21:15,24.956
2018-09-03 21:30,24.311
2018-09-03 21:45,23.666
2018-09-03 22:00,23.022
2018-09-03 22:15,23.666
2018-09-03 22:30,24.311
2018-09-03 22:45,24.956
2018-09-03 23:00,25.6
2018-09-03 23:15,25.6
2018-09-03 23:30,25.6
2018-09-03 23:45,25.6
2018-09-04 00:00,25.6
2018-09-04 00:15,25.725
2018-09-04 00:30,25.85
2018-09-04 00:45,25.975
2018-09-04 01:00,26.1
2018-09-04 01:15,26.038
2018-09-04 01:30,25.975
2018-09-04 01:45,25.913
2018-09-04 02:00,25.85
2018-09-04 02:15,25.139
2018-09-04 02:30,24.428
2018-09-04 02:45,23.718
2018-09-04 03:00,23.007
2018-09-04 03:15,22.855
2018-09-04 03:30,22.703
2018-09-04 03:45,22.552
2018-09-04 04:00,22.4
2018-09-04 04:15,22.298
2018-09-04 04:30,22.197
2018-09-04 04:45,22.094
2018-09-04 05:00,21.993
2018-09-04 05:15,21.983
2018-09-04 05:30,21.973
2018-09-04 05:45,21.963
2018-09-04 06:00,21.954
2018-09-04 06:15,21.954
2018-09-04 06:30,21.956
2018-09-04 06:45,21.956
2018-09-04 07:00,21.957
2018-09-04 07:15,21.957
2018-09-04 07:30,21.957
2018-09-04 07:45,21.957
2018-09-04 08:00,21.957
2018-09-04 08:15,22.002
2018-09-04 08:30,22.048
2018-09-04 08:45,22.093
2018-09-04 09:00,22.138
2018-09-04 09:15,22.457
2018-09-04 09:30,22.776
2018-09-04 09:45,23.096
2018-09-04 10:00,23.414
2018-09-04 10:15,23.984
2018-09-04 10:30,24.553
2018-09-04 10:45,25.123
2018-09-04 11:00,25.693
2018-09-04 11:15,26.012
2018-09-04 11:30,26.332
2018-09-04 11:45,26.651
2018-09-04 12:00,26.971
2018-09-04 12:15,27.195
2018-09-04 12:30,27.42
2018-09-04 12:45,27.644
2018-09-04 13:00,27.869
2018-09-04 13:15,27.956
2018-09-04 13:30,28.042
2018-09-04 13:45,28.129
2018-09-04 14:00,28.216
2018-09-04 14:15,28.302
2018-09-04 14:30,28.388
2018-09-04 14:45,28.475
2018-09-04 15:00,28.562
2018-09-04 15:15,28.573
2018-09-04 15:30,28.584
2018-09-04 15:45,28.596
2018-09-04 16:00,28.608
2018-09-04 16:15,28.819
2018-09-04 16:30,29.031
2018-09-04 16:45,29.243
2018-09-04 17:00,29.454
2018-09-04 17:15,29.339
2018-09-04 17:30,29.223
2018-09-04 17:45,29.108
2018-09-04 18:00,28.992
2018-09-04 18:15,28.75
2018-09-04 18:30,28.508
2018-09-04 18:45,28.266
2018-09-04 19:00,28.023
2018-09-04 19:15,28.013
2018-09-04 19:30,28.004
2018-09-04 19:45,27.994
2018-09-04 20:00,27.984
2018-09-04 20:15,27.791
2018-09-04 20:30,27.596
2018-09-04 20:45,27.402
2018-09-04 21:00,27.208
2018-09-04 21:15,26.956
2018-09-04 21:30,26.704
2018-09-04 21:45,26.452
2018-09-04 22:00,26.2
2018-09-04 22:15,26.054
2018-09-04 22:30,25.908
2018-09-04 22:45,25.762
2018-09-04 23:00,25.616
2018-09-04 23:15,25.462
2018-09-04 23:30,25.308
2018-09-04 23:45,25.154
2018-09-05 00:00,25.0
2018-09-05 00:15,24.796
2018-09-05 00:30,24.592
2018-09-05 00:45,24.388
2018-09-05 01:00,24.184
2018-09-05 01:15,24.538
2018-09-05 01:30,24.892
2018-09-05 01:45,25.246
2018-09-05 02:00,25.6
2018-09-05 02:15,25.6
2018-09-05 02:30,25.6
2018-09-05 02:45,25.6
2018-09-05 03:00,25.6
2018-09-05 03:15,25.6
2018-09-05 03:30,25.6
2018-09-05 03:45,25.6
2018-09-05 04:00,25.6
2018-09-05 04:15,25.6
2018-09-05 04:30,25.6
2018-09-05 04:45,25.6
2018-09-05 05:00,25.6
2018-09-05 05:15,25.6
2018-09-05 05:30,25.6
2018-09-05 05:45,25.6
2018-09-05 06:00,25.6
2018-09-05 06:15,24.956
2018-09-05 06:30,24.312
2018-09-05 06:45,23.667
2018-09-05 07:00,23.023
2018-09-05 07:15,23.112
2018-09-05 07:30,23.2
2018-09-05 07:45,23.288
2018-09-05 08:00,23.377
2018-09-05 08:15,23.541
2018-09-05 08:30,23.704
2018-09-05 08:45,23.867
2018-09-05 09:00,24.031
2018-09-05 09:15,24.487
2018-09-05 09:30,24.942
2018-09-05 09:45,25.398
2018-09-05 10:00,25.854
2018-09-05 10:15,26.125
2018-09-05 10:30,26.396
2018-09-05 10:45,26.667
2018-09-05 11:00,26.938
2018-09-05 11:15,27.241
2018-09-05 11:30,27.542
2018-09-05 11:45,27.844
2018-09-05 12:00,28.146
2018-09-05 12:15,27.813
2018-09-05 12:30,27.48
2018-09-05 12:45,27.147
2018-09-05 13:00,26.814
2018-09-05 13:15,27.102
2018-09-05 13:30,27.389
2018-09-05 13:45,27.677
2018-09-05 14:00,27.964
2018-09-05 14:15,28.163
2018-09-05 14:30,28.363
2018-09-05 14:45,28.562
2018-09-05 15:00,28.762
2018-09-05 15:15,28.752
2018-09-05 15:30,28.742
2018-09-05 15:45,28.732
2018-09-05 16:00,28.722
2018-09-05 16:15,27.959
2018-09-05 16:30,27.197
2018-09-05 16:45,26.436
2018-09-05 17:00,25.673
2018-09-05 17:15,25.971
2018-09-05 17:30,26.267
2018-09-05 17:45,26.564
2018-09-05 18:00,26.862
2018-09-05 18:15,26.821
2018-09-05 18:30,26.781
2018-09-05 18:45,26.741
2018-09-05 19:00,26.7
2018-09-05 19:15,26.398
2018-09-05 19:30,26.096
2018-09-05 19:45,25.794
2018-09-05 20:00,25.492
2018-09-05 20:15,25.079
2018-09-05 20:30,24.666
2018-09-05 20:45,24.252
2018-09-05 21:00,23.838
2018-09-05 21:15,23.877
2018-09-05 21:30,23.916
2018-09-05 21:45,23.954
2018-09-05 22:00,23.992
2018-09-05 22:15,23.808
2018-09-05 22:30,23.623
2018-09-05 22:45,23.438
2018-09-05 23:00,23.254
2018-09-05 23:15,23.966
2018-09-05 23:30,24.677
2018-09-05 23:45,25.388
2018-09-06 00:00,26.1
2018-09-06 00:15,26.1
2018-09-06 00:30,26.1
2018-09-06 00:45,26.1
2018-09-06 01:00,26.1
2018-09-06 01:15,26.1
2018-09-06 01:30,26.1
2018-09-06 01:45,26.1
2018-09-06 02:00,26.1
2018-09-06 02:15,25.321
2018-09-06 02:30,24.542
2018-09-06 02:45,23.763
2018-09-06 03:00,22.984
2018-09-06 03:15,22.984
2018-09-06 03:30,22.984
2018-09-06 03:45,22.984
2018-09-06 04:00,22.984
2018-09-06 04:15,23.638
2018-09-06 04:30,24.292
2018-09-06 04:45,24.946
2018-09-06 05:00,25.6
2018-09-06 05:15,24.946
2018-09-06 05:30,24.292
2018-09-06 05:45,23.638
2018-09-06 06:00,22.984
2018-09-06 06:15,22.981
2018-09-06 06:30,22.978
2018-09-06 06:45,22.975
2018-09-06 07:00,22.972
2018-09-06 07:15,22.975
2018-09-06 07:30,22.978
2018-09-06 07:45,22.981
2018-09-06 08:00,22.984
2018-09-06 08:15,23.488
2018-09-06 08:30,23.992
2018-09-06 08:45,24.496
2018-09-06 09:00,25.0
2018-09-06 09:15,24.973
2018-09-06 09:30,24.947
2018-09-06 09:45,24.919
2018-09-06 10:00,24.893
2018-09-06 10:15,25.21
2018-09-06 10:30,25.527
2018-09-06 10:45,25.844
2018-09-06 11:00,26.162
2018-09-06 11:15,26.356
2018-09-06 11:30,26.55
2018-09-06 11:45,26.744
2018-09-06 12:00,26.938
2018-09-06 12:15,27.346
2018-09-06 12:30,27.754
2018-09-06 12:45,28.162
2018-09-06 13:00,28.569
2018-09-06 13:15,28.684
2018-09-06 13:30,28.8
2018-09-06 13:45,28.916
2018-09-06 14:00,29.031
2018-09-06 14:15,29.153
2018-09-06 14:30,29.276
2018-09-06 14:45,29.398
2018-09-06 15:00,29.52
2018-09-06 15:15,29.417
2018-09-06 15:30,29.314
2018-09-06 15:45,29.211
2018-09-06 16:00,29.108
2018-09-06 16:15,28.486
2018-09-06 16:30,27.864
2018-09-06 16:45,27.243
2018-09-06 17:00,26.622
2018-09-06 17:15,25.519
2018-09-06 17:30,24.416
2018-09-06 17:45,23.314
2018-09-06 18:00,22.211
2018-09-06 18:15,23.058
2018-09-06 18:30,23.906
2018-09-06 18:45,24.753
2018-09-06 19:00,25.6
2018-09-06 19:15,24.946
2018-09-06 19:30,24.292
2018-09-06 19:45,23.638
2018-09-06 20:00,22.984
2018-09-06 20:15,22.984
2018-09-06 20:30,22.984
2018-09-06 20:45,22.984
2018-09-06 21:00,22.984
2018-09-06 21:15,22.927
2018-09-06 21:30,22.869
2018-09-06 21:45,22.812
2018-09-06 22:00,22.754
2018-09-06 22:15,22.812
2018-09-06 22:30,22.869
2018-09-06 22:45,22.927
2018-09-06 23:00,22.984
2018-09-06 23:15,23.638
2018-09-06 23:30,24.292
2018-09-06 23:45,24.946
2018-09-07 00:00,25.6
2018-09-07 00:15,25.45
2018-09-07 00:30,25.3
2018-09-07 00:45,25.15
2018-09-07 01:00,25.0
2018-09-07 01:15,24.323
2018-09-07 01:30,23.646
2018-09-07 01:45,22.969
2018-09-07 02:00,22.292
2018-09-07 02:15,22.281
2018-09-07 02:30,22.269
2018-09-07 02:45,22.258
2018-09-07 03:00,22.246
2018-09-07 03:15,22.227
2018-09-07 03:30,22.208
2018-09-07 03:45,22.188
2018-09-07 04:00,22.169
2018-09-07 04:15,22.131
2018-09-07 04:30,22.092
2018-09-07 04:45,22.054
2018-09-07 05:00,22.016
2018-09-07 05:15,22.016
2018-09-07 05:30,22.016
2018-09-07 05:45,22.016
2018-09-07 06:00,22.016
2018-09-07 06:15,22.006
2018-09-07 06:30,21.996
2018-09-07 06:45,21.987
2018-09-07 07:00,21.977
2018-09-07 07:15,21.987
2018-09-07 07:30,21.996
2018-09-07 07:45,22.006
2018-09-07 08:00,22.016
2018-09-07 08:15,22.384
2018-09-07 08:30,22.754
2018-09-07 08:45,23.123
2018-09-07 09:00,23.492
2018-09-07 09:15,23.837
2018-09-07 09:30,24.183
2018-09-07 09:45,24.528
2018-09-07 10:00,24.873
2018-09-07 10:15,25.245
2018-09-07 10:30,25.617
2018-09-07 10:45,25.989
2018-09-07 11:00,26.362
2018-09-07 11:15,26.544
2018-09-07 11:30,26.727
2018-09-07 11:45,26.909
2018-09-07 12:00,27.092
2018-09-07 12:15,27.375
2018-09-07 12:30,27.658
2018-09-07 12:45,27.941
2018-09-07 13:00,28.223
2018-09-07 13:15,28.406
2018-09-07 13:30,28.588
2018-09-07 13:45,28.771
2018-09-07 14:00,28.954
2018-09-07 14:15,29.246
2018-09-07 14:30,29.538
2018-09-07 14:45,29.831
2018-09-07 15:00,30.123
2018-09-07 15:15,29.746
2018-09-07 15:30,29.369
2018-09-07 15:45,28.992
2018-09-07 16:00,28.616
2018-09-07 16:15,28.24
2018-09-07 16:30,27.865
2018-09-07 16:45,27.489
2018-09-07 17:00,27.114
2018-09-07 17:15,26.823
2018-09-07 17:30,26.532
2018-09-07 17:45,26.241
2018-09-07 18:00,25.95
2018-09-07 18:15,25.763
2018-09-07 18:30,25.575
2018-09-07 18:45,25.387
2018-09-07 19:00,25.2
2018-09-07 19:15,25.3
2018-09-07 19:30,25.4
2018-09-07 19:45,25.5
2018-09-07 20:00,25.6
2018-09-07 20:15,24.707
2018-09-07 20:30,23.814
2018-09-07 20:45,22.922
2018-09-07 21:00,22.028
2018-09-07 21:15,22.772
2018-09-07 21:30,23.514
2018-09-07 21:45,24.257
2018-09-07 22:00,25.0
2018-09-07 22:15,24.266
2018-09-07 22:30,23.531
2018-09-07 22:45,22.796
2018-09-07 23:00,22.062
2018-09-07 23:15,22.053
2018-09-07 23:30,22.045
2018-09-07 23:45,22.037
2018-09-08 00:00,22.028
2018-09-08 00:15,22.032
2018-09-08 00:30,22.034
2018-09-08 00:45,22.037
2018-09-08 01:00,22.04
2018-09-08 01:15,22.037
2018-09-08 01:30,22.033
2018-09-08 01:45,22.03
2018-09-08 02:00,22.027
2018-09-08 02:15,22.03
2018-09-08 02:30,22.033
2018-09-08 02:45,22.037
2018-09-08 03:00,22.04
2018-09-08 03:15,22.043
2018-09-08 03:30,22.045
2018-09-08 03:45,22.047
2018-09-08 04:00,22.05
2018-09-08 04:15,22.05
2018-09-08 04:30,22.05
2018-09-08 04:45,22.05
2018-09-08 05:00,22.05
2018-09-08 05:15,22.044
2018-09-08 05:30,22.039
2018-09-08 05:45,22.034
2018-09-08 06:00,22.028
2018-09-08 06:15,22.034
2018-09-08 06:30,22.039
2018-09-08 06:45,22.044
2018-09-08 07:00,22.05
2018-09-08 07:15,21.971
2018-09-08 07:30,21.892
2018-09-08 07:45,21.812
2018-09-08 08:00,21.733
2018-09-08 08:15,21.555
2018-09-08 08:30,21.377
2018-09-08 08:45,21.198
2018-09-08 09:00,21.02
2018-09-08 09:15,21.053
2018-09-08 09:30,21.087
2018-09-08 09:45,21.12
2018-09-08 10:00,21.153
2018-09-08 10:15,21.086
2018-09-08 10:30,21.018
2018-09-08 10:45,20.95
2018-09-08 11:00,20.882
2018-09-08 11:15,20.892
2018-09-08 11:30,20.901
2018-09-08 11:45,20.911
2018-09-08 12:00,20.92
2018-09-08 12:15,20.918
2018-09-08 12:30,20.916
2018-09-08 12:45,20.914
2018-09-08 13:00,20.912
2018-09-08 13:15,20.965
2018-09-08 13:30,21.018
2018-09-08 13:45,21.072
2018-09-08 14:00,21.125
2018-09-08 14:15,21.944
2018-09-08 14:30,22.763
2018-09-08 14:45,23.581
2018-09-08 15:00,24.4
2018-09-08 15:15,23.804
2018-09-08 15:30,23.208
2018-09-08 15:45,22.612
2018-09-08 16:00,22.016
2018-09-08 16:15,22.019
2018-09-08 16:30,22.022
2018-09-08 16:45,22.025
2018-09-08 17:00,22.028
2018-09-08 17:15,22.025
2018-09-08 17:30,22.022
2018-09-08 17:45,22.019
2018-09-08 18:00,22.016
2018-09-08 18:15,22.612
2018-09-08 18:30,23.208
2018-09-08 18:45,23.804
2018-09-08 19:00,24.4
2018-09-08 19:15,23.793
2018-09-08 19:30,23.187
2018-09-08 19:45,22.58
2018-09-08 20:00,21.973
2018-09-08 20:15,21.893
2018-09-08 20:30,21.812
2018-09-08 20:45,21.731
2018-09-08 21:00,21.65
2018-09-08 21:15,22.213
2018-09-08 21:30,22.775
2018-09-08 21:45,23.338
2018-09-08 22:00,23.9
2018-09-08 22:15,23.9
2018-09-08 22:30,23.9
2018-09-08 22:45,23.9
2018-09-08 23:00,23.9
2018-09-08 23:15,23.75
2018-09-08 23:30,23.6
2018-09-08 23:45,23.45
2018-09-09 00:00,23.3
2018-09-09 00:15,22.945
2018-09-09 00:30,22.591
2018-09-09 00:45,22.236
2018-09-09 01:00,21.881
2018-09-09 01:15,21.526
2018-09-09 01:30,21.171
2018-09-09 01:45,20.816
2018-09-09 02:00,20.462
2018-09-09 02:15,20.4
2018-09-09 02:30,20.338
2018-09-09 02:45,20.276
2018-09-09 03:00,20.214
2018-09-09 03:15,20.161
2018-09-09 03:30,20.107
2018-09-09 03:45,20.053
2018-09-09 04:00,20.0
2018-09-09 04:15,20.55
2018-09-09 04:30,21.1
2018-09-09 04:45,21.65
2018-09-09 05:00,22.2
2018-09-09 05:15,22.2
2018-09-09 05:30,22.2
2018-09-09 05:45,22.2
2018-09-09 06:00,22.2
2018-09-09 06:15,21.398
2018-09-09 06:30,20.596
2018-09-09 06:45,19.794
2018-09-09 07:00,18.992
2018-09-09 07:15,19.569
2018-09-09 07:30,20.146
2018-09-09 07:45,20.723
2018-09-09 08:00,21.3
2018-09-09 08:15,21.4
2018-09-09 08:30,21.5
2018-09-09 08:45,21.6
2018-09-09 09:00,21.7
2018-09-09 09:15,21.077
2018-09-09 09:30,20.453
2018-09-09 09:45,19.831
2018-09-09 10:00,19.207
2018-09-09 10:15,19.59
2018-09-09 10:30,19.973
2018-09-09 10:45,20.356
2018-09-09 11:00,20.738
2018-09-09 11:15,20.806
2018-09-09 11:30,20.873
2018-09-09 11:45,20.941
2018-09-09 12:00,21.008
2018-09-09 12:15,21.173
2018-09-09 12:30,21.338
2018-09-09 12:45,21.504
2018-09-09 13:00,21.669
2018-09-09 13:15,21.727
2018-09-09 13:30,21.784
2018-09-09 13:45,21.842
2018-09-09 14:00,21.9
2018-09-09 14:15,22.006
2018-09-09 14:30,22.112
2018-09-09 14:45,22.217
2018-09-09 15:00,22.323
2018-09-09 15:15,22.237
2018-09-09 15:30,22.15
2018-09-09 15:45,22.063
2018-09-09 16:00,21.977
2018-09-09 16:15,21.977
2018-09-09 16:30,21.977
2018-09-09 16:45,21.977
2018-09-09 17:00,21.977
2018-09-09 17:15,21.977
2018-09-09 17:30,21.977
2018-09-09 17:45,21.977
2018-09-09 18:00,21.977
2018-09-09 18:15,21.854
2018-09-09 18:30,21.731
2018-09-09 18:45,21.608
2018-09-09 19:00,21.486
2018-09-09 19:15,21.357
2018-09-09 19:30,21.228
2018-09-09 19:45,21.1
2018-09-09 20:00,20.972
2018-09-09 20:15,20.806
2018-09-09 20:30,20.639
2018-09-09 20:45,20.474
2018-09-09 21:00,20.308
2018-09-09 21:15,20.231
2018-09-09 21:30,20.154
2018-09-09 21:45,20.077
2018-09-09 22:00,20.0
2018-09-09 22:15,19.889
2018-09-09 22:30,19.778
2018-09-09 22:45,19.668
2018-09-09 23:00,19.557
2018-09-09 23:15,19.432
2018-09-09 23:30,19.307
2018-09-09 23:45,19.182
2018-09-10 00:00,19.057
2018-09-10 00:15,19.051
2018-09-10 00:30,19.044
2018-09-10 00:45,19.037
2018-09-10 01:00,19.031
2018-09-10 01:15,18.991
2018-09-10 01:30,18.951
2018-09-10 01:45,18.911
2018-09-10 02:00,18.872
2018-09-10 02:15,18.65
2018-09-10 02:30,18.428
2018-09-10 02:45,18.206
2018-09-10 03:00,17.984
2018-09-10 03:15,18.338
2018-09-10 03:30,18.692
2018-09-10 03:45,19.046
2018-09-10 04:00,19.4
2018-09-10 04:15,19.046
2018-09-10 04:30,18.692
2018-09-10 04:45,18.338
2018-09-10 05:00,17.984
2018-09-10 05:15,17.994
2018-09-10 05:30,18.004
2018-09-10 05:45,18.013
2018-09-10 06:00,18.023
2018-09-10 06:15,18.023
2018-09-10 06:30,18.023
2018-09-10 06:45,18.023
2018-09-10 07:00,18.023
2018-09-10 07:15,18.667
2018-09-10 07:30,19.312
2018-09-10 07:45,19.956
2018-09-10 08:00,20.6
2018-09-10 08:15,19.975
2018-09-10 08:30,19.35
2018-09-10 08:45,18.725
2018-09-10 09:00,18.1
2018-09-10 09:15,18.323
2018-09-10 09:30,18.546
2018-09-10 09:45,18.769
2018-09-10 10:00,18.992
2018-09-10 10:15,19.217
2018-09-10 10:30,19.442
2018-09-10 10:45,19.667
2018-09-10 11:00,19.892
2018-09-10 11:15,20.166
2018-09-10 11:30,20.439
2018-09-10 11:45,20.713
2018-09-10 12:00,20.987
2018-09-10 12:15,20.992
2018-09-10 12:30,20.997
2018-09-10 12:45,21.002
2018-09-10 13:00,21.008
2018-09-10 13:15,21.187
2018-09-10 13:30,21.366
2018-09-10 13:45,21.546
2018-09-10 14:00,21.725
2018-09-10 14:15,21.798
2018-09-10 14:30,21.87
2018-09-10 14:45,21.943
2018-09-10 15:00,22.016
2018-09-10 15:15,22.073
2018-09-10 15:30,22.131
2018-09-10 15:45,22.188
2018-09-10 16:00,22.246
2018-09-10 16:15,22.292
2018-09-10 16:30,22.337
2018-09-10 16:45,22.383
2018-09-10 17:00,22.428
2018-09-10 17:15,22.328
2018-09-10 17:30,22.228
2018-09-10 17:45,22.128
2018-09-10 18:00,22.028
2018-09-10 18:15,22.016
2018-09-10 18:30,22.003
2018-09-10 18:45,21.99
2018-09-10 19:00,21.977
2018-09-10 19:15,22.458
2018-09-10 19:30,22.938
2018-09-10 19:45,23.419
2018-09-10 20:00,23.9
2018-09-10 20:15,23.15
2018-09-10 20:30,22.4
2018-09-10 20:45,21.65
2018-09-10 21:00,20.9
2018-09-10 21:15,20.708
2018-09-10 21:30,20.517
2018-09-10 21:45,20.325
2018-09-10 22:00,20.133
2018-09-10 22:15,20.05
2018-09-10 22:30,19.967
2018-09-10 22:45,19.883
2018-09-10 23:00,19.8
2018-09-10 23:15,19.608
2018-09-10 23:30,19.416
2018-09-10 23:45,19.223
2018-09-11 00:00,19.031
2018-09-11 00:15,19.823
2018-09-11 00:30,20.616
2018-09-11 00:45,21.408
2018-09-11 01:00,22.2
2018-09-11 01:15,22.2
2018-09-11 01:30,22.2
2018-09-11 01:45,22.2
2018-09-11 02:00,22.2
2018-09-11 02:15,21.406
2018-09-11 02:30,20.611
2018-09-11 02:45,19.816
2018-09-11 03:00,19.022
2018-09-11 03:15,19.691
2018-09-11 03:30,20.361
2018-09-11 03:45,21.031
2018-09-11 04:00,21.7
2018-09-11 04:15,21.039
2018-09-11 04:30,20.378
2018-09-11 04:45,19.718
2018-09-11 05:00,19.057
2018-09-11 05:15,19.041
2018-09-11 05:30,19.025
2018-09-11 05:45,19.008
2018-09-11 06:00,18.992
2018-09-11 06:15,18.992
2018-09-11 06:30,18.992
2018-09-11 06:45,18.992
2018-09-11 07:00,18.992
2018-09-11 07:15,18.992
2018-09-11 07:30,18.992
2018-09-11 07:45,18.992
2018-09-11 08:00,18.992
2018-09-11 08:15,18.992
2018-09-11 08:30,18.992
2018-09-11 08:45,18.992
2018-09-11 09:00,18.992
2018-09-11 09:15,18.989
2018-09-11 09:30,18.986
2018-09-11 09:45,18.983
2018-09-11 10:00,18.98
2018-09-11 10:15,19.001
2018-09-11 10:30,19.021
2018-09-11 10:45,19.041
2018-09-11 11:00,19.062
2018-09-11 11:15,19.996
2018-09-11 11:30,20.931
2018-09-11 11:45,21.866
2018-09-11 12:00,22.8
2018-09-11 12:15,22.196
2018-09-11 12:30,21.592
2018-09-11 12:45,20.988
2018-09-11 13:00,20.384
2018-09-11 13:15,20.541
2018-09-11 13:30,20.696
2018-09-11 13:45,20.852
2018-09-11 14:00,21.008
2018-09-11 14:15,21.192
2018-09-11 14:30,21.375
2018-09-11 14:45,21.559
2018-09-11 15:00,21.743
2018-09-11 15:15,21.957
2018-09-11 15:30,22.172
2018-09-11 15:45,22.386
2018-09-11 16:00,22.6
2018-09-11 16:15,22.688
2018-09-11 16:30,22.775
2018-09-11 16:45,22.863
2018-09-11 17:00,22.95
2018-09-11 17:15,22.968
2018-09-11 17:30,22.987
2018-09-11 17:45,23.005
2018-09-11 18:00,23.023
2018-09-11 18:15,23.013
2018-09-11 18:30,23.004
2018-09-11 18:45,22.994
2018-09-11 19:00,22.984
2018-09-11 19:15,22.877
2018-09-11 19:30,22.769
2018-09-11 19:45,22.662
2018-09-11 20:00,22.554
2018-09-11 20:15,22.404
2018-09-11 20:30,22.256
2018-09-11 20:45,22.106
2018-09-11 21:00,21.957
2018-09-11 21:15,21.739
2018-09-11 21:30,21.522
2018-09-11 21:45,21.303
2018-09-11 22:00,21.086
2018-09-11 22:15,21.068
2018-09-11 22:30,21.05
2018-09-11 22:45,21.032
2018-09-11 23:00,21.014
2018-09-11 23:15,21.586
2018-09-11 23:30,22.157
2018-09-11 23:45,22.728
2018-09-12 00:00,23.3
2018-09-12 00:15,23.3
2018-09-12 00:30,23.3
2018-09-12 00:45,23.3
2018-09-12 01:00,23.3
2018-09-12 01:15,23.3
2018-09-12 01:30,23.3
2018-09-12 01:45,23.3
2018-09-12 02:00,23.3
2018-09-12 02:15,23.3
2018-09-12 02:30,23.3
2018-09-12 02:45,23.3
2018-09-12 03:00,23.3
2018-09-12 03:15,23.3
2018-09-12 03:30,23.3
2018-09-12 03:45,23.3
2018-09-12 04:00,23.3
2018-09-12 04:15,22.475
2018-09-12 04:30,21.65
2018-09-12 04:45,20.825
2018-09-12 05:00,20.0
2018-09-12 05:15,20.7
2018-09-12 05:30,21.4
2018-09-12 05:45,22.1
2018-09-12 06:00,22.8
2018-09-12 06:15,22.1
2018-09-12 06:30,21.4
2018-09-12 06:45,20.7
2018-09-12 07:00,20.0
2018-09-12 07:15,20.0
2018-09-12 07:30,20.0
2018-09-12 07:45,20.0
2018-09-12 08:00,20.0
2018-09-12 08:15,20.7
2018-09-12 08:30,21.4
2018-09-12 08:45,22.1
2018-09-12 09:00,22.8
2018-09-12 09:15,22.933
2018-09-12 09:30,23.067
2018-09-12 09:45,23.2
2018-09-12 10:00,23.333
2018-09-12 10:15,23.537
2018-09-12 10:30,23.742
2018-09-12 10:45,23.946
2018-09-12 11:00,24.15
2018-09-12 11:15,23.633
2018-09-12 11:30,23.117
2018-09-12 11:45,22.6
2018-09-12 12:00,22.083
2018-09-12 12:15,22.262
2018-09-12 12:30,22.442
2018-09-12 12:45,22.621
2018-09-12 13:00,22.8
2018-09-12 13:15,23.35
2018-09-12 13:30,23.9
2018-09-12 13:45,24.45
2018-09-12 14:00,25.0
2018-09-12 14:15,25.244
2018-09-12 14:30,25.489
2018-09-12 14:45,25.734
2018-09-12 15:00,25.978
2018-09-12 15:15,26.043
2018-09-12 15:30,26.107
2018-09-12 15:45,26.172
2018-09-12 16:00,26.236
2018-09-12 16:15,26.412
2018-09-12 16:30,26.587
2018-09-12 16:45,26.763
2018-09-12 17:00,26.938
2018-09-12 17:15,26.929
2018-09-12 17:30,26.919
2018-09-12 17:45,26.909
2018-09-12 18:00,26.9
2018-09-12 18:15,26.783
2018-09-12 18:30,26.666
2018-09-12 18:45,26.548
2018-09-12 19:00,26.431
2018-09-12 19:15,26.208
2018-09-12 19:30,25.984
2018-09-12 19:45,25.762
2018-09-12 20:00,25.538
2018-09-12 20:15,25.219
2018-09-12 20:30,24.9
2018-09-12 20:45,24.581
2018-09-12 21:00,24.262
2018-09-12 21:15,23.982
2018-09-12 21:30,23.702
2018-09-12 21:45,23.423
2018-09-12 22:00,23.143
2018-09-12 22:15,22.851
2018-09-12 22:30,22.56
2018-09-12 22:45,22.268
2018-09-12 23:00,21.977
2018-09-12 23:15,21.792
2018-09-12 23:30,21.608
2018-09-12 23:45,21.423
2018-09-13 00:00,21.238
2018-09-13 00:15,21.904
2018-09-13 00:30,22.569
2018-09-13 00:45,23.234
2018-09-13 01:00,23.9
2018-09-13 01:15,23.9
2018-09-13 01:30,23.9
2018-09-13 01:45,23.9
2018-09-13 02:00,23.9
2018-09-13 02:15,23.177
2018-09-13 02:30,22.454
2018-09-13 02:45,21.731
2018-09-13 03:00,21.008
2018-09-13 03:15,21.731
2018-09-13 03:30,22.454
2018-09-13 03:45,23.177
2018-09-13 04:00,23.9
2018-09-13 04:15,23.9
2018-09-13 04:30,23.9
2018-09-13 04:45,23.9
2018-09-13 05:00,23.9
2018-09-13 05:15,23.825
2018-09-13 05:30,23.75
2018-09-13 05:45,23.675
2018-09-13 06:00,23.6
2018-09-13 06:15,22.859
2018-09-13 06:30,22.119
2018-09-13 06:45,21.378
2018-09-13 07:00,20.638
2018-09-13 07:15,20.714
2018-09-13 07:30,20.79
2018-09-13 07:45,20.867
2018-09-13 08:00,20.943
2018-09-13 08:15,21.682
2018-09-13 08:30,22.422
2018-09-13 08:45,23.161
2018-09-13 09:00,23.9
2018-09-13 09:15,23.459
2018-09-13 09:30,23.018
2018-09-13 09:45,22.577
2018-09-13 10:00,22.136
2018-09-13 10:15,22.533
2018-09-13 10:30,22.929
2018-09-13 10:45,23.326
2018-09-13 11:00,23.723
2018-09-13 11:15,23.914
2018-09-13 11:30,24.104
2018-09-13 11:45,24.295
2018-09-13 12:00,24.486
2018-09-13 12:15,24.703
2018-09-13 12:30,24.92
2018-09-13 12:45,25.137
2018-09-13 13:00,25.354
2018-09-13 13:15,25.691
2018-09-13 13:30,26.027
2018-09-13 13:45,26.363
2018-09-13 14:00,26.7
2018-09-13 14:15,26.962
2018-09-13 14:30,27.223
2018-09-13 14:45,27.484
2018-09-13 15:00,27.746
2018-09-13 15:15,27.827
2018-09-13 15:30,27.908
2018-09-13 15:45,27.988
2018-09-13 16:00,28.069
2018-09-13 16:15,28.116
2018-09-13 16:30,28.162
2018-09-13 16:45,28.209
2018-09-13 17:00,28.256
2018-09-13 17:15,28.438
2018-09-13 17:30,28.621
2018-09-13 17:45,28.803
2018-09-13 18:00,28.986
2018-09-13 18:15,28.987
2018-09-13 18:30,28.989
2018-09-13 18:45,28.991
2018-09-13 19:00,28.992
2018-09-13 19:15,28.798
2018-09-13 19:30,28.604
2018-09-13 19:45,28.409
2018-09-13 20:00,28.216
2018-09-13 20:15,27.934
2018-09-13 20:30,27.654
2018-09-13 20:45,27.373
2018-09-13 21:00,27.092
2018-09-13 21:15,26.975
2018-09-13 21:30,26.858
2018-09-13 21:45,26.741
2018-09-13 22:00,26.623
2018-09-13 22:15,26.459
2018-09-13 22:30,26.296
2018-09-13 22:45,26.133
2018-09-13 23:00,25.969
2018-09-13 23:15,25.881
2018-09-13 23:30,25.792
2018-09-13 23:45,25.704
2018-09-14 00:00,25.616
2018-09-14 00:15,25.159
2018-09-14 00:30,24.704
2018-09-14 00:45,24.248
2018-09-14 01:00,23.792
2018-09-14 01:15,23.6
2018-09-14 01:30,23.408
2018-09-14 01:45,23.216
2018-09-14 02:00,23.023
2018-09-14 02:15,23.023
2018-09-14 02:30,23.023
2018-09-14 02:45,23.023
2018-09-14 03:00,23.023
2018-09-14 03:15,22.917
2018-09-14 03:30,22.812
2018-09-14 03:45,22.706
2018-09-14 04:00,22.6
2018-09-14 04:15,22.627
2018-09-14 04:30,22.654
2018-09-14 04:45,22.681
2018-09-14 05:00,22.708
2018-09-14 05:15,22.669
2018-09-14 05:30,22.631
2018-09-14 05:45,22.592
2018-09-14 06:00,22.554
2018-09-14 06:15,22.419
2018-09-14 06:30,22.284
2018-09-14 06:45,22.15
2018-09-14 07:00,22.016
2018-09-14 07:15,22.104
2018-09-14 07:30,22.192
2018-09-14 07:45,22.281
2018-09-14 08:00,22.369
2018-09-14 08:15,22.621
2018-09-14 08:30,22.873
2018-09-14 08:45,23.125
2018-09-14 09:00,23.377
2018-09-14 09:15,23.679
2018-09-14 09:30,23.981
2018-09-14 09:45,24.283
2018-09-14 10:00,24.584
2018-09-14 10:15,25.009
2018-09-14 10:30,25.434
2018-09-14 10:45,25.859
2018-09-14 11:00,26.284
2018-09-14 11:15,26.566
2018-09-14 11:30,26.846
2018-09-14 11:45,27.127
2018-09-14 12:00,27.408
2018-09-14 12:15,27.669
2018-09-14 12:30,27.931
2018-09-14 12:45,28.192
2018-09-14 13:00,28.454
2018-09-14 13:15,28.512
2018-09-14 13:30,28.569
2018-09-14 13:45,28.627
2018-09-14 14:00,28.684
2018-09-14 14:15,28.723
2018-09-14 14:30,28.762
2018-09-14 14:45,28.8
2018-09-14 15:00,28.838
2018-09-14 15:15,28.568
2018-09-14 15:30,28.298
2018-09-14 15:45,28.027
2018-09-14 16:00,27.757
2018-09-14 16:15,27.764
2018-09-14 16:30,27.771
2018-09-14 16:45,27.778
2018-09-14 17:00,27.784
2018-09-14 17:15,27.207
2018-09-14 17:30,26.63
2018-09-14 17:45,26.052
2018-09-14 18:00,25.475
2018-09-14 18:15,25.221
2018-09-14 18:30,24.966
2018-09-14 18:45,24.712
2018-09-14 19:00,24.457
2018-09-14 19:15,24.543
2018-09-14 19:30,24.628
2018-09-14 19:45,24.714
2018-09-14 20:00,24.8
2018-09-14 20:15,24.8
2018-09-14 20:30,24.8
2018-09-14 20:45,24.8
2018-09-14 21:00,24.8
2018-09-14 21:15,24.585
2018-09-14 21:30,24.37
2018-09-14 21:45,24.155
2018-09-14 22:00,23.94
2018-09-14 22:15,23.701
2018-09-14 22:30,23.462
2018-09-14 22:45,23.223
2018-09-14 23:00,22.984
2018-09-14 23:15,22.762
2018-09-14 23:30,22.538
2018-09-14 23:45,22.316
2018-09-15 00:00,22.092
2018-09-15 00:15,22.073
2018-09-15 00:30,22.054
2018-09-15 00:45,22.034
2018-09-15 01:00,22.016
2018-09-15 01:15,22.612
2018-09-15 01:30,23.208
2018-09-15 01:45,23.804
2018-09-15 02:00,24.4
2018-09-15 02:15,24.338
2018-09-15 02:30,24.275
2018-09-15 02:45,24.213
2018-09-15 03:00,24.15
2018-09-15 03:15,24.088
2018-09-15 03:30,24.025
2018-09-15 03:45,23.963
2018-09-15 04:00,23.9
2018-09-15 04:15,23.9
2018-09-15 04:30,23.9
2018-09-15 04:45,23.9
2018-09-15 05:00,23.9
2018-09-15 05:15,23.169
2018-09-15 05:30,22.439
2018-09-15 05:45,21.709
2018-09-15 06:00,20.978
2018-09-15 06:15,20.926
2018-09-15 06:30,20.874
2018-09-15 06:45,20.822
2018-09-15 07:00,20.769
2018-09-15 07:15,21.552
2018-09-15 07:30,22.334
2018-09-15 07:45,23.117
2018-09-15 08:00,23.9
2018-09-15 08:15,23.479
2018-09-15 08:30,23.058
2018-09-15 08:45,22.637
2018-09-15 09:00,22.216
2018-09-15 09:15,22.525
2018-09-15 09:30,22.834
2018-09-15 09:45,23.144
2018-09-15 10:00,23.454
2018-09-15 10:15,23.813
2018-09-15 10:30,24.173
2018-09-15 10:45,24.533
2018-09-15 11:00,24.892
2018-09-15 11:15,25.327
2018-09-15 11:30,25.762
2018-09-15 11:45,26.196
2018-09-15 12:00,26.631
2018-09-15 12:15,26.931
2018-09-15 12:30,27.231
2018-09-15 12:45,27.531
2018-09-15 13:00,27.831
2018-09-15 13:15,27.937
2018-09-15 13:30,28.042
2018-09-15 13:45,28.148
2018-09-15 14:00,28.254
2018-09-15 14:15,28.419
2018-09-15 14:30,28.584
2018-09-15 14:45,28.75
2018-09-15 15:00,28.916
2018-09-15 15:15,28.934
2018-09-15 15:30,28.954
2018-09-15 15:45,28.973
2018-09-15 16:00,28.992
2018-09-15 16:15,29.021
2018-09-15 16:30,29.05
2018-09-15 16:45,29.079
2018-09-15 17:00,29.108
2018-09-15 17:15,28.534
2018-09-15 17:30,27.961
2018-09-15 17:45,27.388
2018-09-15 18:00,26.814
2018-09-15 18:15,25.653
2018-09-15 18:30,24.492
2018-09-15 18:45,23.332
2018-09-15 19:00,22.171
2018-09-15 19:15,22.878
2018-09-15 19:30,23.586
2018-09-15 19:45,24.293
2018-09-15 20:00,25.0
2018-09-15 20:15,25.0
2018-09-15 20:30,25.0
2018-09-15 20:45,25.0
2018-09-15 21:00,25.0
2018-09-15 21:15,24.85
2018-09-15 21:30,24.7
2018-09-15 21:45,24.55
2018-09-15 22:00,24.4
2018-09-15 22:15,23.804
2018-09-15 22:30,23.208
2018-09-15 22:45,22.612
2018-09-15 23:00,22.016
2018-09-15 23:15,22.912
2018-09-15 23:30,23.808
2018-09-15 23:45,24.704
2018-09-16 00:00,25.6
2018-09-16 00:15,25.6
2018-09-16 00:30,25.6
2018-09-16 00:45,25.6
2018-09-16 01:00,25.6
2018-09-16 01:15,25.45
2018-09-16 01:30,25.3
2018-09-16 01:45,25.15
2018-09-16 02:00,25.0
2018-09-16 02:15,24.002
2018-09-16 02:30,23.004
2018-09-16 02:45,22.006
2018-09-16 03:00,21.008
2018-09-16 03:15,20.998
2018-09-16 03:30,20.988
2018-09-16 03:45,20.979
2018-09-16 04:00,20.969
2018-09-16 04:15,20.842
2018-09-16 04:30,20.716
2018-09-16 04:45,20.588
2018-09-16 05:00,20.462
2018-09-16 05:15,20.366
2018-09-16 05:30,20.269
2018-09-16 05:45,20.173
2018-09-16 06:00,20.077
2018-09-16 06:15,20.038
2018-09-16 06:30,20.0
2018-09-16 06:45,19.962
2018-09-16 07:00,19.923
2018-09-16 07:15,19.984
2018-09-16 07:30,20.045
2018-09-16 07:45,20.106
2018-09-16 08:00,20.167
2018-09-16 08:15,20.571
2018-09-16 08:30,20.976
2018-09-16 08:45,21.38
2018-09-16 09:00,21.784
2018-09-16 09:15,22.094
2018-09-16 09:30,22.404
2018-09-16 09:45,22.713
2018-09-16 10:00,23.023
2018-09-16 10:15,23.344
2018-09-16 10:30,23.666
2018-09-16 10:45,23.987
2018-09-16 11:00,24.308
2018-09-16 11:15,24.687
2018-09-16 11:30,25.066
2018-09-16 11:45,25.444
2018-09-16 12:00,25.823
2018-09-16 12:15,26.191
2018-09-16 12:30,26.558
2018-09-16 12:45,26.925
2018-09-16 13:00,27.292
2018-09-16 13:15,27.563
2018-09-16 13:30,27.834
2018-09-16 13:45,28.106
2018-09-16 14:00,28.377
2018-09-16 14:15,28.541
2018-09-16 14:30,28.704
2018-09-16 14:45,28.867
2018-09-16 15:00,29.031
2018-09-16 15:15,28.971
2018-09-16 15:30,28.912
2018-09-16 15:45,28.852
2018-09-16 16:00,28.792
2018-09-16 16:15,28.906
2018-09-16 16:30,29.019
2018-09-16 16:45,29.133
2018-09-16 17:00,29.247
2018-09-16 17:15,29.079
2018-09-16 17:30,28.913
2018-09-16 17:45,28.746
2018-09-16 18:00,28.578
2018-09-16 18:15,28.356
2018-09-16 18:30,28.132
2018-09-16 18:45,27.909
2018-09-16 19:00,27.686
2018-09-16 19:15,27.432
2018-09-16 19:30,27.177
2018-09-16 19:45,26.923
2018-09-16 20:00,26.669
2018-09-16 20:15,26.573
2018-09-16 20:30,26.477
2018-09-16 20:45,26.381
2018-09-16 21:00,26.284
2018-09-16 21:15,26.35
2018-09-16 21:30,26.416
2018-09-16 21:45,26.481
2018-09-16 22:00,26.546
2018-09-16 22:15,26.306
2018-09-16 22:30,26.066
2018-09-16 22:45,25.825
2018-09-16 23:00,25.584
2018-09-16 23:15,25.534
2018-09-16 23:30,25.484
2018-09-16 23:45,25.434
2018-09-17 00:00,25.384
2018-09-17 00:15,25.037
2018-09-17 00:30,24.688
2018-09-17 00:45,24.341
2018-09-17 01:00,23.992
2018-09-17 01:15,23.856
2018-09-17 01:30,23.719
2018-09-17 01:45,23.583
2018-09-17 02:00,23.446
2018-09-17 02:15,23.234
2018-09-17 02:30,23.023
2018-09-17 02:45,22.812
2018-09-17 03:00,22.6
2018-09-17 03:15,22.473
2018-09-17 03:30,22.346
2018-09-17 03:45,22.219
2018-09-17 04:00,22.092
2018-09-17 04:15,22.044
2018-09-17 04:30,21.996
2018-09-17 04:45,21.948
2018-09-17 05:00,21.9
2018-09-17 05:15,21.85
2018-09-17 05:30,21.8
2018-09-17 05:45,21.75
2018-09-17 06:00,21.7
2018-09-17 06:15,22.525
2018-09-17 06:30,23.35
2018-09-17 06:45,24.175
2018-09-17 07:00,25.0
2018-09-17 07:15,24.033
2018-09-17 07:30,23.066
2018-09-17 07:45,22.098
2018-09-17 08:00,21.131
2018-09-17 08:15,21.488
2018-09-17 08:30,21.846
2018-09-17 08:45,22.204
2018-09-17 09:00,22.562
2018-09-17 09:15,23.056
2018-09-17 09:30,23.55
2018-09-17 09:45,24.044
2018-09-17 10:00,24.538
2018-09-17 10:15,25.444
2018-09-17 10:30,26.35
2018-09-17 10:45,27.256
2018-09-17 11:00,28.162
2018-09-17 11:15,28.417
2018-09-17 11:30,28.673
2018-09-17 11:45,28.929
2018-09-17 12:00,29.184
2018-09-17 12:15,29.276
2018-09-17 12:30,29.367
2018-09-17 12:45,29.459
2018-09-17 13:00,29.55
2018-09-17 13:15,30.0
2018-09-17 13:30,30.45
2018-09-17 13:45,30.9
2018-09-17 14:00,31.35
2018-09-17 14:15,31.435
2018-09-17 14:30,31.521
2018-09-17 14:45,31.606
2018-09-17 15:00,31.691
2018-09-17 15:15,31.511
2018-09-17 15:30,31.33
2018-09-17 15:45,31.149
2018-09-17 16:00,30.969
2018-09-17 16:15,30.979
2018-09-17 16:30,30.988
2018-09-17 16:45,30.998
2018-09-17 17:00,31.008
2018-09-17 17:15,30.998
2018-09-17 17:30,30.988
2018-09-17 17:45,30.979
2018-09-17 18:00,30.969
2018-09-17 18:15,30.667
2018-09-17 18:30,30.366
2018-09-17 18:45,30.063
2018-09-17 19:00,29.762
2018-09-17 19:15,29.242
2018-09-17 19:30,28.722
2018-09-17 19:45,28.203
2018-09-17 20:00,27.683
2018-09-17 20:15,27.457
2018-09-17 20:30,27.23
2018-09-17 20:45,27.003
2018-09-17 21:00,26.777
2018-09-17 21:15,26.827
2018-09-17 21:30,26.877
2018-09-17 21:45,26.927
2018-09-17 22:00,26.977
2018-09-17 22:15,26.869
2018-09-17 22:30,26.762
2018-09-17 22:45,26.654
2018-09-17 23:00,26.546
2018-09-17 23:15,26.187
2018-09-17 23:30,25.827
2018-09-17 23:45,25.467
2018-09-18 00:00,25.108
2018-09-18 00:15,24.858
2018-09-18 00:30,24.608
2018-09-18 00:45,24.358
2018-09-18 01:00,24.108
2018-09-18 01:15,24.079
2018-09-18 01:30,24.05
2018-09-18 01:45,24.021
2018-09-18 02:00,23.992
2018-09-18 02:15,23.973
2018-09-18 02:30,23.954
2018-09-18 02:45,23.934
2018-09-18 03:00,23.916
2018-09-18 03:15,23.731
2018-09-18 03:30,23.546
2018-09-18 03:45,23.362
2018-09-18 04:00,23.177
2018-09-18 04:15,23.021
2018-09-18 04:30,22.866
2018-09-18 04:45,22.709
2018-09-18 05:00,22.554
2018-09-18 05:15,22.391
2018-09-18 05:30,22.227
2018-09-18 05:45,22.063
2018-09-18 06:00,21.9
2018-09-18 06:15,21.773
2018-09-18 06:30,21.646
2018-09-18 06:45,21.519
2018-09-18 07:00,21.392
2018-09-18 07:15,22.144
2018-09-18 07:30,22.896
2018-09-18 07:45,23.648
2018-09-18 08:00,24.4
2018-09-18 08:15,23.777
2018-09-18 08:30,23.154
2018-09-18 08:45,22.531
2018-09-18 09:00,21.908
2018-09-18 09:15,22.538
2018-09-18 09:30,23.169
2018-09-18 09:45,23.8
2018-09-18 10:00,24.431
2018-09-18 10:15,24.952
2018-09-18 10:30,25.473
2018-09-18 10:45,25.994
2018-09-18 11:00,26.516
2018-09-18 11:15,26.873
2018-09-18 11:30,27.231
2018-09-18 11:45,27.588
2018-09-18 12:00,27.946
2018-09-18 12:15,28.15
2018-09-18 12:30,28.354
2018-09-18 12:45,28.558
2018-09-18 13:00,28.762
2018-09-18 13:15,28.829
2018-09-18 13:30,28.896
2018-09-18 13:45,28.963
2018-09-18 14:00,29.031
2018-09-18 14:15,29.208
2018-09-18 14:30,29.384
2018-09-18 14:45,29.562
2018-09-18 15:00,29.738
2018-09-18 15:15,29.777
2018-09-18 15:30,29.816
2018-09-18 15:45,29.854
2018-09-18 16:00,29.892
2018-09-18 16:15,30.073
2018-09-18 16:30,30.254
2018-09-18 16:45,30.434
2018-09-18 17:00,30.616
2018-09-18 17:15,30.558
2018-09-18 17:30,30.5
2018-09-18 17:45,30.442
2018-09-18 18:00,30.384
2018-09-18 18:15,30.075
2018-09-18 18:30,29.766
2018-09-18 18:45,29.456
2018-09-18 19:00,29.146
2018-09-18 19:15,28.681
2018-09-18 19:30,28.216
2018-09-18 19:45,27.75
2018-09-18 20:00,27.284
2018-09-18 20:15,27.062
2018-09-18 20:30,26.838
2018-09-18 20:45,26.616
2018-09-18 21:00,26.392
2018-09-18 21:15,26.287
2018-09-18 21:30,26.181
2018-09-18 21:45,26.075
2018-09-18 22:00,25.969
2018-09-18 22:15,25.881
2018-09-18 22:30,25.792
2018-09-18 22:45,25.704
2018-09-18 23:00,25.616
2018-09-18 23:15,25.241
2018-09-18 23:30,24.866
2018-09-18 23:45,24.491
2018-09-19 00:00,24.117
2018-09-19 00:15,23.886
2018-09-19 00:30,23.654
2018-09-19 00:45,23.423
2018-09-19 01:00,23.192
2018-09-19 01:15,23.14
2018-09-19 01:30,23.088
2018-09-19 01:45,23.036
2018-09-19 02:00,22.984
2018-09-19 02:15,22.984
2018-09-19 02:30,22.984
2018-09-19 02:45,22.984
2018-09-19 03:00,22.984
2018-09-19 03:15,22.781
2018-09-19 03:30,22.577
2018-09-19 03:45,22.373
2018-09-19 04:00,22.169
2018-09-19 04:15,22.121
2018-09-19 04:30,22.073
2018-09-19 04:45,22.025
2018-09-19 05:00,21.977
2018-09-19 05:15,21.927
2018-09-19 05:30,21.877
2018-09-19 05:45,21.827
2018-09-19 06:00,21.777
2018-09-19 06:15,21.584
2018-09-19 06:30,21.392
2018-09-19 06:45,21.2
2018-09-19 07:00,21.008
2018-09-19 07:15,21.008
2018-09-19 07:30,21.008
2018-09-19 07:45,21.008
2018-09-19 08:00,21.008
2018-09-19 08:15,21.202
2018-09-19 08:30,21.396
2018-09-19 08:45,21.591
2018-09-19 09:00,21.784
2018-09-19 09:15,22.281
2018-09-19 09:30,22.777
2018-09-19 09:45,23.273
2018-09-19 10:00,23.769
2018-09-19 10:15,24.341
2018-09-19 10:30,24.912
2018-09-19 10:45,25.483
2018-09-19 11:00,26.054
2018-09-19 11:15,26.344
2018-09-19 11:30,26.634
2018-09-19 11:45,26.925
2018-09-19 12:00,27.216
2018-09-19 12:15,27.506
2018-09-19 12:30,27.796
2018-09-19 12:45,28.087
2018-09-19 13:00,28.377
2018-09-19 13:15,28.559
2018-09-19 13:30,28.742
2018-09-19 13:45,28.925
2018-09-19 14:00,29.108
2018-09-19 14:15,29.342
2018-09-19 14:30,29.577
2018-09-19 14:45,29.812
2018-09-19 15:00,30.046
2018-09-19 15:15,30.238
2018-09-19 15:30,30.431
2018-09-19 15:45,30.623
2018-09-19 16:00,30.816
2018-09-19 16:15,30.816
2018-09-19 16:30,30.816
2018-09-19 16:45,30.816
2018-09-19 17:00,30.816
2018-09-19 17:15,30.766
2018-09-19 17:30,30.716
2018-09-19 17:45,30.666
2018-09-19 18:00,30.616
2018-09-19 18:15,30.267
2018-09-19 18:30,29.919
2018-09-19 18:45,29.571
2018-09-19 19:00,29.223
2018-09-19 19:15,28.816
2018-09-19 19:30,28.408
2018-09-19 19:45,28.0
2018-09-19 20:00,27.592
2018-09-19 20:15,27.388
2018-09-19 20:30,27.184
2018-09-19 20:45,26.981
2018-09-19 21:00,26.777
2018-09-19 21:15,26.623
2018-09-19 21:30,26.469
2018-09-19 21:45,26.316
2018-09-19 22:00,26.162
2018-09-19 22:15,26.113
2018-09-19 22:30,26.066
2018-09-19 22:45,26.017
2018-09-19 23:00,25.969
2018-09-19 23:15,25.734
2018-09-19 23:30,25.5
2018-09-19 23:45,25.266
2018-09-20 00:00,25.031
2018-09-20 00:15,24.702
2018-09-20 00:30,24.373
2018-09-20 00:45,24.044
2018-09-20 01:00,23.716
2018-09-20 01:15,23.533
2018-09-20 01:30,23.35
2018-09-20 01:45,23.167
2018-09-20 02:00,22.984
2018-09-20 02:15,22.809
2018-09-20 02:30,22.634
2018-09-20 02:45,22.459
2018-09-20 03:00,22.284
2018-09-20 03:15,22.138
2018-09-20 03:30,21.992
2018-09-20 03:45,21.846
2018-09-20 04:00,21.7
2018-09-20 04:15,21.779
2018-09-20 04:30,21.858
2018-09-20 04:45,21.937
2018-09-20 05:00,22.016
2018-09-20 05:15,21.869
2018-09-20 05:30,21.723
2018-09-20 05:45,21.577
2018-09-20 06:00,21.431
2018-09-20 06:15,22.048
2018-09-20 06:30,22.666
2018-09-20 06:45,23.283
2018-09-20 07:00,23.9
2018-09-20 07:15,23.062
2018-09-20 07:30,22.223
2018-09-20 07:45,21.384
2018-09-20 08:00,20.546
2018-09-20 08:15,20.875
2018-09-20 08:30,21.204
2018-09-20 08:45,21.533
2018-09-20 09:00,21.862
2018-09-20 09:15,22.113
2018-09-20 09:30,22.366
2018-09-20 09:45,22.617
2018-09-20 10:00,22.869
2018-09-20 10:15,23.306
2018-09-20 10:30,23.742
2018-09-20 10:45,24.179
2018-09-20 11:00,24.616
2018-09-20 11:15,25.129
2018-09-20 11:30,25.642
2018-09-20 11:45,26.156
2018-09-20 12:00,26.669
2018-09-20 12:15,26.892
2018-09-20 12:30,27.116
2018-09-20 12:45,27.338
2018-09-20 13:00,27.562
2018-09-20 13:15,27.658
2018-09-20 13:30,27.754
2018-09-20 13:45,27.85
2018-09-20 14:00,27.946
2018-09-20 14:15,27.944
2018-09-20 14:30,27.942
2018-09-20 14:45,27.941
2018-09-20 15:00,27.938
2018-09-20 15:15,27.911
2018-09-20 15:30,27.883
2018-09-20 15:45,27.856
2018-09-20 16:00,27.828
2018-09-20 16:15,27.906
2018-09-20 16:30,27.983
2018-09-20 16:45,28.061
2018-09-20 17:00,28.138
2018-09-20 17:15,26.847
2018-09-20 17:30,25.556
2018-09-20 17:45,24.264
2018-09-20 18:00,22.973
2018-09-20 18:15,23.48
2018-09-20 18:30,23.987
2018-09-20 18:45,24.493
2018-09-20 19:00,25.0
2018-09-20 19:15,24.052
2018-09-20 19:30,23.104
2018-09-20 19:45,22.156
2018-09-20 20:00,21.208
2018-09-20 20:15,21.4
2018-09-20 20:30,21.592
2018-09-20 20:45,21.784
2018-09-20 21:00,21.977
2018-09-20 21:15,21.958
2018-09-20 21:30,21.938
2018-09-20 21:45,21.919
2018-09-20 22:00,21.9
2018-09-20 22:15,21.559
2018-09-20 22:30,21.219
2018-09-20 22:45,20.879
2018-09-20 23:00,20.538
2018-09-20 23:15,20.534
2018-09-20 23:30,20.531
2018-09-20 23:45,20.527
2018-09-21 00:00,20.523
2018-09-21 00:15,20.519
2018-09-21 00:30,20.516
2018-09-21 00:45,20.512
2018-09-21 01:00,20.508
2018-09-21 01:15,20.55
2018-09-21 01:30,20.592
2018-09-21 01:45,20.634
2018-09-21 02:00,20.677
2018-09-21 02:15,20.719
2018-09-21 02:30,20.761
2018-09-21 02:45,20.803
2018-09-21 03:00,20.846
2018-09-21 03:15,20.888
2018-09-21 03:30,20.93
2018-09-21 03:45,20.972
2018-09-21 04:00,21.014
2018-09-21 04:15,21.513
2018-09-21 04:30,22.011
2018-09-21 04:45,22.509
2018-09-21 05:00,23.007
2018-09-21 05:15,23.506
2018-09-21 05:30,24.003
2018-09-21 05:45,24.502
2018-09-21 06:00,25.0
2018-09-21 06:15,24.244
2018-09-21 06:30,23.488
2018-09-21 06:45,22.733
2018-09-21 07:00,21.977
2018-09-21 07:15,21.804
2018-09-21 07:30,21.631
2018-09-21 07:45,21.458
2018-09-21 08:00,21.286
2018-09-21 08:15,21.391
2018-09-21 08:30,21.497
2018-09-21 08:45,21.602
2018-09-21 09:00,21.708
2018-09-21 09:15,22.956
2018-09-21 09:30,24.204
2018-09-21 09:45,25.452
2018-09-21 10:00,26.7
2018-09-21 10:15,26.825
2018-09-21 10:30,26.95
2018-09-21 10:45,27.075
2018-09-21 11:00,27.2
2018-09-21 11:15,27.413
2018-09-21 11:30,27.625
2018-09-21 11:45,27.838
2018-09-21 12:00,28.05
2018-09-21 12:15,27.045
2018-09-21 12:30,26.041
2018-09-21 12:45,25.036
2018-09-21 13:00,24.031
2018-09-21 13:15,25.248
2018-09-21 13:30,26.466
2018-09-21 13:45,27.683
2018-09-21 14:00,28.9
2018-09-21 14:15,27.841
2018-09-21 14:30,26.781
2018-09-21 14:45,25.721
2018-09-21 15:00,24.662
2018-09-21 15:15,24.239
2018-09-21 15:30,23.817
2018-09-21 15:45,23.396
2018-09-21 16:00,22.973
2018-09-21 16:15,22.871
2018-09-21 16:30,22.768
2018-09-21 16:45,22.665
2018-09-21 17:00,22.563
2018-09-21 17:15,22.456
2018-09-21 17:30,22.349
2018-09-21 17:45,22.242
2018-09-21 18:00,22.136
2018-09-21 18:15,21.888
2018-09-21 18:30,21.64
2018-09-21 18:45,21.392
2018-09-21 19:00,21.144
2018-09-21 19:15,20.935
2018-09-21 19:30,20.726
2018-09-21 19:45,20.517
2018-09-21 20:00,20.308
2018-09-21 20:15,20.031
2018-09-21 20:30,19.754
2018-09-21 20:45,19.477
2018-09-21 21:00,19.2
2018-09-21 21:15,19.153
2018-09-21 21:30,19.107
2018-09-21 21:45,19.06
2018-09-21 22:00,19.013
2018-09-21 22:15,19.026
2018-09-21 22:30,19.039
2018-09-21 22:45,19.052
2018-09-21 23:00,19.064
2018-09-21 23:15,19.041
2018-09-21 23:30,19.018
2018-09-21 23:45,18.994
2018-09-22 00:00,18.971
2018-09-22 00:15,18.973
2018-09-22 00:30,18.976
2018-09-22 00:45,18.978
2018-09-22 01:00,18.98
2018-09-22 01:15,18.996
2018-09-22 01:30,19.012
2018-09-22 01:45,19.028
2018-09-22 02:00,19.044
2018-09-22 02:15,19.053
2018-09-22 02:30,19.062
2018-09-22 02:45,19.071
2018-09-22 03:00,19.08
2018-09-22 03:15,19.074
2018-09-22 03:30,19.068
2018-09-22 03:45,19.063
2018-09-22 04:00,19.057
2018-09-22 04:15,19.057
2018-09-22 04:30,19.057
2018-09-22 04:45,19.057
2018-09-22 05:00,19.057
2018-09-22 05:15,18.926
2018-09-22 05:30,18.795
2018-09-22 05:45,18.664
2018-09-22 06:00,18.533
2018-09-22 06:15,18.397
2018-09-22 06:30,18.259
2018-09-22 06:45,18.123
2018-09-22 07:00,17.986
2018-09-22 07:15,17.764
2018-09-22 07:30,17.543
2018-09-22 07:45,17.322
2018-09-22 08:00,17.1
2018-09-22 08:15,17.079
2018-09-22 08:30,17.058
2018-09-22 08:45,17.037
2018-09-22 09:00,17.016
2018-09-22 09:15,17.066
2018-09-22 09:30,17.116
2018-09-22 09:45,17.166
2018-09-22 10:00,17.216
2018-09-22 10:15,17.408
2018-09-22 10:30,17.6
2018-09-22 10:45,17.792
2018-09-22 11:00,17.984
2018-09-22 11:15,17.994
2018-09-22 11:30,18.004
2018-09-22 11:45,18.013
2018-09-22 12:00,18.023
2018-09-22 12:15,18.262
2018-09-22 12:30,18.502
2018-09-22 12:45,18.741
2018-09-22 13:00,18.98
2018-09-22 13:15,18.982
2018-09-22 13:30,18.983
2018-09-22 13:45,18.984
2018-09-22 14:00,18.986
2018-09-22 14:15,18.686
2018-09-22 14:30,18.385
2018-09-22 14:45,18.085
2018-09-22 15:00,17.784
2018-09-22 15:15,17.573
2018-09-22 15:30,17.362
2018-09-22 15:45,17.151
2018-09-22 16:00,16.94
2018-09-22 16:15,16.94
2018-09-22 16:30,16.94
2018-09-22 16:45,16.94
2018-09-22 17:00,16.94
2018-09-22 17:15,16.803
2018-09-22 17:30,16.666
2018-09-22 17:45,16.529
2018-09-22 18:00,16.392
2018-09-22 18:15,16.404
2018-09-22 18:30,16.416
2018-09-22 18:45,16.427
2018-09-22 19:00,16.438
2018-09-22 19:15,16.542
2018-09-22 19:30,16.646
2018-09-22 19:45,16.75
2018-09-22 20:00,16.854
2018-09-22 20:15,16.642
2018-09-22 20:30,16.431
2018-09-22 20:45,16.219
2018-09-22 21:00,16.008
2018-09-22 21:15,15.998
2018-09-22 21:30,15.988
2018-09-22 21:45,15.979
2018-09-22 22:00,15.969
2018-09-22 22:15,15.76
2018-09-22 22:30,15.551
2018-09-22 22:45,15.342
2018-09-22 23:00,15.133
2018-09-22 23:15,15.1
2018-09-22 23:30,15.067
2018-09-22 23:45,15.033
2018-09-23 00:00,15.0
2018-09-23 00:15,15.0
2018-09-23 00:30,15.0
2018-09-23 00:45,15.0
2018-09-23 01:00,15.0
2018-09-23 01:15,15.0
2018-09-23 01:30,15.0
2018-09-23 01:45,15.0
2018-09-23 02:00,15.0
2018-09-23 02:15,15.0
2018-09-23 02:30,15.0
2018-09-23 02:45,15.0
2018-09-23 03:00,15.0
2018-09-23 03:15,15.0
2018-09-23 03:30,15.0
2018-09-23 03:45,15.0
2018-09-23 04:00,15.0
2018-09-23 04:15,15.0
2018-09-23 04:30,15.0
2018-09-23 04:45,15.0
2018-09-23 05:00,15.0
2018-09-23 05:15,15.0
2018-09-23 05:30,15.0
2018-09-23 05:45,15.0
2018-09-23 06:00,15.0
2018-09-23 06:15,15.0
2018-09-23 06:30,15.0
2018-09-23 06:45,15.0
2018-09-23 07:00,15.0
2018-09-23 07:15,15.0
2018-09-23 07:30,15.0
2018-09-23 07:45,15.0
2018-09-23 08:00,15.0
2018-09-23 08:15,15.05
2018-09-23 08:30,15.1
2018-09-23 08:45,15.15
2018-09-23 09:00,15.2
2018-09-23 09:15,15.394
2018-09-23 09:30,15.589
2018-09-23 09:45,15.784
2018-09-23 10:00,15.978
2018-09-23 10:15,16.123
2018-09-23 10:30,16.268
2018-09-23 10:45,16.413
2018-09-23 11:00,16.557
2018-09-23 11:15,16.643
2018-09-23 11:30,16.728
2018-09-23 11:45,16.814
2018-09-23 12:00,16.9
2018-09-23 12:15,16.927
2018-09-23 12:30,16.953
2018-09-23 12:45,16.98
2018-09-23 13:00,17.007
2018-09-23 13:15,16.994
2018-09-23 13:30,16.982
2018-09-23 13:45,16.969
2018-09-23 14:00,16.956
2018-09-23 14:15,17.223
2018-09-23 14:30,17.489
2018-09-23 14:45,17.756
2018-09-23 15:00,18.023
2018-09-23 15:15,18.013
2018-09-23 15:30,18.004
2018-09-23 15:45,17.994
2018-09-23 16:00,17.984
2018-09-23 16:15,17.942
2018-09-23 16:30,17.899
2018-09-23 16:45,17.857
2018-09-23 17:00,17.814
2018-09-23 17:15,17.771
2018-09-23 17:30,17.728
2018-09-23 17:45,17.686
2018-09-23 18:00,17.643
2018-09-23 18:15,17.489
2018-09-23 18:30,17.336
2018-09-23 18:45,17.182
2018-09-23 19:00,17.028
2018-09-23 19:15,17.025
2018-09-23 19:30,17.022
2018-09-23 19:45,17.019
2018-09-23 20:00,17.016
2018-09-23 20:15,17.016
2018-09-23 20:30,17.016
2018-09-23 20:45,17.016
2018-09-23 21:00,17.016
2018-09-23 21:15,17.019
2018-09-23 21:30,17.022
2018-09-23 21:45,17.025
2018-09-23 22:00,17.028
2018-09-23 22:15,17.025
2018-09-23 22:30,17.022
2018-09-23 22:45,17.019
2018-09-23 23:00,17.016
2018-09-23 23:15,17.022
2018-09-23 23:30,17.028
2018-09-23 23:45,17.034
2018-09-24 00:00,17.04
2018-09-24 00:15,17.034
2018-09-24 00:30,17.028
2018-09-24 00:45,17.022
2018-09-24 01:00,17.016
2018-09-24 01:15,17.019
2018-09-24 01:30,17.022
2018-09-24 01:45,17.025
2018-09-24 02:00,17.028
2018-09-24 02:15,17.034
2018-09-24 02:30,17.039
2018-09-24 02:45,17.044
2018-09-24 03:00,17.05
2018-09-24 03:15,17.044
2018-09-24 03:30,17.039
2018-09-24 03:45,17.034
2018-09-24 04:00,17.028
2018-09-24 04:15,17.034
2018-09-24 04:30,17.039
2018-09-24 04:45,17.044
2018-09-24 05:00,17.05
2018-09-24 05:15,17.047
2018-09-24 05:30,17.045
2018-09-24 05:45,17.042
2018-09-24 06:00,17.04
2018-09-24 06:15,17.04
2018-09-24 06:30,17.04
2018-09-24 06:45,17.04
2018-09-24 07:00,17.04
2018-09-24 07:15,17.034
2018-09-24 07:30,17.028
2018-09-24 07:45,17.022
2018-09-24 08:00,17.016
2018-09-24 08:15,17.162
2018-09-24 08:30,17.308
2018-09-24 08:45,17.454
2018-09-24 09:00,17.6
2018-09-24 09:15,17.706
2018-09-24 09:30,17.812
2018-09-24 09:45,17.917
2018-09-24 10:00,18.023
2018-09-24 10:15,18.951
2018-09-24 10:30,19.878
2018-09-24 10:45,20.806
2018-09-24 11:00,21.733
2018-09-24 11:15,21.553
2018-09-24 11:30,21.374
2018-09-24 11:45,21.194
2018-09-24 12:00,21.014
2018-09-24 12:15,21.168
2018-09-24 12:30,21.323
2018-09-24 12:45,21.477
2018-09-24 13:00,21.631
2018-09-24 13:15,22.012
2018-09-24 13:30,22.394
2018-09-24 13:45,22.776
2018-09-24 14:00,23.157
2018-09-24 14:15,23.562
2018-09-24 14:30,23.967
2018-09-24 14:45,24.372
2018-09-24 15:00,24.777
2018-09-24 15:15,25.084
2018-09-24 15:30,25.392
2018-09-24 15:45,25.7
2018-09-24 16:00,26.008
2018-09-24 16:15,26.241
2018-09-24 16:30,26.473
2018-09-24 16:45,26.706
2018-09-24 17:00,26.938
2018-09-24 17:15,27.056
2018-09-24 17:30,27.173
2018-09-24 17:45,27.291
2018-09-24 18:00,27.408
2018-09-24 18:15,27.619
2018-09-24 18:30,27.831
2018-09-24 18:45,28.042
2018-09-24 19:00,28.254
2018-09-24 19:15,28.021
2018-09-24 19:30,27.788
2018-09-24 19:45,27.556
2018-09-24 20:00,27.323
2018-09-24 20:15,27.266
2018-09-24 20:30,27.208
2018-09-24 20:45,27.15
2018-09-24 21:00,27.092
2018-09-24 21:15,27.063
2018-09-24 21:30,27.034
2018-09-24 21:45,27.006
2018-09-24 22:00,26.977
2018-09-24 22:15,26.908
2018-09-24 22:30,26.838
2018-09-24 22:45,26.769
2018-09-24 23:00,26.7
2018-09-24 23:15,26.769
2018-09-24 23:30,26.838
2018-09-24 23:45,26.908
2018-09-25 00:00,26.977
2018-09-25 00:15,26.977
2018-09-25 00:30,26.977
2018-09-25 00:45,26.977
2018-09-25 01:00,26.977
2018-09-25 01:15,27.171
2018-09-25 01:30,27.366
2018-09-25 01:45,27.559
2018-09-25 02:00,27.754
2018-09-25 02:15,27.812
2018-09-25 02:30,27.869
2018-09-25 02:45,27.927
2018-09-25 03:00,27.984
2018-09-25 03:15,28.159
2018-09-25 03:30,28.334
2018-09-25 03:45,28.509
2018-09-25 04:00,28.684
2018-09-25 04:15,28.967
2018-09-25 04:30,29.25
2018-09-25 04:45,29.533
2018-09-25 05:00,29.816
2018-09-25 05:15,30.094
2018-09-25 05:30,30.373
2018-09-25 05:45,30.652
2018-09-25 06:00,30.931
2018-09-25 06:15,31.183
2018-09-25 06:30,31.434
2018-09-25 06:45,31.687
2018-09-25 07:00,31.938
2018-09-25 07:15,32.163
2018-09-25 07:30,32.387
2018-09-25 07:45,32.612
2018-09-25 08:00,32.836
2018-09-25 08:15,30.602
2018-09-25 08:30,28.368
2018-09-25 08:45,26.134
2018-09-25 09:00,23.9
2018-09-25 09:15,24.125
2018-09-25 09:30,24.35
2018-09-25 09:45,24.575
2018-09-25 10:00,24.8
2018-09-25 10:15,25.15
2018-09-25 10:30,25.5
2018-09-25 10:45,25.85
2018-09-25 11:00,26.2
2018-09-25 11:15,25.438
2018-09-25 11:30,24.675
2018-09-25 11:45,23.913
2018-09-25 12:00,23.15
2018-09-25 12:15,23.553
2018-09-25 12:30,23.956
2018-09-25 12:45,24.359
2018-09-25 13:00,24.762
2018-09-25 13:15,25.102
2018-09-25 13:30,25.442
2018-09-25 13:45,25.783
2018-09-25 14:00,26.123
2018-09-25 14:15,26.404
2018-09-25 14:30,26.684
2018-09-25 14:45,26.966
2018-09-25 15:00,27.246
2018-09-25 15:15,27.441
2018-09-25 15:30,27.634
2018-09-25 15:45,27.829
2018-09-25 16:00,28.023
2018-09-25 16:15,28.023
2018-09-25 16:30,28.023
2018-09-25 16:45,28.023
2018-09-25 17:00,28.023
2018-09-25 17:15,28.013
2018-09-25 17:30,28.004
2018-09-25 17:45,27.994
2018-09-25 18:00,27.984
2018-09-25 18:15,27.779
2018-09-25 18:30,27.573
2018-09-25 18:45,27.367
2018-09-25 19:00,27.162
2018-09-25 19:15,27.008
2018-09-25 19:30,26.854
2018-09-25 19:45,26.7
2018-09-25 20:00,26.546
2018-09-25 20:15,26.004
2018-09-25 20:30,25.462
2018-09-25 20:45,24.919
2018-09-25 21:00,24.377
2018-09-25 21:15,24.116
2018-09-25 21:30,23.854
2018-09-25 21:45,23.592
2018-09-25 22:00,23.331
2018-09-25 22:15,23.19
2018-09-25 22:30,23.049
2018-09-25 22:45,22.908
2018-09-25 23:00,22.767
2018-09-25 23:15,22.569
2018-09-25 23:30,22.372
2018-09-25 23:45,22.174
2018-09-26 00:00,21.977
2018-09-26 00:15,21.977
2018-09-26 00:30,21.977
2018-09-26 00:45,21.977
2018-09-26 01:00,21.977
2018-09-26 01:15,21.914
2018-09-26 01:30,21.851
2018-09-26 01:45,21.788
2018-09-26 02:00,21.725
2018-09-26 02:15,21.662
2018-09-26 02:30,21.599
2018-09-26 02:45,21.536
2018-09-26 03:00,21.473
2018-09-26 03:15,21.41
2018-09-26 03:30,21.347
2018-09-26 03:45,21.284
2018-09-26 04:00,21.221
2018-09-26 04:15,21.158
2018-09-26 04:30,21.095
2018-09-26 04:45,21.032
2018-09-26 05:00,20.969
2018-09-26 05:15,20.963
2018-09-26 05:30,20.956
2018-09-26 05:45,20.949
2018-09-26 06:00,20.943
2018-09-26 06:15,20.139
2018-09-26 06:30,19.336
2018-09-26 06:45,18.532
2018-09-26 07:00,17.728
2018-09-26 07:15,17.569
2018-09-26 07:30,17.411
2018-09-26 07:45,17.252
2018-09-26 08:00,17.093
2018-09-26 08:15,16.986
2018-09-26 08:30,16.877
2018-09-26 08:45,16.769
2018-09-26 09:00,16.662
2018-09-26 09:15,17.071
2018-09-26 09:30,17.481
2018-09-26 09:45,17.891
2018-09-26 10:00,18.3
2018-09-26 10:15,17.068
2018-09-26 10:30,15.836
2018-09-26 10:45,14.603
2018-09-26 11:00,13.372
2018-09-26 11:15,13.225
2018-09-26 11:30,13.078
2018-09-26 11:45,12.931
2018-09-26 12:00,12.784
2018-09-26 12:15,12.631
2018-09-26 12:30,12.477
2018-09-26 12:45,12.323
2018-09-26 13:00,12.169
2018-09-26 13:15,12.479
2018-09-26 13:30,12.788
2018-09-26 13:45,13.098
2018-09-26 14:00,13.407
2018-09-26 14:15,13.877
2018-09-26 14:30,14.346
2018-09-26 14:45,14.815
2018-09-26 15:00,15.284
2018-09-26 15:15,15.659
2018-09-26 15:30,16.034
2018-09-26 15:45,16.409
2018-09-26 16:00,16.784
2018-09-26 16:15,16.873
2018-09-26 16:30,16.962
2018-09-26 16:45,17.05
2018-09-26 17:00,17.138
2018-09-26 17:15,17.117
2018-09-26 17:30,17.096
2018-09-26 17:45,17.075
2018-09-26 18:00,17.054
2018-09-26 18:15,16.809
2018-09-26 18:30,16.566
2018-09-26 18:45,16.321
2018-09-26 19:00,16.077
2018-09-26 19:15,15.613
2018-09-26 19:30,15.15
2018-09-26 19:45,14.687
2018-09-26 20:00,14.223
2018-09-26 20:15,14.019
2018-09-26 20:30,13.816
2018-09-26 20:45,13.612
2018-09-26 21:00,13.408
2018-09-26 21:15,13.308
2018-09-26 21:30,13.207
2018-09-26 21:45,13.107
2018-09-26 22:00,13.007
2018-09-26 22:15,13.002
2018-09-26 22:30,12.996
2018-09-26 22:45,12.99
2018-09-26 23:00,12.984
2018-09-26 23:15,12.984
2018-09-26 23:30,12.984
2018-09-26 23:45,12.984
2018-09-27 00:00,12.984
2018-09-27 00:15,12.8
2018-09-27 00:30,12.616
2018-09-27 00:45,12.431
2018-09-27 01:00,12.246
2018-09-27 01:15,12.188
2018-09-27 01:30,12.131
2018-09-27 01:45,12.073
2018-09-27 02:00,12.016
2018-09-27 02:15,12.016
2018-09-27 02:30,12.016
2018-09-27 02:45,12.016
2018-09-27 03:00,12.016
2018-09-27 03:15,12.006
2018-09-27 03:30,11.996
2018-09-27 03:45,11.987
2018-09-27 04:00,11.977
2018-09-27 04:15,11.977
2018-09-27 04:30,11.977
2018-09-27 04:45,11.977
2018-09-27 05:00,11.977
2018-09-27 05:15,11.977
2018-09-27 05:30,11.977
2018-09-27 05:45,11.977
2018-09-27 06:00,11.977
2018-09-27 06:15,11.977
2018-09-27 06:30,11.977
2018-09-27 06:45,11.977
2018-09-27 07:00,11.977
2018-09-27 07:15,11.815
2018-09-27 07:30,11.653
2018-09-27 07:45,11.491
2018-09-27 08:00,11.328
2018-09-27 08:15,11.394
2018-09-27 08:30,11.461
2018-09-27 08:45,11.526
2018-09-27 09:00,11.592
2018-09-27 09:15,11.846
2018-09-27 09:30,12.1
2018-09-27 09:45,12.354
2018-09-27 10:00,12.608
2018-09-27 10:15,13.052
2018-09-27 10:30,13.496
2018-09-27 10:45,13.941
2018-09-27 11:00,14.384
2018-09-27 11:15,14.966
2018-09-27 11:30,15.546
2018-09-27 11:45,16.127
2018-09-27 12:00,16.708
2018-09-27 12:15,16.998
2018-09-27 12:30,17.288
2018-09-27 12:45,17.579
2018-09-27 13:00,17.869
2018-09-27 13:15,18.141
2018-09-27 13:30,18.412
2018-09-27 13:45,18.683
2018-09-27 14:00,18.954
2018-09-27 14:15,19.35
2018-09-27 14:30,19.746
2018-09-27 14:45,20.142
2018-09-27 15:00,20.538
2018-09-27 15:15,20.752
2018-09-27 15:30,20.966
2018-09-27 15:45,21.179
2018-09-27 16:00,21.392
2018-09-27 16:15,21.431
2018-09-27 16:30,21.469
2018-09-27 16:45,21.508
2018-09-27 17:00,21.546
2018-09-27 17:15,21.488
2018-09-27 17:30,21.431
2018-09-27 17:45,21.373
2018-09-27 18:00,21.316
2018-09-27 18:15,21.229
2018-09-27 18:30,21.142
2018-09-27 18:45,21.056
2018-09-27 19:00,20.969
2018-09-27 19:15,20.629
2018-09-27 19:30,20.288
2018-09-27 19:45,19.948
2018-09-27 20:00,19.608
2018-09-27 20:15,19.269
2018-09-27 20:30,18.931
2018-09-27 20:45,18.592
2018-09-27 21:00,18.254
2018-09-27 21:15,18.041
2018-09-27 21:30,17.827
2018-09-27 21:45,17.613
2018-09-27 22:00,17.4
2018-09-27 22:15,17.244
2018-09-27 22:30,17.088
2018-09-27 22:45,16.933
2018-09-27 23:00,16.777
2018-09-27 23:15,16.575
2018-09-27 23:30,16.373
2018-09-27 23:45,16.171
2018-09-28 00:00,15.969
2018-09-28 00:15,15.842
2018-09-28 00:30,15.716
2018-09-28 00:45,15.588
2018-09-28 01:00,15.462
2018-09-28 01:15,15.238
2018-09-28 01:30,15.016
2018-09-28 01:45,14.792
2018-09-28 02:00,14.569
2018-09-28 02:15,14.434
2018-09-28 02:30,14.3
2018-09-28 02:45,14.166
2018-09-28 03:00,14.031
2018-09-28 03:15,14.021
2018-09-28 03:30,14.012
2018-09-28 03:45,14.002
2018-09-28 04:00,13.992
2018-09-28 04:15,13.844
2018-09-28 04:30,13.696
2018-09-28 04:45,13.548
2018-09-28 05:00,13.4
2018-09-28 05:15,13.471
2018-09-28 05:30,13.542
2018-09-28 05:45,13.613
2018-09-28 06:00,13.684
2018-09-28 06:15,13.762
2018-09-28 06:30,13.838
2018-09-28 06:45,13.916
2018-09-28 07:00,13.992
2018-09-28 07:15,13.992
2018-09-28 07:30,13.992
2018-09-28 07:45,13.992
2018-09-28 08:00,13.992
2018-09-28 08:15,14.002
2018-09-28 08:30,14.012
2018-09-28 08:45,14.021
2018-09-28 09:00,14.031
2018-09-28 09:15,14.219
2018-09-28 09:30,14.408
2018-09-28 09:45,14.597
2018-09-28 10:00,14.786
2018-09-28 10:15,15.161
2018-09-28 10:30,15.535
2018-09-28 10:45,15.91
2018-09-28 11:00,16.284
2018-09-28 11:15,16.731
2018-09-28 11:30,17.177
2018-09-28 11:45,17.623
2018-09-28 12:00,18.069
2018-09-28 12:15,18.281
2018-09-28 12:30,18.492
2018-09-28 12:45,18.704
2018-09-28 13:00,18.916
2018-09-28 13:15,19.141
2018-09-28 13:30,19.366
2018-09-28 13:45,19.591
2018-09-28 14:00,19.816
2018-09-28 14:15,20.152
2018-09-28 14:30,20.488
2018-09-28 14:45,20.825
2018-09-28 15:00,21.162
2018-09-28 15:15,21.189
2018-09-28 15:30,21.217
2018-09-28 15:45,21.244
2018-09-28 16:00,21.272
2018-09-28 16:15,21.428
2018-09-28 16:30,21.586
2018-09-28 16:45,21.743
2018-09-28 17:00,21.9
2018-09-28 17:15,21.9
2018-09-28 17:30,21.9
2018-09-28 17:45,21.9
2018-09-28 18:00,21.9
2018-09-28 18:15,21.744
2018-09-28 18:30,21.588
2018-09-28 18:45,21.433
2018-09-28 19:00,21.277
2018-09-28 19:15,21.016
2018-09-28 19:30,20.754
2018-09-28 19:45,20.492
2018-09-28 20:00,20.231
2018-09-28 20:15,19.95
2018-09-28 20:30,19.669
2018-09-28 20:45,19.388
2018-09-28 21:00,19.108
2018-09-28 21:15,19.088
2018-09-28 21:30,19.069
2018-09-28 21:45,19.05
2018-09-28 22:00,19.031
2018-09-28 22:15,18.952
2018-09-28 22:30,18.873
2018-09-28 22:45,18.794
2018-09-28 23:00,18.716
2018-09-28 23:15,18.533
2018-09-28 23:30,18.35
2018-09-28 23:45,18.167
2018-09-29 00:00,17.984
2018-09-29 00:15,17.984
2018-09-29 00:30,17.984
2018-09-29 00:45,17.984
2018-09-29 01:00,17.984
2018-09-29 01:15,17.984
2018-09-29 01:30,17.984
2018-09-29 01:45,17.984
2018-09-29 02:00,17.984
2018-09-29 02:15,17.984
2018-09-29 02:30,17.984
2018-09-29 02:45,17.984
2018-09-29 03:00,17.984
2018-09-29 03:15,17.984
2018-09-29 03:30,17.984
2018-09-29 03:45,17.984
2018-09-29 04:00,17.984
2018-09-29 04:15,17.984
2018-09-29 04:30,17.984
2018-09-29 04:45,17.984
2018-09-29 05:00,17.984
2018-09-29 05:15,17.984
2018-09-29 05:30,17.984
2018-09-29 05:45,17.984
2018-09-29 06:00,17.984
2018-09-29 06:15,17.896
2018-09-29 06:30,17.808
2018-09-29 06:45,17.719
2018-09-29 07:00,17.631
2018-09-29 07:15,17.467
2018-09-29 07:30,17.304
2018-09-29 07:45,17.141
2018-09-29 08:00,16.977
2018-09-29 08:15,16.981
2018-09-29 08:30,16.985
2018-09-29 08:45,16.989
2018-09-29 09:00,16.993
2018-09-29 09:15,16.976
2018-09-29 09:30,16.959
2018-09-29 09:45,16.942
2018-09-29 10:00,16.925
2018-09-29 10:15,16.937
2018-09-29 10:30,16.949
2018-09-29 10:45,16.961
2018-09-29 11:00,16.973
2018-09-29 11:15,17.261
2018-09-29 11:30,17.547
2018-09-29 11:45,17.834
2018-09-29 12:00,18.122
2018-09-29 12:15,18.514
2018-09-29 12:30,18.907
2018-09-29 12:45,19.299
2018-09-29 13:00,19.692
2018-09-29 13:15,19.846
2018-09-29 13:30,19.999
2018-09-29 13:45,20.153
2018-09-29 14:00,20.307
2018-09-29 14:15,21.755
2018-09-29 14:30,23.203
2018-09-29 14:45,24.652
2018-09-29 15:00,26.1
2018-09-29 15:15,24.975
2018-09-29 15:30,23.85
2018-09-29 15:45,22.725
2018-09-29 16:00,21.6
2018-09-29 16:15,21.762
2018-09-29 16:30,21.923
2018-09-29 16:45,22.084
2018-09-29 17:00,22.246
2018-09-29 17:15,22.179
2018-09-29 17:30,22.112
2018-09-29 17:45,22.044
2018-09-29 18:00,21.977
2018-09-29 18:15,21.908
2018-09-29 18:30,21.838
2018-09-29 18:45,21.769
2018-09-29 19:00,21.7
2018-09-29 19:15,21.498
2018-09-29 19:30,21.296
2018-09-29 19:45,21.094
2018-09-29 20:00,20.892
2018-09-29 20:15,20.677
2018-09-29 20:30,20.462
2018-09-29 20:45,20.246
2018-09-29 21:00,20.031
2018-09-29 21:15,20.998
2018-09-29 21:30,21.966
2018-09-29 21:45,22.933
2018-09-29 22:00,23.9
2018-09-29 22:15,22.642
2018-09-29 22:30,21.384
2018-09-29 22:45,20.127
2018-09-29 23:00,18.869
2018-09-29 23:15,18.696
2018-09-29 23:30,18.523
2018-09-29 23:45,18.35
2018-09-30 00:00,18.177
2018-09-30 00:15,18.129
2018-09-30 00:30,18.081
2018-09-30 00:45,18.033
2018-09-30 01:00,17.984
2018-09-30 01:15,17.962
2018-09-30 01:30,17.939
2018-09-30 01:45,17.916
2018-09-30 02:00,17.893
2018-09-30 02:15,17.913
2018-09-30 02:30,17.932
2018-09-30 02:45,17.952
2018-09-30 03:00,17.972
2018-09-30 03:15,17.972
2018-09-30 03:30,17.972
2018-09-30 03:45,17.972
2018-09-30 04:00,17.972
2018-09-30 04:15,17.989
2018-09-30 04:30,18.008
2018-09-30 04:45,18.026
2018-09-30 05:00,18.044
2018-09-30 05:15,18.038
2018-09-30 05:30,18.033
2018-09-30 05:45,18.028
2018-09-30 06:00,18.023
2018-09-30 06:15,18.016
2018-09-30 06:30,18.008
2018-09-30 06:45,18.001
2018-09-30 07:00,17.993
2018-09-30 07:15,17.988
2018-09-30 07:30,17.982
2018-09-30 07:45,17.977
2018-09-30 08:00,17.972
2018-09-30 08:15,18.073
2018-09-30 08:30,18.174
2018-09-30 08:45,18.276
2018-09-30 09:00,18.377
2018-09-30 09:15,20.183
2018-09-30 09:30,21.988
2018-09-30 09:45,23.794
2018-09-30 10:00,25.6
2018-09-30 10:15,24.608
2018-09-30 10:30,23.616
2018-09-30 10:45,22.623
2018-09-30 11:00,21.631
2018-09-30 11:15,21.796
2018-09-30 11:30,21.962
2018-09-30 11:45,22.127
2018-09-30 12:00,22.292
2018-09-30 12:15,22.427
2018-09-30 12:30,22.562
2018-09-30 12:45,22.696
2018-09-30 13:00,22.831
2018-09-30 13:15,22.938
2018-09-30 13:30,23.046
2018-09-30 13:45,23.154
2018-09-30 14:00,23.262
2018-09-30 14:15,23.446
2018-09-30 14:30,23.631
2018-09-30 14:45,23.816
2018-09-30 15:00,24.0
2018-09-30 15:15,24.084
2018-09-30 15:30,24.169
2018-09-30 15:45,24.254
2018-09-30 16:00,24.338
2018-09-30 16:15,24.319
2018-09-30 16:30,24.3
2018-09-30 16:45,24.281
2018-09-30 17:00,24.262
2018-09-30 17:15,24.3
2018-09-30 17:30,24.338
2018-09-30 17:45,24.377
2018-09-30 18:00,24.416
2018-09-30 18:15,24.259
2018-09-30 18:30,24.104
2018-09-30 18:45,23.948
2018-09-30 19:00,23.792
2018-09-30 19:15,23.434
2018-09-30 19:30,23.077
2018-09-30 19:45,22.719
2018-09-30 20:00,22.362
2018-09-30 20:15,22.246
2018-09-30 20:30,22.131
2018-09-30 20:45,22.016
2018-09-30 21:00,21.9
2018-09-30 21:15,21.687
2018-09-30 21:30,21.473
2018-09-30 21:45,21.259
2018-09-30 22:00,21.046
2018-09-30 22:15,20.9
2018-09-30 22:30,20.754
2018-09-30 22:45,20.608
2018-09-30 23:00,20.462
2018-09-30 23:15,20.219
2018-09-30 23:30,19.977
2018-09-30 23:45,19.734
2018-10-01 00:00,19.492
2018-10-01 00:15,19.367
2018-10-01 00:30,19.242
2018-10-01 00:45,19.117
2018-10-01 01:00,18.992
2018-10-01 01:15,18.991
2018-10-01 01:30,18.989
2018-10-01 01:45,18.987
2018-10-01 02:00,18.986
2018-10-01 02:15,18.764
2018-10-01 02:30,18.543
2018-10-01 02:45,18.322
2018-10-01 03:00,18.1
2018-10-01 03:15,18.1
2018-10-01 03:30,18.1
2018-10-01 03:45,18.1
2018-10-01 04:00,18.1
2018-10-01 04:15,18.32
2018-10-01 04:30,18.54
2018-10-01 04:45,18.76
2018-10-01 05:00,18.98
2018-10-01 05:15,18.982
2018-10-01 05:30,18.983
2018-10-01 05:45,18.984
2018-10-01 06:00,18.986
2018-10-01 06:15,18.898
2018-10-01 06:30,18.809
2018-10-01 06:45,18.722
2018-10-01 07:00,18.633
2018-10-01 07:15,18.477
2018-10-01 07:30,18.32
2018-10-01 07:45,18.164
2018-10-01 08:00,18.007
2018-10-01 08:15,18.119
2018-10-01 08:30,18.231
2018-10-01 08:45,18.342
2018-10-01 09:00,18.454
2018-10-01 09:15,19.941
2018-10-01 09:30,21.427
2018-10-01 09:45,22.913
2018-10-01 10:00,24.4
2018-10-01 10:15,23.591
2018-10-01 10:30,22.781
2018-10-01 10:45,21.971
2018-10-01 11:00,21.162
2018-10-01 11:15,21.523
2018-10-01 11:30,21.884
2018-10-01 11:45,22.246
2018-10-01 12:00,22.608
2018-10-01 12:15,22.75
2018-10-01 12:30,22.892
2018-10-01 12:45,23.034
2018-10-01 13:00,23.177
2018-10-01 13:15,23.409
2018-10-01 13:30,23.642
2018-10-01 13:45,23.875
2018-10-01 14:00,24.108
2018-10-01 14:15,24.184
2018-10-01 14:30,24.262
2018-10-01 14:45,24.338
2018-10-01 15:00,24.416
2018-10-01 15:15,24.65
2018-10-01 15:30,24.884
2018-10-01 15:45,25.119
2018-10-01 16:00,25.354
2018-10-01 16:15,25.537
2018-10-01 16:30,25.719
2018-10-01 16:45,25.902
2018-10-01 17:00,26.084
2018-10-01 17:15,25.841
2018-10-01 17:30,25.596
2018-10-01 17:45,25.352
2018-10-01 18:00,25.108
2018-10-01 18:15,24.973
2018-10-01 18:30,24.838
2018-10-01 18:45,24.704
2018-10-01 19:00,24.569
2018-10-01 19:15,24.269
2018-10-01 19:30,23.969
2018-10-01 19:45,23.669
2018-10-01 20:00,23.369
2018-10-01 20:15,23.204
2018-10-01 20:30,23.038
2018-10-01 20:45,22.873
2018-10-01 21:00,22.708
2018-10-01 21:15,22.398
2018-10-01 21:30,22.088
2018-10-01 21:45,21.779
2018-10-01 22:00,21.469
2018-10-01 22:15,21.237
2018-10-01 22:30,21.004
2018-10-01 22:45,20.771
2018-10-01 23:00,20.538
2018-10-01 23:15,20.181
2018-10-01 23:30,19.823
2018-10-01 23:45,19.466
2018-10-02 00:00,19.108
2018-10-02 00:15,19.029
2018-10-02 00:30,18.95
2018-10-02 00:45,18.871
2018-10-02 01:00,18.792
2018-10-02 01:15,18.6
2018-10-02 01:30,18.408
2018-10-02 01:45,18.216
2018-10-02 02:00,18.023
2018-10-02 02:15,18.023
2018-10-02 02:30,18.023
2018-10-02 02:45,18.023
2018-10-02 03:00,18.023
2018-10-02 03:15,18.013
2018-10-02 03:30,18.004
2018-10-02 03:45,17.994
2018-10-02 04:00,17.984
2018-10-02 04:15,17.984
2018-10-02 04:30,17.984
2018-10-02 04:45,17.984
2018-10-02 05:00,17.984
2018-10-02 05:15,17.934
2018-10-02 05:30,17.884
2018-10-02 05:45,17.834
2018-10-02 06:00,17.784
2018-10-02 06:15,17.735
2018-10-02 06:30,17.686
2018-10-02 06:45,17.636
2018-10-02 07:00,17.587
2018-10-02 07:15,17.696
2018-10-02 07:30,17.805
2018-10-02 07:45,17.914
2018-10-02 08:00,18.023
2018-10-02 08:15,18.208
2018-10-02 08:30,18.392
2018-10-02 08:45,18.577
2018-10-02 09:00,18.762
2018-10-02 09:15,18.917
2018-10-02 09:30,19.073
2018-10-02 09:45,19.229
2018-10-02 10:00,19.384
2018-10-02 10:15,19.667
2018-10-02 10:30,19.949
2018-10-02 10:45,20.232
2018-10-02 11:00,20.514
2018-10-02 11:15,20.832
2018-10-02 11:30,21.149
2018-10-02 11:45,21.467
2018-10-02 12:00,21.784
2018-10-02 12:15,21.998
2018-10-02 12:30,22.212
2018-10-02 12:45,22.425
2018-10-02 13:00,22.638
2018-10-02 13:15,23.017
2018-10-02 13:30,23.396
2018-10-02 13:45,23.775
2018-10-02 14:00,24.154
2018-10-02 14:15,24.142
2018-10-02 14:30,24.131
2018-10-02 14:45,24.119
2018-10-02 15:00,24.108
2018-10-02 15:15,24.304
2018-10-02 15:30,24.5
2018-10-02 15:45,24.696
2018-10-02 16:00,24.892
2018-10-02 16:15,25.162
2018-10-02 16:30,25.431
2018-10-02 16:45,25.7
2018-10-02 17:00,25.969
2018-10-02 17:15,25.95
2018-10-02 17:30,25.931
2018-10-02 17:45,25.912
2018-10-02 18:00,25.892
2018-10-02 18:15,25.456
2018-10-02 18:30,25.019
2018-10-02 18:45,24.583
2018-10-02 19:00,24.146
2018-10-02 19:15,23.913
2018-10-02 19:30,23.681
2018-10-02 19:45,23.448
2018-10-02 20:00,23.216
2018-10-02 20:15,23.138
2018-10-02 20:30,23.062
2018-10-02 20:45,22.984
2018-10-02 21:00,22.908
2018-10-02 21:15,22.684
2018-10-02 21:30,22.462
2018-10-02 21:45,22.238
2018-10-02 22:00,22.016
2018-10-02 22:15,22.006
2018-10-02 22:30,21.996
2018-10-02 22:45,21.987
2018-10-02 23:00,21.977
2018-10-02 23:15,21.842
2018-10-02 23:30,21.708
2018-10-02 23:45,21.573
2018-10-03 00:00,21.438
2018-10-03 00:15,21.341
2018-10-03 00:30,21.242
2018-10-03 00:45,21.144
2018-10-03 01:00,21.046
2018-10-03 01:15,22.184
2018-10-03 01:30,23.323
2018-10-03 01:45,24.462
2018-10-03 02:00,25.6
2018-10-03 02:15,25.45
2018-10-03 02:30,25.3
2018-10-03 02:45,25.15
2018-10-03 03:00,25.0
2018-10-03 03:15,23.904
2018-10-03 03:30,22.808
2018-10-03 03:45,21.712
2018-10-03 04:00,20.616
2018-10-03 04:15,20.373
2018-10-03 04:30,20.131
2018-10-03 04:45,19.888
2018-10-03 05:00,19.646
2018-10-03 05:15,19.492
2018-10-03 05:30,19.338
2018-10-03 05:45,19.184
2018-10-03 06:00,19.031
2018-10-03 06:15,19.021
2018-10-03 06:30,19.012
2018-10-03 06:45,19.002
2018-10-03 07:00,18.992
2018-10-03 07:15,18.989
2018-10-03 07:30,18.986
2018-10-03 07:45,18.983
2018-10-03 08:00,18.98
2018-10-03 08:15,20.485
2018-10-03 08:30,21.99
2018-10-03 08:45,23.495
2018-10-03 09:00,25.0
2018-10-03 09:15,25.425
2018-10-03 09:30,25.85
2018-10-03 09:45,26.275
2018-10-03 10:00,26.7
2018-10-03 10:15,25.762
2018-10-03 10:30,24.823
2018-10-03 10:45,23.885
2018-10-03 11:00,22.947
2018-10-03 11:15,23.268
2018-10-03 11:30,23.589
2018-10-03 11:45,23.91
2018-10-03 12:00,24.231
2018-10-03 12:15,24.675
2018-10-03 12:30,25.119
2018-10-03 12:45,25.563
2018-10-03 13:00,26.008
2018-10-03 13:15,26.154
2018-10-03 13:30,26.3
2018-10-03 13:45,26.446
2018-10-03 14:00,26.592
2018-10-03 14:15,26.698
2018-10-03 14:30,26.804
2018-10-03 14:45,26.909
2018-10-03 15:00,27.016
2018-10-03 15:15,27.123
2018-10-03 15:30,27.231
2018-10-03 15:45,27.338
2018-10-03 16:00,27.446
2018-10-03 16:15,27.396
2018-10-03 16:30,27.346
2018-10-03 16:45,27.296
2018-10-03 17:00,27.246
2018-10-03 17:15,27.179
2018-10-03 17:30,27.112
2018-10-03 17:45,27.044
2018-10-03 18:00,26.977
2018-10-03 18:15,26.783
2018-10-03 18:30,26.588
2018-10-03 18:45,26.394
2018-10-03 19:00,26.2
2018-10-03 19:15,25.773
2018-10-03 19:30,25.346
2018-10-03 19:45,24.919
2018-10-03 20:00,24.492
2018-10-03 20:15,24.367
2018-10-03 20:30,24.242
2018-10-03 20:45,24.117
2018-10-03 21:00,23.992
2018-10-03 21:15,23.827
2018-10-03 21:30,23.662
2018-10-03 21:45,23.496
2018-10-03 22:00,23.331
2018-10-03 22:15,23.244
2018-10-03 22:30,23.158
2018-10-03 22:45,23.071
2018-10-03 23:00,22.984
2018-10-03 23:15,22.838
2018-10-03 23:30,22.692
2018-10-03 23:45,22.546
2018-10-04 00:00,22.4
2018-10-04 00:15,22.294
2018-10-04 00:30,22.188
2018-10-04 00:45,22.081
2018-10-04 01:00,21.975
2018-10-04 01:15,21.829
2018-10-04 01:30,21.684
2018-10-04 01:45,21.538
2018-10-04 02:00,21.392
2018-10-04 02:15,22.294
2018-10-04 02:30,23.196
2018-10-04 02:45,24.098
2018-10-04 03:00,25.0
2018-10-04 03:15,24.725
2018-10-04 03:30,24.45
2018-10-04 03:45,24.175
2018-10-04 04:00,23.9
2018-10-04 04:15,23.9
2018-10-04 04:30,23.9
2018-10-04 04:45,23.9
2018-10-04 05:00,23.9
2018-10-04 05:15,22.702
2018-10-04 05:30,21.504
2018-10-04 05:45,20.306
2018-10-04 06:00,19.108
2018-10-04 06:15,19.079
2018-10-04 06:30,19.05
2018-10-04 06:45,19.021
2018-10-04 07:00,18.992
2018-10-04 07:15,18.973
2018-10-04 07:30,18.954
2018-10-04 07:45,18.934
2018-10-04 08:00,18.916
2018-10-04 08:15,20.587
2018-10-04 08:30,22.258
2018-10-04 08:45,23.929
2018-10-04 09:00,25.6
2018-10-04 09:15,24.658
2018-10-04 09:30,23.716
2018-10-04 09:45,22.773
2018-10-04 10:00,21.831
2018-10-04 10:15,22.217
2018-10-04 10:30,22.604
2018-10-04 10:45,22.991
2018-10-04 11:00,23.377
2018-10-04 11:15,23.698
2018-10-04 11:30,24.019
2018-10-04 11:45,24.341
2018-10-04 12:00,24.662
2018-10-04 12:15,24.998
2018-10-04 12:30,25.334
2018-10-04 12:45,25.671
2018-10-04 13:00,26.008
2018-10-04 13:15,26.142
2018-10-04 13:30,26.277
2018-10-04 13:45,26.412
2018-10-04 14:00,26.546
2018-10-04 14:15,26.712
2018-10-04 14:30,26.877
2018-10-04 14:45,27.042
2018-10-04 15:00,27.208
2018-10-04 15:15,27.325
2018-10-04 15:30,27.442
2018-10-04 15:45,27.559
2018-10-04 16:00,27.677
2018-10-04 16:15,27.579
2018-10-04 16:30,27.481
2018-10-04 16:45,27.383
2018-10-04 17:00,27.284
2018-10-04 17:15,27.016
2018-10-04 17:30,26.746
2018-10-04 17:45,26.477
2018-10-04 18:00,26.208
2018-10-04 18:15,26.244
2018-10-04 18:30,26.281
2018-10-04 18:45,26.317
2018-10-04 19:00,26.354
2018-10-04 19:15,25.879
2018-10-04 19:30,25.404
2018-10-04 19:45,24.929
2018-10-04 20:00,24.454
2018-10-04 20:15,24.269
2018-10-04 20:30,24.084
2018-10-04 20:45,23.9
2018-10-04 21:00,23.716
2018-10-04 21:15,23.533
2018-10-04 21:30,23.35
2018-10-04 21:45,23.167
2018-10-04 22:00,22.984
2018-10-04 22:15,22.8
2018-10-04 22:30,22.616
2018-10-04 22:45,22.431
2018-10-04 23:00,22.246
2018-10-04 23:15,22.091
2018-10-04 23:30,21.934
2018-10-04 23:45,21.779
2018-10-05 00:00,21.623
2018-10-05 00:15,21.459
2018-10-05 00:30,21.296
2018-10-05 00:45,21.133
2018-10-05 01:00,20.969
2018-10-05 01:15,20.716
2018-10-05 01:30,20.462
2018-10-05 01:45,20.208
2018-10-05 02:00,19.954
2018-10-05 02:15,19.896
2018-10-05 02:30,19.838
2018-10-05 02:45,19.781
2018-10-05 03:00,19.723
2018-10-05 03:15,19.684
2018-10-05 03:30,19.646
2018-10-05 03:45,19.608
2018-10-05 04:00,19.569
2018-10-05 04:15,19.531
2018-10-05 04:30,19.492
2018-10-05 04:45,19.454
2018-10-05 05:00,19.416
2018-10-05 05:15,19.309
2018-10-05 05:30,19.204
2018-10-05 05:45,19.098
2018-10-05 06:00,18.992
2018-10-05 06:15,18.973
2018-10-05 06:30,18.954
2018-10-05 06:45,18.934
2018-10-05 07:00,18.916
2018-10-05 07:15,18.896
2018-10-05 07:30,18.877
2018-10-05 07:45,18.858
2018-10-05 08:00,18.838
2018-10-05 08:15,19.066
2018-10-05 08:30,19.294
2018-10-05 08:45,19.522
2018-10-05 09:00,19.75
2018-10-05 09:15,20.114
2018-10-05 09:30,20.479
2018-10-05 09:45,20.843
2018-10-05 10:00,21.208
2018-10-05 10:15,21.546
2018-10-05 10:30,21.884
2018-10-05 10:45,22.223
2018-10-05 11:00,22.562
2018-10-05 11:15,22.946
2018-10-05 11:30,23.331
2018-10-05 11:45,23.716
2018-10-05 12:00,24.1
2018-10-05 12:15,24.525
2018-10-05 12:30,24.95
2018-10-05 12:45,25.375
2018-10-05 13:00,25.8
2018-10-05 13:15,26.773
2018-10-05 13:30,27.746
2018-10-05 13:45,28.719
2018-10-05 14:00,29.692
2018-10-05 14:15,30.041
2018-10-05 14:30,30.388
2018-10-05 14:45,30.737
2018-10-05 15:00,31.084
2018-10-05 15:15,31.075
2018-10-05 15:30,31.066
2018-10-05 15:45,31.056
2018-10-05 16:00,31.046
2018-10-05 16:15,30.938
2018-10-05 16:30,30.831
2018-10-05 16:45,30.723
2018-10-05 17:00,30.616
2018-10-05 17:15,30.558
2018-10-05 17:30,30.5
2018-10-05 17:45,30.442
2018-10-05 18:00,30.384
2018-10-05 18:15,30.162
2018-10-05 18:30,29.938
2018-10-05 18:45,29.716
2018-10-05 19:00,29.492
2018-10-05 19:15,29.241
2018-10-05 19:30,28.988
2018-10-05 19:45,28.737
2018-10-05 20:00,28.484
2018-10-05 20:15,28.359
2018-10-05 20:30,28.234
2018-10-05 20:45,28.109
2018-10-05 21:00,27.984
2018-10-05 21:15,27.858
2018-10-05 21:30,27.731
2018-10-05 21:45,27.604
2018-10-05 22:00,27.477
2018-10-05 22:15,27.352
2018-10-05 22:30,27.227
2018-10-05 22:45,27.102
2018-10-05 23:00,26.977
2018-10-05 23:15,26.871
2018-10-05 23:30,26.766
2018-10-05 23:45,26.66
2018-10-06 00:00,26.554
2018-10-06 00:15,26.408
2018-10-06 00:30,26.262
2018-10-06 00:45,26.116
2018-10-06 01:00,25.969
2018-10-06 01:15,25.919
2018-10-06 01:30,25.869
2018-10-06 01:45,25.819
2018-10-06 02:00,25.769
2018-10-06 02:15,25.577
2018-10-06 02:30,25.384
2018-10-06 02:45,25.192
2018-10-06 03:00,25.0
2018-10-06 03:15,25.0
2018-10-06 03:30,25.0
2018-10-06 03:45,25.0
2018-10-06 04:00,25.0
2018-10-06 04:15,25.0
2018-10-06 04:30,25.0
2018-10-06 04:45,25.0
2018-10-06 05:00,25.0
2018-10-06 05:15,24.782
2018-10-06 05:30,24.564
2018-10-06 05:45,24.347
2018-10-06 06:00,24.128
2018-10-06 06:15,24.094
2018-10-06 06:30,24.061
2018-10-06 06:45,24.026
2018-10-06 07:00,23.992
2018-10-06 07:15,23.788
2018-10-06 07:30,23.584
2018-10-06 07:45,23.381
2018-10-06 08:00,23.177
2018-10-06 08:15,23.381
2018-10-06 08:30,23.585
2018-10-06 08:45,23.789
2018-10-06 09:00,23.993
2018-10-06 09:15,24.343
2018-10-06 09:30,24.693
2018-10-06 09:45,25.042
2018-10-06 10:00,25.392
2018-10-06 10:15,25.753
2018-10-06 10:30,26.113
2018-10-06 10:45,26.473
2018-10-06 11:00,26.833
2018-10-06 11:15,27.203
2018-10-06 11:30,27.574
2018-10-06 11:45,27.944
2018-10-06 12:00,28.314
2018-10-06 12:15,28.527
2018-10-06 12:30,28.741
2018-10-06 12:45,28.953
2018-10-06 13:00,29.167
2018-10-06 13:15,29.241
2018-10-06 13:30,29.314
2018-10-06 13:45,29.388
2018-10-06 14:00,29.462
2018-10-06 14:15,29.781
2018-10-06 14:30,30.1
2018-10-06 14:45,30.419
2018-10-06 15:00,30.738
2018-10-06 15:15,30.804
2018-10-06 15:30,30.869
2018-10-06 15:45,30.934
2018-10-06 16:00,31.0
2018-10-06 16:15,30.923
2018-10-06 16:30,30.846
2018-10-06 16:45,30.769
2018-10-06 17:00,30.692
2018-10-06 17:15,30.508
2018-10-06 17:30,30.323
2018-10-06 17:45,30.138
2018-10-06 18:00,29.954
2018-10-06 18:15,29.809
2018-10-06 18:30,29.666
2018-10-06 18:45,29.521
2018-10-06 19:00,29.377
2018-10-06 19:15,29.192
2018-10-06 19:30,29.008
2018-10-06 19:45,28.823
2018-10-06 20:00,28.638
2018-10-06 20:15,27.907
2018-10-06 20:30,27.176
2018-10-06 20:45,26.444
2018-10-06 21:00,25.713
2018-10-06 21:15,25.206
2018-10-06 21:30,24.699
2018-10-06 21:45,24.192
2018-10-06 22:00,23.684
2018-10-06 22:15,23.742
2018-10-06 22:30,23.8
2018-10-06 22:45,23.858
2018-10-06 23:00,23.916
2018-10-06 23:15,23.944
2018-10-06 23:30,23.973
2018-10-06 23:45,24.002
2018-10-07 00:00,24.031
2018-10-07 00:15,24.021
2018-10-07 00:30,24.012
2018-10-07 00:45,24.002
2018-10-07 01:00,23.992
2018-10-07 01:15,24.002
2018-10-07 01:30,24.012
2018-10-07 01:45,24.021
2018-10-07 02:00,24.031
2018-10-07 02:15,24.021
2018-10-07 02:30,24.012
2018-10-07 02:45,24.002
2018-10-07 03:00,23.993
2018-10-07 03:15,23.993
2018-10-07 03:30,23.993
2018-10-07 03:45,23.992
2018-10-07 04:00,23.992
2018-10-07 04:15,23.992
2018-10-07 04:30,23.992
2018-10-07 04:45,23.992
2018-10-07 05:00,23.992
2018-10-07 05:15,23.788
2018-10-07 05:30,23.584
2018-10-07 05:45,23.381
2018-10-07 06:00,23.177
2018-10-07 06:15,23.138
2018-10-07 06:30,23.1
2018-10-07 06:45,23.062
2018-10-07 07:00,23.023
2018-10-07 07:15,23.057
2018-10-07 07:30,23.09
2018-10-07 07:45,23.124
2018-10-07 08:00,23.157
2018-10-07 08:15,23.391
2018-10-07 08:30,23.625
2018-10-07 08:45,23.859
2018-10-07 09:00,24.093
2018-10-07 09:15,24.262
2018-10-07 09:30,24.431
2018-10-07 09:45,24.6
2018-10-07 10:00,24.769
2018-10-07 10:15,25.098
2018-10-07 10:30,25.427
2018-10-07 10:45,25.757
2018-10-07 11:00,26.086
2018-10-07 11:15,26.061
2018-10-07 11:30,26.036
2018-10-07 11:45,26.011
2018-10-07 12:00,25.986
2018-10-07 12:15,26.348
2018-10-07 12:30,26.711
2018-10-07 12:45,27.073
2018-10-07 13:00,27.436
2018-10-07 13:15,27.896
2018-10-07 13:30,28.356
2018-10-07 13:45,28.817
2018-10-07 14:00,29.277
2018-10-07 14:15,29.573
2018-10-07 14:30,29.869
2018-10-07 14:45,30.166
2018-10-07 15:00,30.462
2018-10-07 15:15,30.366
2018-10-07 15:30,30.269
2018-10-07 15:45,30.173
2018-10-07 16:00,30.077
2018-10-07 16:15,30.05
2018-10-07 16:30,30.023
2018-10-07 16:45,29.996
2018-10-07 17:00,29.969
2018-10-07 17:15,29.492
2018-10-07 17:30,29.016
2018-10-07 17:45,28.538
2018-10-07 18:00,28.062
2018-10-07 18:15,27.829
2018-10-07 18:30,27.596
2018-10-07 18:45,27.363
2018-10-07 19:00,27.131
2018-10-07 19:15,26.713
2018-10-07 19:30,26.296
2018-10-07 19:45,25.879
2018-10-07 20:00,25.462
2018-10-07 20:15,25.113
2018-10-07 20:30,24.766
2018-10-07 20:45,24.417
2018-10-07 21:00,24.069
2018-10-07 21:15,24.05
2018-10-07 21:30,24.031
2018-10-07 21:45,24.012
2018-10-07 22:00,23.992
2018-10-07 22:15,23.992
2018-10-07 22:30,23.992
2018-10-07 22:45,23.992
2018-10-07 23:00,23.992
2018-10-07 23:15,23.866
2018-10-07 23:30,23.738
2018-10-07 23:45,23.612
2018-10-08 00:00,23.484
2018-10-08 00:15,23.359
2018-10-08 00:30,23.234
2018-10-08 00:45,23.109
2018-10-08 01:00,22.984
2018-10-08 01:15,22.994
2018-10-08 01:30,23.004
2018-10-08 01:45,23.013
2018-10-08 02:00,23.023
2018-10-08 02:15,23.028
2018-10-08 02:30,23.033
2018-10-08 02:45,23.038
2018-10-08 03:00,23.043
2018-10-08 03:15,23.126
2018-10-08 03:30,23.21
2018-10-08 03:45,23.293
2018-10-08 04:00,23.377
2018-10-08 04:15,23.538
2018-10-08 04:30,23.699
2018-10-08 04:45,23.861
2018-10-08 05:00,24.022
2018-10-08 05:15,24.014
2018-10-08 05:30,24.007
2018-10-08 05:45,23.999
2018-10-08 06:00,23.992
2018-10-08 06:15,23.989
2018-10-08 06:30,23.986
2018-10-08 06:45,23.983
2018-10-08 07:00,23.98
2018-10-08 07:15,23.983
2018-10-08 07:30,23.986
2018-10-08 07:45,23.989
2018-10-08 08:00,23.992
2018-10-08 08:15,24.002
2018-10-08 08:30,24.012
2018-10-08 08:45,24.021
2018-10-08 09:00,24.031
2018-10-08 09:15,24.137
2018-10-08 09:30,24.244
2018-10-08 09:45,24.351
2018-10-08 10:00,24.457
2018-10-08 10:15,24.701
2018-10-08 10:30,24.944
2018-10-08 10:45,25.187
2018-10-08 11:00,25.431
2018-10-08 11:15,25.702
2018-10-08 11:30,25.973
2018-10-08 11:45,26.244
2018-10-08 12:00,26.516
2018-10-08 12:15,26.709
2018-10-08 12:30,26.904
2018-10-08 12:45,27.098
2018-10-08 13:00,27.292
2018-10-08 13:15,27.475
2018-10-08 13:30,27.658
2018-10-08 13:45,27.841
2018-10-08 14:00,28.023
2018-10-08 14:15,28.138
2018-10-08 14:30,28.254
2018-10-08 14:45,28.369
2018-10-08 15:00,28.484
2018-10-08 15:15,28.329
2018-10-08 15:30,28.173
2018-10-08 15:45,28.017
2018-10-08 16:00,27.862
2018-10-08 16:15,27.65
2018-10-08 16:30,27.438
2018-10-08 16:45,27.227
2018-10-08 17:00,27.016
2018-10-08 17:15,26.456
2018-10-08 17:30,25.896
2018-10-08 17:45,25.337
2018-10-08 18:00,24.777
2018-10-08 18:15,24.029
2018-10-08 18:30,23.281
2018-10-08 18:45,22.533
2018-10-08 19:00,21.784
2018-10-08 19:15,21.842
2018-10-08 19:30,21.9
2018-10-08 19:45,21.958
2018-10-08 20:00,22.016
2018-10-08 20:15,22.102
2018-10-08 20:30,22.188
2018-10-08 20:45,22.275
2018-10-08 21:00,22.362
2018-10-08 21:15,22.266
2018-10-08 21:30,22.169
2018-10-08 21:45,22.073
2018-10-08 22:00,21.977
2018-10-08 22:15,21.953
2018-10-08 22:30,21.929
2018-10-08 22:45,21.905
2018-10-08 23:00,21.881
2018-10-08 23:15,21.663
2018-10-08 23:30,21.444
2018-10-08 23:45,21.226
2018-10-09 00:00,21.008
2018-10-09 00:15,21.104
2018-10-09 00:30,21.2
2018-10-09 00:45,21.296
2018-10-09 01:00,21.392
2018-10-09 01:15,21.299
2018-10-09 01:30,21.206
2018-10-09 01:45,21.113
2018-10-09 02:00,21.02
2018-10-09 02:15,21.206
2018-10-09 02:30,21.392
2018-10-09 02:45,21.578
2018-10-09 03:00,21.764
2018-10-09 03:15,21.827
2018-10-09 03:30,21.89
2018-10-09 03:45,21.953
2018-10-09 04:00,22.016
2018-10-09 04:15,22.104
2018-10-09 04:30,22.192
2018-10-09 04:45,22.281
2018-10-09 05:00,22.369
2018-10-09 05:15,22.523
2018-10-09 05:30,22.677
2018-10-09 05:45,22.831
2018-10-09 06:00,22.984
2018-10-09 06:15,22.984
2018-10-09 06:30,22.984
2018-10-09 06:45,22.984
2018-10-09 07:00,22.984
2018-10-09 07:15,22.984
2018-10-09 07:30,22.984
2018-10-09 07:45,22.984
2018-10-09 08:00,22.984
2018-10-09 08:15,21.776
2018-10-09 08:30,20.567
2018-10-09 08:45,19.359
2018-10-09 09:00,18.15
2018-10-09 09:15,17.866
2018-10-09 09:30,17.583
2018-10-09 09:45,17.299
2018-10-09 10:00,17.016
2018-10-09 10:15,17.219
2018-10-09 10:30,17.422
2018-10-09 10:45,17.625
2018-10-09 11:00,17.828
2018-10-09 11:15,17.864
2018-10-09 11:30,17.9
2018-10-09 11:45,17.936
2018-10-09 12:00,17.972
2018-10-09 12:15,17.968
2018-10-09 12:30,17.966
2018-10-09 12:45,17.963
2018-10-09 13:00,17.96
2018-10-09 13:15,17.961
2018-10-09 13:30,17.961
2018-10-09 13:45,17.962
2018-10-09 14:00,17.963
2018-10-09 14:15,17.964
2018-10-09 14:30,17.967
2018-10-09 14:45,17.968
2018-10-09 15:00,17.971
2018-10-09 15:15,17.993
2018-10-09 15:30,18.016
2018-10-09 15:45,18.038
2018-10-09 16:00,18.06
2018-10-09 16:15,18.293
2018-10-09 16:30,18.526
2018-10-09 16:45,18.759
2018-10-09 17:00,18.992
2018-10-09 17:15,19.014
2018-10-09 17:30,19.036
2018-10-09 17:45,19.058
2018-10-09 18:00,19.08
2018-10-09 18:15,19.058
2018-10-09 18:30,19.036
2018-10-09 18:45,19.014
2018-10-09 19:00,18.992
2018-10-09 19:15,18.854
2018-10-09 19:30,18.716
2018-10-09 19:45,18.578
2018-10-09 20:00,18.44
2018-10-09 20:15,18.296
2018-10-09 20:30,18.151
2018-10-09 20:45,18.006
2018-10-09 21:00,17.862
2018-10-09 21:15,17.669
2018-10-09 21:30,17.477
2018-10-09 21:45,17.284
2018-10-09 22:00,17.092
2018-10-09 22:15,17.394
2018-10-09 22:30,17.696
2018-10-09 22:45,17.998
2018-10-09 23:00,18.3
2018-10-09 23:15,18.175
2018-10-09 23:30,18.05
2018-10-09 23:45,17.925
2018-10-10 00:00,17.8
2018-10-10 00:15,17.593
2018-10-10 00:30,17.387
2018-10-10 00:45,17.18
2018-10-10 01:00,16.973
2018-10-10 01:15,17.305
2018-10-10 01:30,17.637
2018-10-10 01:45,17.968
2018-10-10 02:00,18.3
2018-10-10 02:15,18.492
2018-10-10 02:30,18.683
2018-10-10 02:45,18.875
2018-10-10 03:00,19.067
2018-10-10 03:15,18.807
2018-10-10 03:30,18.547
2018-10-10 03:45,18.287
2018-10-10 04:00,18.027
2018-10-10 04:15,17.767
2018-10-10 04:30,17.506
2018-10-10 04:45,17.246
2018-10-10 05:00,16.986
2018-10-10 05:15,16.625
2018-10-10 05:30,16.264
2018-10-10 05:45,15.903
2018-10-10 06:00,15.543
2018-10-10 06:15,15.174
2018-10-10 06:30,14.806
2018-10-10 06:45,14.438
2018-10-10 07:00,14.069
2018-10-10 07:15,13.837
2018-10-10 07:30,13.604
2018-10-10 07:45,13.371
2018-10-10 08:00,13.138
2018-10-10 08:15,13.1
2018-10-10 08:30,13.062
2018-10-10 08:45,13.023
2018-10-10 09:00,12.984
2018-10-10 09:15,13.063
2018-10-10 09:30,13.142
2018-10-10 09:45,13.221
2018-10-10 10:00,13.3
2018-10-10 10:15,13.698
2018-10-10 10:30,14.096
2018-10-10 10:45,14.494
2018-10-10 11:00,14.892
2018-10-10 11:15,15.269
2018-10-10 11:30,15.646
2018-10-10 11:45,16.023
2018-10-10 12:00,16.4
2018-10-10 12:15,16.681
2018-10-10 12:30,16.962
2018-10-10 12:45,17.242
2018-10-10 13:00,17.523
2018-10-10 13:15,17.804
2018-10-10 13:30,18.084
2018-10-10 13:45,18.366
2018-10-10 14:00,18.646
2018-10-10 14:15,18.977
2018-10-10 14:30,19.308
2018-10-10 14:45,19.638
2018-10-10 15:00,19.969
2018-10-10 15:15,20.209
2018-10-10 15:30,20.45
2018-10-10 15:45,20.691
2018-10-10 16:00,20.931
2018-10-10 16:15,20.95
2018-10-10 16:30,20.969
2018-10-10 16:45,20.988
2018-10-10 17:00,21.008
2018-10-10 17:15,21.017
2018-10-10 17:30,21.027
2018-10-10 17:45,21.037
2018-10-10 18:00,21.046
2018-10-10 18:15,20.802
2018-10-10 18:30,20.558
2018-10-10 18:45,20.313
2018-10-10 19:00,20.069
2018-10-10 19:15,19.548
2018-10-10 19:30,19.027
2018-10-10 19:45,18.506
2018-10-10 20:00,17.984
2018-10-10 20:15,17.713
2018-10-10 20:30,17.442
2018-10-10 20:45,17.171
2018-10-10 21:00,16.9
2018-10-10 21:15,16.548
2018-10-10 21:30,16.196
2018-10-10 21:45,15.844
2018-10-10 22:00,15.492
2018-10-10 22:15,15.196
2018-10-10 22:30,14.9
2018-10-10 22:45,14.604
2018-10-10 23:00,14.308
2018-10-10 23:15,14.229
2018-10-10 23:30,14.15
2018-10-10 23:45,14.071
2018-10-11 00:00,13.992
2018-10-11 00:15,13.838
2018-10-11 00:30,13.684
2018-10-11 00:45,13.531
2018-10-11 01:00,13.377
2018-10-11 01:15,13.404
2018-10-11 01:30,13.431
2018-10-11 01:45,13.458
2018-10-11 02:00,13.484
2018-10-11 02:15,13.408
2018-10-11 02:30,13.331
2018-10-11 02:45,13.254
2018-10-11 03:00,13.177
2018-10-11 03:15,13.129
2018-10-11 03:30,13.081
2018-10-11 03:45,13.033
2018-10-11 04:00,12.984
2018-10-11 04:15,12.858
2018-10-11 04:30,12.731
2018-10-11 04:45,12.604
2018-10-11 05:00,12.477
2018-10-11 05:15,12.352
2018-10-11 05:30,12.227
2018-10-11 05:45,12.102
2018-10-11 06:00,11.977
2018-10-11 06:15,11.927
2018-10-11 06:30,11.877
2018-10-11 06:45,11.827
2018-10-11 07:00,11.777
2018-10-11 07:15,11.584
2018-10-11 07:30,11.392
2018-10-11 07:45,11.2
2018-10-11 08:00,11.008
2018-10-11 08:15,11.309
2018-10-11 08:30,11.612
2018-10-11 08:45,11.913
2018-10-11 09:00,12.216
2018-10-11 09:15,12.554
2018-10-11 09:30,12.892
2018-10-11 09:45,13.231
2018-10-11 10:00,13.569
2018-10-11 10:15,14.054
2018-10-11 10:30,14.538
2018-10-11 10:45,15.023
2018-10-11 11:00,15.508
2018-10-11 11:15,15.808
2018-10-11 11:30,16.108
2018-10-11 11:45,16.408
2018-10-11 12:00,16.708
2018-10-11 12:15,16.991
2018-10-11 12:30,17.273
2018-10-11 12:45,17.556
2018-10-11 13:00,17.838
2018-10-11 13:15,18.275
2018-10-11 13:30,18.712
2018-10-11 13:45,19.148
2018-10-11 14:00,19.584
2018-10-11 14:15,19.854
2018-10-11 14:30,20.123
2018-10-11 14:45,20.392
2018-10-11 15:00,20.662
2018-10-11 15:15,20.777
2018-10-11 15:30,20.892
2018-10-11 15:45,21.008
2018-10-11 16:00,21.123
2018-10-11 16:15,21.191
2018-10-11 16:30,21.258
2018-10-11 16:45,21.325
2018-10-11 17:00,21.392
2018-10-11 17:15,21.287
2018-10-11 17:30,21.181
2018-10-11 17:45,21.075
2018-10-11 18:00,20.969
2018-10-11 18:15,20.763
2018-10-11 18:30,20.558
2018-10-11 18:45,20.352
2018-10-11 19:00,20.146
2018-10-11 19:15,19.731
2018-10-11 19:30,19.316
2018-10-11 19:45,18.9
2018-10-11 20:00,18.484
2018-10-11 20:15,18.359
2018-10-11 20:30,18.234
2018-10-11 20:45,18.109
2018-10-11 21:00,17.984
2018-10-11 21:15,17.984
2018-10-11 21:30,17.984
2018-10-11 21:45,17.984
2018-10-11 22:00,17.984
2018-10-11 22:15,17.984
2018-10-11 22:30,17.984
2018-10-11 22:45,17.984
2018-10-11 23:00,17.984
2018-10-11 23:15,17.916
2018-10-11 23:30,17.846
2018-10-11 23:45,17.777
2018-10-12 00:00,17.708
2018-10-12 00:15,17.525
2018-10-12 00:30,17.342
2018-10-12 00:45,17.159
2018-10-12 01:00,16.977
2018-10-12 01:15,16.977
2018-10-12 01:30,16.977
2018-10-12 01:45,16.977
2018-10-12 02:00,16.977
2018-10-12 02:15,16.823
2018-10-12 02:30,16.669
2018-10-12 02:45,16.516
2018-10-12 03:00,16.362
2018-10-12 03:15,16.458
2018-10-12 03:30,16.554
2018-10-12 03:45,16.65
2018-10-12 04:00,16.746
2018-10-12 04:15,16.804
2018-10-12 04:30,16.862
2018-10-12 04:45,16.919
2018-10-12 05:00,16.977
2018-10-12 05:15,16.85
2018-10-12 05:30,16.723
2018-10-12 05:45,16.596
2018-10-12 06:00,16.469
2018-10-12 06:15,16.596
2018-10-12 06:30,16.723
2018-10-12 06:45,16.85
2018-10-12 07:00,16.977
2018-10-12 07:15,16.881
2018-10-12 07:30,16.784
2018-10-12 07:45,16.688
2018-10-12 08:00,16.592
2018-10-12 08:15,16.698
2018-10-12 08:30,16.804
2018-10-12 08:45,16.909
2018-10-12 09:00,17.016
2018-10-12 09:15,17.248
2018-10-12 09:30,17.481
2018-10-12 09:45,17.713
2018-10-12 10:00,17.946
2018-10-12 10:15,17.966
2018-10-12 10:30,17.984
2018-10-12 10:45,18.004
2018-10-12 11:00,18.023
2018-10-12 11:15,18.023
2018-10-12 11:30,18.023
2018-10-12 11:45,18.023
2018-10-12 12:00,18.023
2018-10-12 12:15,17.867
2018-10-12 12:30,17.712
2018-10-12 12:45,17.556
2018-10-12 13:00,17.4
2018-10-12 13:15,17.469
2018-10-12 13:30,17.538
2018-10-12 13:45,17.608
2018-10-12 14:00,17.677
2018-10-12 14:15,17.704
2018-10-12 14:30,17.731
2018-10-12 14:45,17.758
2018-10-12 15:00,17.784
2018-10-12 15:15,17.758
2018-10-12 15:30,17.731
2018-10-12 15:45,17.704
2018-10-12 16:00,17.677
2018-10-12 16:15,17.723
2018-10-12 16:30,17.769
2018-10-12 16:45,17.816
2018-10-12 17:00,17.862
2018-10-12 17:15,17.644
2018-10-12 17:30,17.427
2018-10-12 17:45,17.21
2018-10-12 18:00,16.993
2018-10-12 18:15,16.993
2018-10-12 18:30,16.993
2018-10-12 18:45,16.993
2018-10-12 19:00,16.993
2018-10-12 19:15,16.998
2018-10-12 19:30,17.003
2018-10-12 19:45,17.009
2018-10-12 20:00,17.014
2018-10-12 20:15,17.014
2018-10-12 20:30,17.015
2018-10-12 20:45,17.015
2018-10-12 21:00,17.016
2018-10-12 21:15,17.016
2018-10-12 21:30,17.016
2018-10-12 21:45,17.016
2018-10-12 22:00,17.016
2018-10-12 22:15,17.016
2018-10-12 22:30,17.016
2018-10-12 22:45,17.016
2018-10-12 23:00,17.016
2018-10-12 23:15,17.337
2018-10-12 23:30,17.658
2018-10-12 23:45,17.979
2018-10-13 00:00,18.3
2018-10-13 00:15,18.3
2018-10-13 00:30,18.3
2018-10-13 00:45,18.3
2018-10-13 01:00,18.3
2018-10-13 01:15,17.985
2018-10-13 01:30,17.67
2018-10-13 01:45,17.355
2018-10-13 02:00,17.04
2018-10-13 02:15,17.04
2018-10-13 02:30,17.04
2018-10-13 02:45,17.04
2018-10-13 03:00,17.04
2018-10-13 03:15,17.034
2018-10-13 03:30,17.028
2018-10-13 03:45,17.022
2018-10-13 04:00,17.016
2018-10-13 04:15,17.001
2018-10-13 04:30,16.986
2018-10-13 04:45,16.972
2018-10-13 05:00,16.957
2018-10-13 05:15,16.962
2018-10-13 05:30,16.967
2018-10-13 05:45,16.972
2018-10-13 06:00,16.977
2018-10-13 06:15,16.972
2018-10-13 06:30,16.967
2018-10-13 06:45,16.962
2018-10-13 07:00,16.957
2018-10-13 07:15,16.864
2018-10-13 07:30,16.772
2018-10-13 07:45,16.678
2018-10-13 08:00,16.586
2018-10-13 08:15,16.607
2018-10-13 08:30,16.627
2018-10-13 08:45,16.648
2018-10-13 09:00,16.669
2018-10-13 09:15,16.733
2018-10-13 09:30,16.797
2018-10-13 09:45,16.861
2018-10-13 10:00,16.925
2018-10-13 10:15,17.144
2018-10-13 10:30,17.363
2018-10-13 10:45,17.581
2018-10-13 11:00,17.8
2018-10-13 11:15,17.8
2018-10-13 11:30,17.8
2018-10-13 11:45,17.8
2018-10-13 12:00,17.8
2018-10-13 12:15,17.353
2018-10-13 12:30,16.907
2018-10-13 12:45,16.461
2018-10-13 13:00,16.014
2018-10-13 13:15,16.259
2018-10-13 13:30,16.503
2018-10-13 13:45,16.748
2018-10-13 14:00,16.993
2018-10-13 14:15,17.172
2018-10-13 14:30,17.35
2018-10-13 14:45,17.529
2018-10-13 15:00,17.708
2018-10-13 15:15,17.573
2018-10-13 15:30,17.438
2018-10-13 15:45,17.304
2018-10-13 16:00,17.169
2018-10-13 16:15,17.227
2018-10-13 16:30,17.284
2018-10-13 16:45,17.342
2018-10-13 17:00,17.4
2018-10-13 17:15,17.206
2018-10-13 17:30,17.012
2018-10-13 17:45,16.817
2018-10-13 18:00,16.623
2018-10-13 18:15,16.459
2018-10-13 18:30,16.296
2018-10-13 18:45,16.133
2018-10-13 19:00,15.969
2018-10-13 19:15,15.919
2018-10-13 19:30,15.869
2018-10-13 19:45,15.819
2018-10-13 20:00,15.769
2018-10-13 20:15,15.819
2018-10-13 20:30,15.869
2018-10-13 20:45,15.919
2018-10-13 21:00,15.969
2018-10-13 21:15,15.804
2018-10-13 21:30,15.638
2018-10-13 21:45,15.473
2018-10-13 22:00,15.308
2018-10-13 22:15,15.231
2018-10-13 22:30,15.154
2018-10-13 22:45,15.077
2018-10-13 23:00,15.0
2018-10-13 23:15,15.064
2018-10-13 23:30,15.128
2018-10-13 23:45,15.193
2018-10-14 00:00,15.257
2018-10-14 00:15,15.27
2018-10-14 00:30,15.282
2018-10-14 00:45,15.295
2018-10-14 01:00,15.308
2018-10-14 01:15,15.231
2018-10-14 01:30,15.154
2018-10-14 01:45,15.077
2018-10-14 02:00,15.0
2018-10-14 02:15,15.0
2018-10-14 02:30,15.0
2018-10-14 02:45,15.0
2018-10-14 03:00,15.0
2018-10-14 03:15,15.0
2018-10-14 03:30,15.0
2018-10-14 03:45,15.0
2018-10-14 04:00,15.0
2018-10-14 04:15,15.0
2018-10-14 04:30,15.0
2018-10-14 04:45,15.0
2018-10-14 05:00,15.0
2018-10-14 05:15,15.127
2018-10-14 05:30,15.254
2018-10-14 05:45,15.381
2018-10-14 06:00,15.508
2018-10-14 06:15,15.4
2018-10-14 06:30,15.292
2018-10-14 06:45,15.184
2018-10-14 07:00,15.077
2018-10-14 07:15,15.281
2018-10-14 07:30,15.484
2018-10-14 07:45,15.688
2018-10-14 08:00,15.892
2018-10-14 08:15,15.923
2018-10-14 08:30,15.953
2018-10-14 08:45,15.984
2018-10-14 09:00,16.014
2018-10-14 09:15,16.139
2018-10-14 09:30,16.265
2018-10-14 09:45,16.39
2018-10-14 10:00,16.516
2018-10-14 10:15,16.735
2018-10-14 10:30,16.954
2018-10-14 10:45,17.173
2018-10-14 11:00,17.393
2018-10-14 11:15,17.687
2018-10-14 11:30,17.981
2018-10-14 11:45,18.275
2018-10-14 12:00,18.569
2018-10-14 12:15,19.063
2018-10-14 12:30,19.558
2018-10-14 12:45,20.052
2018-10-14 13:00,20.546
2018-10-14 13:15,21.154
2018-10-14 13:30,21.762
2018-10-14 13:45,22.371
2018-10-14 14:00,22.978
2018-10-14 14:15,23.553
2018-10-14 14:30,24.128
2018-10-14 14:45,24.702
2018-10-14 15:00,25.277
2018-10-14 15:15,25.499
2018-10-14 15:30,25.721
2018-10-14 15:45,25.942
2018-10-14 16:00,26.164
2018-10-14 16:15,25.598
2018-10-14 16:30,25.032
2018-10-14 16:45,24.466
2018-10-14 17:00,23.9
2018-10-14 17:15,22.616
2018-10-14 17:30,21.332
2018-10-14 17:45,20.048
2018-10-14 18:00,18.764
2018-10-14 18:15,18.569
2018-10-14 18:30,18.374
2018-10-14 18:45,18.179
2018-10-14 19:00,17.984
2018-10-14 19:15,17.896
2018-10-14 19:30,17.808
2018-10-14 19:45,17.719
2018-10-14 20:00,17.631
2018-10-14 20:15,17.379
2018-10-14 20:30,17.127
2018-10-14 20:45,16.875
2018-10-14 21:00,16.623
2018-10-14 21:15,16.052
2018-10-14 21:30,15.481
2018-10-14 21:45,14.909
2018-10-14 22:00,14.338
2018-10-14 22:15,13.446
2018-10-14 22:30,12.553
2018-10-14 22:45,11.661
2018-10-14 23:00,10.769
2018-10-14 23:15,10.363
2018-10-14 23:30,9.958
2018-10-14 23:45,9.552
2018-10-15 00:00,9.146
2018-10-15 00:15,8.862
2018-10-15 00:30,8.577
2018-10-15 00:45,8.292
2018-10-15 01:00,8.007
2018-10-15 01:15,7.848
2018-10-15 01:30,7.688
2018-10-15 01:45,7.528
2018-10-15 02:00,7.369
2018-10-15 02:15,7.152
2018-10-15 02:30,6.934
2018-10-15 02:45,6.717
2018-10-15 03:00,6.5
2018-10-15 03:15,6.35
2018-10-15 03:30,6.2
2018-10-15 03:45,6.05
2018-10-15 04:00,5.9
2018-10-15 04:15,5.791
2018-10-15 04:30,5.681
2018-10-15 04:45,5.571
2018-10-15 05:00,5.462
2018-10-15 05:15,5.2
2018-10-15 05:30,4.938
2018-10-15 05:45,4.677
2018-10-15 06:00,4.416
2018-10-15 06:15,4.39
2018-10-15 06:30,4.365
2018-10-15 06:45,4.339
2018-10-15 07:00,4.314
2018-10-15 07:15,4.25
2018-10-15 07:30,4.186
2018-10-15 07:45,4.122
2018-10-15 08:00,4.057
2018-10-15 08:15,4.185
2018-10-15 08:30,4.313
2018-10-15 08:45,4.441
2018-10-15 09:00,4.569
2018-10-15 09:15,4.434
2018-10-15 09:30,4.3
2018-10-15 09:45,4.166
2018-10-15 10:00,4.031
2018-10-15 10:15,4.037
2018-10-15 10:30,4.044
2018-10-15 10:45,4.051
2018-10-15 11:00,4.057
2018-10-15 11:15,4.051
2018-10-15 11:30,4.044
2018-10-15 11:45,4.037
2018-10-15 12:00,4.031
2018-10-15 12:15,4.234
2018-10-15 12:30,4.438
2018-10-15 12:45,4.642
2018-10-15 13:00,4.846
2018-10-15 13:15,4.884
2018-10-15 13:30,4.923
2018-10-15 13:45,4.962
2018-10-15 14:00,5.0
2018-10-15 14:15,5.077
2018-10-15 14:30,5.154
2018-10-15 14:45,5.231
2018-10-15 15:00,5.308
2018-10-15 15:15,5.431
2018-10-15 15:30,5.554
2018-10-15 15:45,5.677
2018-10-15 16:00,5.8
2018-10-15 16:15,5.845
2018-10-15 16:30,5.89
2018-10-15 16:45,5.935
2018-10-15 17:00,5.98
2018-10-15 17:15,6.133
2018-10-15 17:30,6.287
2018-10-15 17:45,6.44
2018-10-15 18:00,6.593
2018-10-15 18:15,6.684
2018-10-15 18:30,6.775
2018-10-15 18:45,6.866
2018-10-15 19:00,6.957
2018-10-15 19:15,6.972
2018-10-15 19:30,6.986
2018-10-15 19:45,7.001
2018-10-15 20:00,7.016
2018-10-15 20:15,7.104
2018-10-15 20:30,7.192
2018-10-15 20:45,7.281
2018-10-15 21:00,7.369
2018-10-15 21:15,7.517
2018-10-15 21:30,7.664
2018-10-15 21:45,7.812
2018-10-15 22:00,7.96
2018-10-15 22:15,7.966
2018-10-15 22:30,7.972
2018-10-15 22:45,7.978
2018-10-15 23:00,7.984
2018-10-15 23:15,7.899
2018-10-15 23:30,7.814
2018-10-15 23:45,7.728
2018-10-16 00:00,7.643
2018-10-16 00:15,7.487
2018-10-16 00:30,7.331
2018-10-16 00:45,7.175
2018-10-16 01:00,7.019
2018-10-16 01:15,6.999
2018-10-16 01:30,6.979
2018-10-16 01:45,6.959
2018-10-16 02:00,6.94
2018-10-16 02:15,6.943
2018-10-16 02:30,6.947
2018-10-16 02:45,6.951
2018-10-16 03:00,6.954
2018-10-16 03:15,6.959
2018-10-16 03:30,6.966
2018-10-16 03:45,6.971
2018-10-16 04:00,6.977
2018-10-16 04:15,6.973
2018-10-16 04:30,6.968
2018-10-16 04:45,6.964
2018-10-16 05:00,6.96
2018-10-16 05:15,6.96
2018-10-16 05:30,6.96
2018-10-16 05:45,6.96
2018-10-16 06:00,6.96
2018-10-16 06:15,6.741
2018-10-16 06:30,6.522
2018-10-16 06:45,6.303
2018-10-16 07:00,6.084
2018-10-16 07:15,6.066
2018-10-16 07:30,6.046
2018-10-16 07:45,6.027
2018-10-16 08:00,6.008
2018-10-16 08:15,6.008
2018-10-16 08:30,6.008
2018-10-16 08:45,6.008
2018-10-16 09:00,6.008
2018-10-16 09:15,6.038
2018-10-16 09:30,6.069
2018-10-16 09:45,6.1
2018-10-16 10:00,6.131
2018-10-16 10:15,6.333
2018-10-16 10:30,6.534
2018-10-16 10:45,6.737
2018-10-16 11:00,6.938
2018-10-16 11:15,6.961
2018-10-16 11:30,6.983
2018-10-16 11:45,7.006
2018-10-16 12:00,7.028
2018-10-16 12:15,7.152
2018-10-16 12:30,7.276
2018-10-16 12:45,7.399
2018-10-16 13:00,7.523
2018-10-16 13:15,7.648
2018-10-16 13:30,7.773
2018-10-16 13:45,7.898
2018-10-16 14:00,8.023
2018-10-16 14:15,8.023
2018-10-16 14:30,8.023
2018-10-16 14:45,8.023
2018-10-16 15:00,8.023
2018-10-16 15:15,8.023
2018-10-16 15:30,8.023
2018-10-16 15:45,8.023
2018-10-16 16:00,8.023
2018-10-16 16:15,8.169
2018-10-16 16:30,8.316
2018-10-16 16:45,8.462
2018-10-16 17:00,8.608
2018-10-16 17:15,8.704
2018-10-16 17:30,8.8
2018-10-16 17:45,8.896
2018-10-16 18:00,8.992
2018-10-16 18:15,8.991
2018-10-16 18:30,8.989
2018-10-16 18:45,8.987
2018-10-16 19:00,8.986
2018-10-16 19:15,8.987
2018-10-16 19:30,8.989
2018-10-16 19:45,8.991
2018-10-16 20:00,8.992
2018-10-16 20:15,9.002
2018-10-16 20:30,9.012
2018-10-16 20:45,9.021
2018-10-16 21:00,9.031
2018-10-16 21:15,9.031
2018-10-16 21:30,9.031
2018-10-16 21:45,9.031
2018-10-16 22:00,9.031
2018-10-16 22:15,9.273
2018-10-16 22:30,9.516
2018-10-16 22:45,9.758
2018-10-16 23:00,10.0
2018-10-16 23:15,10.0
2018-10-16 23:30,10.0
2018-10-16 23:45,10.0
2018-10-17 00:00,10.0
2018-10-17 00:15,10.0
2018-10-17 00:30,10.0
2018-10-17 00:45,10.0
2018-10-17 01:00,10.0
2018-10-17 01:15,10.0
2018-10-17 01:30,10.0
2018-10-17 01:45,10.0
2018-10-17 02:00,10.0
2018-10-17 02:15,10.2
2018-10-17 02:30,10.4
2018-10-17 02:45,10.6
2018-10-17 03:00,10.8
2018-10-17 03:15,10.842
2018-10-17 03:30,10.884
2018-10-17 03:45,10.927
2018-10-17 04:00,10.969
2018-10-17 04:15,10.969
2018-10-17 04:30,10.969
2018-10-17 04:45,10.969
2018-10-17 05:00,10.969
2018-10-17 05:15,10.969
2018-10-17 05:30,10.969
2018-10-17 05:45,10.969
2018-10-17 06:00,10.969
2018-10-17 06:15,10.979
2018-10-17 06:30,10.988
2018-10-17 06:45,10.998
2018-10-17 07:00,11.008
2018-10-17 07:15,11.008
2018-10-17 07:30,11.008
2018-10-17 07:45,11.008
2018-10-17 08:00,11.008
2018-10-17 08:15,11.181
2018-10-17 08:30,11.354
2018-10-17 08:45,11.527
2018-10-17 09:00,11.7
2018-10-17 09:15,11.7
2018-10-17 09:30,11.7
2018-10-17 09:45,11.7
2018-10-17 10:00,11.7
2018-10-17 10:15,11.767
2018-10-17 10:30,11.833
2018-10-17 10:45,11.9
2018-10-17 11:00,11.967
2018-10-17 11:15,11.985
2018-10-17 11:30,12.003
2018-10-17 11:45,12.022
2018-10-17 12:00,12.04
2018-10-17 12:15,12.024
2018-10-17 12:30,12.008
2018-10-17 12:45,11.993
2018-10-17 13:00,11.977
2018-10-17 13:15,11.977
2018-10-17 13:30,11.977
2018-10-17 13:45,11.977
2018-10-17 14:00,11.977
2018-10-17 14:15,11.792
2018-10-17 14:30,11.608
2018-10-17 14:45,11.423
2018-10-17 15:00,11.238
2018-10-17 15:15,11.171
2018-10-17 15:30,11.104
2018-10-17 15:45,11.037
2018-10-17 16:00,10.969
2018-10-17 16:15,10.681
2018-10-17 16:30,10.392
2018-10-17 16:45,10.103
2018-10-17 17:00,9.814
2018-10-17 17:15,9.561
2018-10-17 17:30,9.307
2018-10-17 17:45,9.053
2018-10-17 18:00,8.8
2018-10-17 18:15,8.611
2018-10-17 18:30,8.422
2018-10-17 18:45,8.232
2018-10-17 19:00,8.043
2018-10-17 19:15,8.034
2018-10-17 19:30,8.025
2018-10-17 19:45,8.016
2018-10-17 20:00,8.007
2018-10-17 20:15,8.091
2018-10-17 20:30,8.175
2018-10-17 20:45,8.259
2018-10-17 21:00,8.343
2018-10-17 21:15,8.584
2018-10-17 21:30,8.825
2018-10-17 21:45,9.067
2018-10-17 22:00,9.308
2018-10-17 22:15,9.509
2018-10-17 22:30,9.711
2018-10-17 22:45,9.913
2018-10-17 23:00,10.114
2018-10-17 23:15,10.316
2018-10-17 23:30,10.517
2018-10-17 23:45,10.718
2018-10-18 00:00,10.92
2018-10-18 00:15,10.942
2018-10-18 00:30,10.964
2018-10-18 00:45,10.986
2018-10-18 01:00,11.008
2018-10-18 01:15,11.077
2018-10-18 01:30,11.146
2018-10-18 01:45,11.216
2018-10-18 02:00,11.284
2018-10-18 02:15,11.458
2018-10-18 02:30,11.631
2018-10-18 02:45,11.804
2018-10-18 03:00,11.977
2018-10-18 03:15,11.977
2018-10-18 03:30,11.977
2018-10-18 03:45,11.977
2018-10-18 04:00,11.977
2018-10-18 04:15,11.987
2018-10-18 04:30,11.996
2018-10-18 04:45,12.006
2018-10-18 05:00,12.016
2018-10-18 05:15,12.016
2018-10-18 05:30,12.016
2018-10-18 05:45,12.016
2018-10-18 06:00,12.016
2018-10-18 06:15,12.162
2018-10-18 06:30,12.308
2018-10-18 06:45,12.454
2018-10-18 07:00,12.6
2018-10-18 07:15,12.696
2018-10-18 07:30,12.792
2018-10-18 07:45,12.888
2018-10-18 08:00,12.984
2018-10-18 08:15,13.063
2018-10-18 08:30,13.142
2018-10-18 08:45,13.221
2018-10-18 09:00,13.3
2018-10-18 09:15,13.513
2018-10-18 09:30,13.727
2018-10-18 09:45,13.941
2018-10-18 10:00,14.154
2018-10-18 10:15,14.598
2018-10-18 10:30,15.042
2018-10-18 10:45,15.487
2018-10-18 11:00,15.931
2018-10-18 11:15,16.008
2018-10-18 11:30,16.084
2018-10-18 11:45,16.162
2018-10-18 12:00,16.238
2018-10-18 12:15,16.433
2018-10-18 12:30,16.627
2018-10-18 12:45,16.821
2018-10-18 13:00,17.016
2018-10-18 13:15,17.238
2018-10-18 13:30,17.462
2018-10-18 13:45,17.684
2018-10-18 14:00,17.908
2018-10-18 14:15,17.908
2018-10-18 14:30,17.908
2018-10-18 14:45,17.908
2018-10-18 15:00,17.908
2018-10-18 15:15,17.684
2018-10-18 15:30,17.462
2018-10-18 15:45,17.238
2018-10-18 16:00,17.016
2018-10-18 16:15,17.181
2018-10-18 16:30,17.346
2018-10-18 16:45,17.512
2018-10-18 17:00,17.677
2018-10-18 17:15,17.646
2018-10-18 17:30,17.616
2018-10-18 17:45,17.584
2018-10-18 18:00,17.554
2018-10-18 18:15,17.419
2018-10-18 18:30,17.284
2018-10-18 18:45,17.15
2018-10-18 19:00,17.016
2018-10-18 19:15,17.006
2018-10-18 19:30,16.996
2018-10-18 19:45,16.987
2018-10-18 20:00,16.977
2018-10-18 20:15,16.977
2018-10-18 20:30,16.977
2018-10-18 20:45,16.977
2018-10-18 21:00,16.977
2018-10-18 21:15,16.977
2018-10-18 21:30,16.978
2018-10-18 21:45,16.978
2018-10-18 22:00,16.978
2018-10-18 22:15,16.881
2018-10-18 22:30,16.782
2018-10-18 22:45,16.684
2018-10-18 23:00,16.586
2018-10-18 23:15,16.441
2018-10-18 23:30,16.297
2018-10-18 23:45,16.152
2018-10-19 00:00,16.008
2018-10-19 00:15,15.899
2018-10-19 00:30,15.791
2018-10-19 00:45,15.682
2018-10-19 01:00,15.573
2018-10-19 01:15,15.322
2018-10-19 01:30,15.071
2018-10-19 01:45,14.82
2018-10-19 02:00,14.569
2018-10-19 02:15,14.434
2018-10-19 02:30,14.3
2018-10-19 02:45,14.166
2018-10-19 03:00,14.031
2018-10-19 03:15,14.031
2018-10-19 03:30,14.031
2018-10-19 03:45,14.031
2018-10-19 04:00,14.031
2018-10-19 04:15,14.031
2018-10-19 04:30,14.031
2018-10-19 04:45,14.031
2018-10-19 05:00,14.031
2018-10-19 05:15,14.021
2018-10-19 05:30,14.012
2018-10-19 05:45,14.002
2018-10-19 06:00,13.992
2018-10-19 06:15,13.942
2018-10-19 06:30,13.892
2018-10-19 06:45,13.842
2018-10-19 07:00,13.792
2018-10-19 07:15,13.696
2018-10-19 07:30,13.6
2018-10-19 07:45,13.504
2018-10-19 08:00,13.408
2018-10-19 08:15,13.35
2018-10-19 08:30,13.292
2018-10-19 08:45,13.234
2018-10-19 09:00,13.177
2018-10-19 09:15,13.208
2018-10-19 09:30,13.238
2018-10-19 09:45,13.269
2018-10-19 10:00,13.3
2018-10-19 10:15,13.273
2018-10-19 10:30,13.247
2018-10-19 10:45,13.22
2018-10-19 11:00,13.193
2018-10-19 11:15,13.32
2018-10-19 11:30,13.447
2018-10-19 11:45,13.573
2018-10-19 12:00,13.7
2018-10-19 12:15,13.771
2018-10-19 12:30,13.841
2018-10-19 12:45,13.911
2018-10-19 13:00,13.981
2018-10-19 13:15,13.981
2018-10-19 13:30,13.981
2018-10-19 13:45,13.981
2018-10-19 14:00,13.98
2018-10-19 14:15,13.977
2018-10-19 14:30,13.973
2018-10-19 14:45,13.97
2018-10-19 15:00,13.967
2018-10-19 15:15,13.969
2018-10-19 15:30,13.972
2018-10-19 15:45,13.974
2018-10-19 16:00,13.977
2018-10-19 16:15,13.987
2018-10-19 16:30,13.998
2018-10-19 16:45,14.009
2018-10-19 17:00,14.02
2018-10-19 17:15,14.029
2018-10-19 17:30,14.038
2018-10-19 17:45,14.048
2018-10-19 18:00,14.057
2018-10-19 18:15,14.057
2018-10-19 18:30,14.057
2018-10-19 18:45,14.057
2018-10-19 19:00,14.057
2018-10-19 19:15,14.568
2018-10-19 19:30,15.078
2018-10-19 19:45,15.589
2018-10-19 20:00,16.1
2018-10-19 20:15,15.975
2018-10-19 20:30,15.85
2018-10-19 20:45,15.725
2018-10-19 21:00,15.6
2018-10-19 21:15,15.214
2018-10-19 21:30,14.828
2018-10-19 21:45,14.443
2018-10-19 22:00,14.057
2018-10-19 22:15,14.206
2018-10-19 22:30,14.355
2018-10-19 22:45,14.504
2018-10-19 23:00,14.653
2018-10-19 23:15,14.74
2018-10-19 23:30,14.827
2018-10-19 23:45,14.913
2018-10-20 00:00,15.0
2018-10-20 00:15,15.0
2018-10-20 00:30,15.0
2018-10-20 00:45,15.0
2018-10-20 01:00,15.0
2018-10-20 01:15,15.0
2018-10-20 01:30,15.0
2018-10-20 01:45,15.0
2018-10-20 02:00,15.0
2018-10-20 02:15,15.0
2018-10-20 02:30,15.0
2018-10-20 02:45,15.0
2018-10-20 03:00,15.0
2018-10-20 03:15,14.944
2018-10-20 03:30,14.888
2018-10-20 03:45,14.831
2018-10-20 04:00,14.775
2018-10-20 04:15,14.589
2018-10-20 04:30,14.403
2018-10-20 04:45,14.217
2018-10-20 05:00,14.031
2018-10-20 05:15,13.933
2018-10-20 05:30,13.834
2018-10-20 05:45,13.737
2018-10-20 06:00,13.638
2018-10-20 06:15,13.589
2018-10-20 06:30,13.539
2018-10-20 06:45,13.489
2018-10-20 07:00,13.44
2018-10-20 07:15,13.489
2018-10-20 07:30,13.539
2018-10-20 07:45,13.589
2018-10-20 08:00,13.638
2018-10-20 08:15,13.829
2018-10-20 08:30,14.019
2018-10-20 08:45,14.209
2018-10-20 09:00,14.4
2018-10-20 09:15,14.325
2018-10-20 09:30,14.25
2018-10-20 09:45,14.175
2018-10-20 10:00,14.1
2018-10-20 10:15,14.463
2018-10-20 10:30,14.825
2018-10-20 10:45,15.188
2018-10-20 11:00,15.55
2018-10-20 11:15,15.621
2018-10-20 11:30,15.691
2018-10-20 11:45,15.761
2018-10-20 12:00,15.831
2018-10-20 12:15,16.108
2018-10-20 12:30,16.385
2018-10-20 12:45,16.662
2018-10-20 13:00,16.938
2018-10-20 13:15,17.337
2018-10-20 13:30,17.734
2018-10-20 13:45,18.133
2018-10-20 14:00,18.531
2018-10-20 14:15,19.142
2018-10-20 14:30,19.754
2018-10-20 14:45,20.366
2018-10-20 15:00,20.977
2018-10-20 15:15,21.227
2018-10-20 15:30,21.477
2018-10-20 15:45,21.727
2018-10-20 16:00,21.977
2018-10-20 16:15,21.881
2018-10-20 16:30,21.784
2018-10-20 16:45,21.688
2018-10-20 17:00,21.592
2018-10-20 17:15,21.387
2018-10-20 17:30,21.181
2018-10-20 17:45,20.975
2018-10-20 18:00,20.769
2018-10-20 18:15,20.091
2018-10-20 18:30,19.412
2018-10-20 18:45,18.733
2018-10-20 19:00,18.054
2018-10-20 19:15,17.591
2018-10-20 19:30,17.127
2018-10-20 19:45,16.663
2018-10-20 20:00,16.2
2018-10-20 20:15,15.958
2018-10-20 20:30,15.716
2018-10-20 20:45,15.473
2018-10-20 21:00,15.231
2018-10-20 21:15,15.134
2018-10-20 21:30,15.038
2018-10-20 21:45,14.942
2018-10-20 22:00,14.846
2018-10-20 22:15,14.633
2018-10-20 22:30,14.419
2018-10-20 22:45,14.206
2018-10-20 23:00,13.992
2018-10-20 23:15,13.691
2018-10-20 23:30,13.388
2018-10-20 23:45,13.087
2018-10-21 00:00,12.784
2018-10-21 00:15,12.688
2018-10-21 00:30,12.592
2018-10-21 00:45,12.496
2018-10-21 01:00,12.4
2018-10-21 01:15,12.256
2018-10-21 01:30,12.112
2018-10-21 01:45,11.967
2018-10-21 02:00,11.823
2018-10-21 02:15,11.619
2018-10-21 02:30,11.416
2018-10-21 02:45,11.212
2018-10-21 03:00,11.008
2018-10-21 03:15,11.066
2018-10-21 03:30,11.123
2018-10-21 03:45,11.181
2018-10-21 04:00,11.238
2018-10-21 04:15,11.162
2018-10-21 04:30,11.084
2018-10-21 04:45,11.008
2018-10-21 05:00,10.931
2018-10-21 05:15,10.802
2018-10-21 05:30,10.673
2018-10-21 05:45,10.544
2018-10-21 06:00,10.416
2018-10-21 06:15,10.266
2018-10-21 06:30,10.116
2018-10-21 06:45,9.966
2018-10-21 07:00,9.816
2018-10-21 07:15,9.812
2018-10-21 07:30,9.808
2018-10-21 07:45,9.804
2018-10-21 08:00,9.8
2018-10-21 08:15,10.154
2018-10-21 08:30,10.508
2018-10-21 08:45,10.862
2018-10-21 09:00,11.216
2018-10-21 09:15,12.058
2018-10-21 09:30,12.9
2018-10-21 09:45,13.742
2018-10-21 10:00,14.584
2018-10-21 10:15,15.037
2018-10-21 10:30,15.488
2018-10-21 10:45,15.941
2018-10-21 11:00,16.392
2018-10-21 11:15,16.548
2018-10-21 11:30,16.704
2018-10-21 11:45,16.859
2018-10-21 12:00,17.016
2018-10-21 12:15,17.209
2018-10-21 12:30,17.404
2018-10-21 12:45,17.598
2018-10-21 13:00,17.792
2018-10-21 13:15,18.094
2018-10-21 13:30,18.396
2018-10-21 13:45,18.698
2018-10-21 14:00,19.0
2018-10-21 14:15,19.327
2018-10-21 14:30,19.654
2018-10-21 14:45,19.981
2018-10-21 15:00,20.308
2018-10-21 15:15,20.473
2018-10-21 15:30,20.638
2018-10-21 15:45,20.804
2018-10-21 16:00,20.969
2018-10-21 16:15,20.95
2018-10-21 16:30,20.931
2018-10-21 16:45,20.912
2018-10-21 17:00,20.892
2018-10-21 17:15,20.581
2018-10-21 17:30,20.269
2018-10-21 17:45,19.958
2018-10-21 18:00,19.646
2018-10-21 18:15,19.152
2018-10-21 18:30,18.658
2018-10-21 18:45,18.163
2018-10-21 19:00,17.669
2018-10-21 19:15,17.477
2018-10-21 19:30,17.284
2018-10-21 19:45,17.092
2018-10-21 20:00,16.9
2018-10-21 20:15,16.696
2018-10-21 20:30,16.492
2018-10-21 20:45,16.288
2018-10-21 21:00,16.084
2018-10-21 21:15,15.484
2018-10-21 21:30,14.884
2018-10-21 21:45,14.284
2018-10-21 22:00,13.684
2018-10-21 22:15,13.498
2018-10-21 22:30,13.312
2018-10-21 22:45,13.125
2018-10-21 23:00,12.938
2018-10-21 23:15,12.708
2018-10-21 23:30,12.477
2018-10-21 23:45,12.246
2018-10-22 00:00,12.016
2018-10-22 00:15,12.006
2018-10-22 00:30,11.996
2018-10-22 00:45,11.987
2018-10-22 01:00,11.977
2018-10-22 01:15,11.919
2018-10-22 01:30,11.862
2018-10-22 01:45,11.804
2018-10-22 02:00,11.746
2018-10-22 02:15,11.591
2018-10-22 02:30,11.434
2018-10-22 02:45,11.279
2018-10-22 03:00,11.123
2018-10-22 03:15,11.008
2018-10-22 03:30,10.892
2018-10-22 03:45,10.777
2018-10-22 04:00,10.662
2018-10-22 04:15,10.554
2018-10-22 04:30,10.446
2018-10-22 04:45,10.338
2018-10-22 05:00,10.231
2018-10-22 05:15,10.046
2018-10-22 05:30,9.862
2018-10-22 05:45,9.677
2018-10-22 06:00,9.492
2018-10-22 06:15,9.542
2018-10-22 06:30,9.592
2018-10-22 06:45,9.642
2018-10-22 07:00,9.692
2018-10-22 07:15,9.654
2018-10-22 07:30,9.616
2018-10-22 07:45,9.577
2018-10-22 08:00,9.538
2018-10-22 08:15,9.569
2018-10-22 08:30,9.6
2018-10-22 08:45,9.631
2018-10-22 09:00,9.662
2018-10-22 09:15,10.192
2018-10-22 09:30,10.723
2018-10-22 09:45,11.254
2018-10-22 10:00,11.784
2018-10-22 10:15,12.113
2018-10-22 10:30,12.442
2018-10-22 10:45,12.771
2018-10-22 11:00,13.1
2018-10-22 11:15,13.441
2018-10-22 11:30,13.781
2018-10-22 11:45,14.121
2018-10-22 12:00,14.462
2018-10-22 12:15,14.867
2018-10-22 12:30,15.273
2018-10-22 12:45,15.679
2018-10-22 13:00,16.084
2018-10-22 13:15,16.337
2018-10-22 13:30,16.588
2018-10-22 13:45,16.841
2018-10-22 14:00,17.092
2018-10-22 14:15,17.073
2018-10-22 14:30,17.054
2018-10-22 14:45,17.034
2018-10-22 15:00,17.016
2018-10-22 15:15,17.016
2018-10-22 15:30,17.016
2018-10-22 15:45,17.016
2018-10-22 16:00,17.016
2018-10-22 16:15,17.016
2018-10-22 16:30,17.016
2018-10-22 16:45,17.016
2018-10-22 17:00,17.016
2018-10-22 17:15,17.006
2018-10-22 17:30,16.996
2018-10-22 17:45,16.987
2018-10-22 18:00,16.977
2018-10-22 18:15,16.763
2018-10-22 18:30,16.55
2018-10-22 18:45,16.337
2018-10-22 19:00,16.123
2018-10-22 19:15,16.084
2018-10-22 19:30,16.046
2018-10-22 19:45,16.008
2018-10-22 20:00,15.969
2018-10-22 20:15,15.95
2018-10-22 20:30,15.931
2018-10-22 20:45,15.912
2018-10-22 21:00,15.892
2018-10-22 21:15,15.746
2018-10-22 21:30,15.6
2018-10-22 21:45,15.454
2018-10-22 22:00,15.308
2018-10-22 22:15,15.212
2018-10-22 22:30,15.116
2018-10-22 22:45,15.019
2018-10-22 23:00,14.923
2018-10-22 23:15,14.777
2018-10-22 23:30,14.631
2018-10-22 23:45,14.484
2018-10-23 00:00,14.338
2018-10-23 00:15,14.262
2018-10-23 00:30,14.184
2018-10-23 00:45,14.108
2018-10-23 01:00,14.031
2018-10-23 01:15,14.021
2018-10-23 01:30,14.012
2018-10-23 01:45,14.002
2018-10-23 02:00,13.992
2018-10-23 02:15,13.992
2018-10-23 02:30,13.992
2018-10-23 02:45,13.992
2018-10-23 03:00,13.992
2018-10-23 03:15,13.992
2018-10-23 03:30,13.992
2018-10-23 03:45,13.992
2018-10-23 04:00,13.992
2018-10-23 04:15,13.973
2018-10-23 04:30,13.954
2018-10-23 04:45,13.934
2018-10-23 05:00,13.916
2018-10-23 05:15,13.934
2018-10-23 05:30,13.954
2018-10-23 05:45,13.973
2018-10-23 06:00,13.992
2018-10-23 06:15,13.992
2018-10-23 06:30,13.992
2018-10-23 06:45,13.992
2018-10-23 07:00,13.992
2018-10-23 07:15,13.858
2018-10-23 07:30,13.723
2018-10-23 07:45,13.588
2018-10-23 08:00,13.454
2018-10-23 08:15,13.416
2018-10-23 08:30,13.377
2018-10-23 08:45,13.338
2018-10-23 09:00,13.3
2018-10-23 09:15,13.621
2018-10-23 09:30,13.942
2018-10-23 09:45,14.263
2018-10-23 10:00,14.584
2018-10-23 10:15,15.154
2018-10-23 10:30,15.723
2018-10-23 10:45,16.292
2018-10-23 11:00,16.862
2018-10-23 11:15,17.202
2018-10-23 11:30,17.542
2018-10-23 11:45,17.883
2018-10-23 12:00,18.223
2018-10-23 12:15,18.533
2018-10-23 12:30,18.842
2018-10-23 12:45,19.152
2018-10-23 13:00,19.462
2018-10-23 13:15,19.8
2018-10-23 13:30,20.138
2018-10-23 13:45,20.477
2018-10-23 14:00,20.816
2018-10-23 14:15,21.009
2018-10-23 14:30,21.204
2018-10-23 14:45,21.398
2018-10-23 15:00,21.592
2018-10-23 15:15,21.484
2018-10-23 15:30,21.377
2018-10-23 15:45,21.269
2018-10-23 16:00,21.162
2018-10-23 16:15,21.128
2018-10-23 16:30,21.094
2018-10-23 16:45,21.061
2018-10-23 17:00,21.027
2018-10-23 17:15,20.993
2018-10-23 17:30,20.959
2018-10-23 17:45,20.926
2018-10-23 18:00,20.892
2018-10-23 18:15,20.483
2018-10-23 18:30,20.073
2018-10-23 18:45,19.663
2018-10-23 19:00,19.254
2018-10-23 19:15,18.925
2018-10-23 19:30,18.596
2018-10-23 19:45,18.267
2018-10-23 20:00,17.938
2018-10-23 20:15,17.717
2018-10-23 20:30,17.496
2018-10-23 20:45,17.275
2018-10-23 21:00,17.054
2018-10-23 21:15,16.802
2018-10-23 21:30,16.55
2018-10-23 21:45,16.298
2018-10-23 22:00,16.046
2018-10-23 22:15,15.9
2018-10-23 22:30,15.754
2018-10-23 22:45,15.608
2018-10-23 23:00,15.462
2018-10-23 23:15,15.308
2018-10-23 23:30,15.154
2018-10-23 23:45,15.0
2018-10-24 00:00,14.846
2018-10-24 00:15,14.642
2018-10-24 00:30,14.438
2018-10-24 00:45,14.234
2018-10-24 01:00,14.031
2018-10-24 01:15,14.021
2018-10-24 01:30,14.012
2018-10-24 01:45,14.002
2018-10-24 02:00,13.992
2018-10-24 02:15,13.846
2018-10-24 02:30,13.7
2018-10-24 02:45,13.554
2018-10-24 03:00,13.408
2018-10-24 03:15,13.312
2018-10-24 03:30,13.216
2018-10-24 03:45,13.119
2018-10-24 04:00,13.023
2018-10-24 04:15,13.1
2018-10-24 04:30,13.177
2018-10-24 04:45,13.254
2018-10-24 05:00,13.331
2018-10-24 05:15,13.254
2018-10-24 05:30,13.177
2018-10-24 05:45,13.1
2018-10-24 06:00,13.023
2018-10-24 06:15,13.074
2018-10-24 06:30,13.126
2018-10-24 06:45,13.177
2018-10-24 07:00,13.228
2018-10-24 07:15,13.323
2018-10-24 07:30,13.418
2018-10-24 07:45,13.513
2018-10-24 08:00,13.608
2018-10-24 08:15,13.659
2018-10-24 08:30,13.711
2018-10-24 08:45,13.762
2018-10-24 09:00,13.813
2018-10-24 09:15,13.644
2018-10-24 09:30,13.476
2018-10-24 09:45,13.307
2018-10-24 10:00,13.138
2018-10-24 10:15,12.908
2018-10-24 10:30,12.678
2018-10-24 10:45,12.448
2018-10-24 11:00,12.218
2018-10-24 11:15,12.256
2018-10-24 11:30,12.294
2018-10-24 11:45,12.332
2018-10-24 12:00,12.369
2018-10-24 12:15,12.508
2018-10-24 12:30,12.648
2018-10-24 12:45,12.787
2018-10-24 13:00,12.926
2018-10-24 13:15,12.943
2018-10-24 13:30,12.96
2018-10-24 13:45,12.977
2018-10-24 14:00,12.993
2018-10-24 14:15,13.002
2018-10-24 14:30,13.01
2018-10-24 14:45,13.018
2018-10-24 15:00,13.027
2018-10-24 15:15,13.013
2018-10-24 15:30,12.999
2018-10-24 15:45,12.985
2018-10-24 16:00,12.972
2018-10-24 16:15,12.901
2018-10-24 16:30,12.829
2018-10-24 16:45,12.758
2018-10-24 17:00,12.688
2018-10-24 17:15,12.841
2018-10-24 17:30,12.994
2018-10-24 17:45,13.147
2018-10-24 18:00,13.3
2018-10-24 18:15,12.982
2018-10-24 18:30,12.664
2018-10-24 18:45,12.347
2018-10-24 19:00,12.028
2018-10-24 19:15,12.036
2018-10-24 19:30,12.044
2018-10-24 19:45,12.051
2018-10-24 20:00,12.059
2018-10-24 20:15,12.038
2018-10-24 20:30,12.018
2018-10-24 20:45,11.997
2018-10-24 21:00,11.977
2018-10-24 21:15,11.792
2018-10-24 21:30,11.608
2018-10-24 21:45,11.423
2018-10-24 22:00,11.238
2018-10-24 22:15,11.181
2018-10-24 22:30,11.123
2018-10-24 22:45,11.066
2018-10-24 23:00,11.008
2018-10-24 23:15,11.306
2018-10-24 23:30,11.604
2018-10-24 23:45,11.902
2018-10-25 00:00,12.2
2018-10-25 00:15,12.275
2018-10-25 00:30,12.35
2018-10-25 00:45,12.425
2018-10-25 01:00,12.5
2018-10-25 01:15,12.575
2018-10-25 01:30,12.65
2018-10-25 01:45,12.725
2018-10-25 02:00,12.8
2018-10-25 02:15,12.8
2018-10-25 02:30,12.8
2018-10-25 02:45,12.8
2018-10-25 03:00,12.8
2018-10-25 03:15,12.817
2018-10-25 03:30,12.833
2018-10-25 03:45,12.85
2018-10-25 04:00,12.867
2018-10-25 04:15,12.631
2018-10-25 04:30,12.396
2018-10-25 04:45,12.161
2018-10-25 05:00,11.925
2018-10-25 05:15,12.144
2018-10-25 05:30,12.363
2018-10-25 05:45,12.581
2018-10-25 06:00,12.8
2018-10-25 06:15,12.585
2018-10-25 06:30,12.37
2018-10-25 06:45,12.155
2018-10-25 07:00,11.94
2018-10-25 07:15,11.949
2018-10-25 07:30,11.958
2018-10-25 07:45,11.968
2018-10-25 08:00,11.977
2018-10-25 08:15,11.99
2018-10-25 08:30,12.003
2018-10-25 08:45,12.016
2018-10-25 09:00,12.028
2018-10-25 09:15,12.048
2018-10-25 09:30,12.068
2018-10-25 09:45,12.087
2018-10-25 10:00,12.107
2018-10-25 10:15,12.142
2018-10-25 10:30,12.177
2018-10-25 10:45,12.211
2018-10-25 11:00,12.246
2018-10-25 11:15,12.441
2018-10-25 11:30,12.634
2018-10-25 11:45,12.829
2018-10-25 12:00,13.023
2018-10-25 12:15,13.188
2018-10-25 12:30,13.354
2018-10-25 12:45,13.519
2018-10-25 13:00,13.684
2018-10-25 13:15,13.809
2018-10-25 13:30,13.934
2018-10-25 13:45,14.059
2018-10-25 14:00,14.184
2018-10-25 14:15,14.284
2018-10-25 14:30,14.384
2018-10-25 14:45,14.484
2018-10-25 15:00,14.584
2018-10-25 15:15,15.009
2018-10-25 15:30,15.434
2018-10-25 15:45,15.859
2018-10-25 16:00,16.284
2018-10-25 16:15,16.399
2018-10-25 16:30,16.514
2018-10-25 16:45,16.628
2018-10-25 17:00,16.743
2018-10-25 17:15,16.801
2018-10-25 17:30,16.86
2018-10-25 17:45,16.918
2018-10-25 18:00,16.977
2018-10-25 18:15,16.733
2018-10-25 18:30,16.488
2018-10-25 18:45,16.244
2018-10-25 19:00,16.0
2018-10-25 19:15,15.537
2018-10-25 19:30,15.073
2018-10-25 19:45,14.609
2018-10-25 20:00,14.146
2018-10-25 20:15,13.933
2018-10-25 20:30,13.719
2018-10-25 20:45,13.506
2018-10-25 21:00,13.292
2018-10-25 21:15,13.108
2018-10-25 21:30,12.923
2018-10-25 21:45,12.738
2018-10-25 22:00,12.554
2018-10-25 22:15,12.302
2018-10-25 22:30,12.05
2018-10-25 22:45,11.798
2018-10-25 23:00,11.546
2018-10-25 23:15,11.546
2018-10-25 23:30,11.546
2018-10-25 23:45,11.546
2018-10-26 00:00,11.546
2018-10-26 00:15,11.267
2018-10-26 00:30,10.988
2018-10-26 00:45,10.709
2018-10-26 01:00,10.431
2018-10-26 01:15,10.527
2018-10-26 01:30,10.623
2018-10-26 01:45,10.719
2018-10-26 02:00,10.816
2018-10-26 02:15,10.854
2018-10-26 02:30,10.892
2018-10-26 02:45,10.931
2018-10-26 03:00,10.969
2018-10-26 03:15,10.842
2018-10-26 03:30,10.716
2018-10-26 03:45,10.588
2018-10-26 04:00,10.462
2018-10-26 04:15,10.366
2018-10-26 04:30,10.269
2018-10-26 04:45,10.173
2018-10-26 05:00,10.077
2018-10-26 05:15,10.077
2018-10-26 05:30,10.077
2018-10-26 05:45,10.077
2018-10-26 06:00,10.077
2018-10-26 06:15,9.988
2018-10-26 06:30,9.9
2018-10-26 06:45,9.812
2018-10-26 07:00,9.723
2018-10-26 07:15,9.55
2018-10-26 07:30,9.377
2018-10-26 07:45,9.204
2018-10-26 08:00,9.031
2018-10-26 08:15,9.333
2018-10-26 08:30,9.634
2018-10-26 08:45,9.937
2018-10-26 09:00,10.238
2018-10-26 09:15,10.781
2018-10-26 09:30,11.323
2018-10-26 09:45,11.866
2018-10-26 10:00,12.408
2018-10-26 10:15,12.844
2018-10-26 10:30,13.281
2018-10-26 10:45,13.717
2018-10-26 11:00,14.154
2018-10-26 11:15,14.734
2018-10-26 11:30,15.316
2018-10-26 11:45,15.896
2018-10-26 12:00,16.477
2018-10-26 12:15,16.825
2018-10-26 12:30,17.173
2018-10-26 12:45,17.521
2018-10-26 13:00,17.869
2018-10-26 13:15,18.248
2018-10-26 13:30,18.627
2018-10-26 13:45,19.006
2018-10-26 14:00,19.384
2018-10-26 14:15,19.771
2018-10-26 14:30,20.158
2018-10-26 14:45,20.544
2018-10-26 15:00,20.931
2018-10-26 15:15,21.183
2018-10-26 15:30,21.434
2018-10-26 15:45,21.687
2018-10-26 16:00,21.938
2018-10-26 16:15,22.123
2018-10-26 16:30,22.308
2018-10-26 16:45,22.492
2018-10-26 17:00,22.677
2018-10-26 17:15,22.666
2018-10-26 17:30,22.654
2018-10-26 17:45,22.642
2018-10-26 18:00,22.631
2018-10-26 18:15,22.312
2018-10-26 18:30,21.992
2018-10-26 18:45,21.673
2018-10-26 19:00,21.354
2018-10-26 19:15,20.869
2018-10-26 19:30,20.384
2018-10-26 19:45,19.9
2018-10-26 20:00,19.416
2018-10-26 20:15,18.823
2018-10-26 20:30,18.231
2018-10-26 20:45,17.638
2018-10-26 21:00,17.046
2018-10-26 21:15,16.941
2018-10-26 21:30,16.834
2018-10-26 21:45,16.729
2018-10-26 22:00,16.623
2018-10-26 22:15,16.448
2018-10-26 22:30,16.273
2018-10-26 22:45,16.098
2018-10-26 23:00,15.923
2018-10-26 23:15,15.527
2018-10-26 23:30,15.131
2018-10-26 23:45,14.734
2018-10-27 00:00,14.338
2018-10-27 00:15,14.35
2018-10-27 00:30,14.362
2018-10-27 00:45,14.373
2018-10-27 01:00,14.384
2018-10-27 01:15,14.442
2018-10-27 01:30,14.5
2018-10-27 01:45,14.558
2018-10-27 02:00,14.616
2018-10-27 02:15,14.596
2018-10-27 02:30,14.577
2018-10-27 02:45,14.558
2018-10-27 03:00,14.538
2018-10-27 03:15,14.431
2018-10-27 03:30,14.323
2018-10-27 03:45,14.216
2018-10-27 04:00,14.108
2018-10-27 04:15,13.992
2018-10-27 04:30,13.877
2018-10-27 04:45,13.762
2018-10-27 05:00,13.646
2018-10-27 05:15,13.8
2018-10-27 05:30,13.954
2018-10-27 05:45,14.108
2018-10-27 06:00,14.262
2018-10-27 06:15,14.088
2018-10-27 06:30,13.916
2018-10-27 06:45,13.742
2018-10-27 07:00,13.569
2018-10-27 07:15,13.567
2018-10-27 07:30,13.566
2018-10-27 07:45,13.563
2018-10-27 08:00,13.562
2018-10-27 08:15,13.683
2018-10-27 08:30,13.804
2018-10-27 08:45,13.925
2018-10-27 09:00,14.046
2018-10-27 09:15,14.75
2018-10-27 09:30,15.454
2018-10-27 09:45,16.158
2018-10-27 10:00,16.862
2018-10-27 10:15,17.408
2018-10-27 10:30,17.954
2018-10-27 10:45,18.5
2018-10-27 11:00,19.046
2018-10-27 11:15,19.859
2018-10-27 11:30,20.673
2018-10-27 11:45,21.487
2018-10-27 12:00,22.3
2018-10-27 12:15,22.965
2018-10-27 12:30,23.63
2018-10-27 12:45,24.295
2018-10-27 13:00,24.96
2018-10-27 13:15,25.311
2018-10-27 13:30,25.661
2018-10-27 13:45,26.011
2018-10-27 14:00,26.362
2018-10-27 14:15,26.544
2018-10-27 14:30,26.727
2018-10-27 14:45,26.909
2018-10-27 15:00,27.092
2018-10-27 15:15,27.258
2018-10-27 15:30,27.423
2018-10-27 15:45,27.588
2018-10-27 16:00,27.754
2018-10-27 16:15,27.812
2018-10-27 16:30,27.869
2018-10-27 16:45,27.927
2018-10-27 17:00,27.984
2018-10-27 17:15,27.984
2018-10-27 17:30,27.984
2018-10-27 17:45,27.984
2018-10-27 18:00,27.984
2018-10-27 18:15,27.654
2018-10-27 18:30,27.323
2018-10-27 18:45,26.992
2018-10-27 19:00,26.662
2018-10-27 19:15,25.906
2018-10-27 19:30,25.15
2018-10-27 19:45,24.394
2018-10-27 20:00,23.638
2018-10-27 20:15,23.279
2018-10-27 20:30,22.919
2018-10-27 20:45,22.559
2018-10-27 21:00,22.2
2018-10-27 21:15,21.902
2018-10-27 21:30,21.604
2018-10-27 21:45,21.306
2018-10-27 22:00,21.008
2018-10-27 22:15,20.734
2018-10-27 22:30,20.462
2018-10-27 22:45,20.188
2018-10-27 23:00,19.916
2018-10-27 23:15,19.558
2018-10-27 23:30,19.2
2018-10-27 23:45,18.842
2018-10-28 00:00,18.484
2018-10-28 00:15,18.184
2018-10-28 00:30,17.884
2018-10-28 00:45,17.584
2018-10-28 01:00,17.284
2018-10-28 01:15,17.431
2018-10-28 01:30,17.577
2018-10-28 01:45,17.723
2018-10-28 02:00,17.869
2018-10-28 02:15,17.848
2018-10-28 02:30,17.827
2018-10-28 02:45,17.806
2018-10-28 03:00,17.784
2018-10-28 03:15,17.592
2018-10-28 03:30,17.4
2018-10-28 03:45,17.208
2018-10-28 04:00,17.016
2018-10-28 04:15,16.821
2018-10-28 04:30,16.627
2018-10-28 04:45,16.433
2018-10-28 05:00,16.238
2018-10-28 05:15,16.181
2018-10-28 05:30,16.123
2018-10-28 05:45,16.066
2018-10-28 06:00,16.008
2018-10-28 06:15,16.037
2018-10-28 06:30,16.066
2018-10-28 06:45,16.094
2018-10-28 07:00,16.123
2018-10-28 07:15,16.094
2018-10-28 07:30,16.066
2018-10-28 07:45,16.037
2018-10-28 08:00,16.008
2018-10-28 08:15,15.962
2018-10-28 08:30,15.916
2018-10-28 08:45,15.869
2018-10-28 09:00,15.823
2018-10-28 09:15,16.725
2018-10-28 09:30,17.627
2018-10-28 09:45,18.529
2018-10-28 10:00,19.431
2018-10-28 10:15,20.244
2018-10-28 10:30,21.058
2018-10-28 10:45,21.871
2018-10-28 11:00,22.684
2018-10-28 11:15,23.275
2018-10-28 11:30,23.866
2018-10-28 11:45,24.456
2018-10-28 12:00,25.046
2018-10-28 12:15,25.442
2018-10-28 12:30,25.838
2018-10-28 12:45,26.234
2018-10-28 13:00,26.631
2018-10-28 13:15,26.873
2018-10-28 13:30,27.116
2018-10-28 13:45,27.358
2018-10-28 14:00,27.6
2018-10-28 14:15,27.756
2018-10-28 14:30,27.912
2018-10-28 14:45,28.067
2018-10-28 15:00,28.223
2018-10-28 15:15,28.416
2018-10-28 15:30,28.608
2018-10-28 15:45,28.8
2018-10-28 16:00,28.992
2018-10-28 16:15,28.992
2018-10-28 16:30,28.992
2018-10-28 16:45,28.992
2018-10-28 17:00,28.992
2018-10-28 17:15,28.992
2018-10-28 17:30,28.992
2018-10-28 17:45,28.992
2018-10-28 18:00,28.992
2018-10-28 18:15,28.671
2018-10-28 18:30,28.35
2018-10-28 18:45,28.029
2018-10-28 19:00,27.708
2018-10-28 19:15,27.173
2018-10-28 19:30,26.638
2018-10-28 19:45,26.104
2018-10-28 20:00,25.569
2018-10-28 20:15,25.117
2018-10-28 20:30,24.666
2018-10-28 20:45,24.213
2018-10-28 21:00,23.762
2018-10-28 21:15,23.169
2018-10-28 21:30,22.577
2018-10-28 21:45,21.984
2018-10-28 22:00,21.392
2018-10-28 22:15,21.237
2018-10-28 22:30,21.081
2018-10-28 22:45,20.925
2018-10-28 23:00,20.769
2018-10-28 23:15,20.267
2018-10-28 23:30,19.766
2018-10-28 23:45,19.263
2018-10-29 00:00,18.762
2018-10-29 00:15,18.8
2018-10-29 00:30,18.838
2018-10-29 00:45,18.877
2018-10-29 01:00,18.916
2018-10-29 01:15,18.731
2018-10-29 01:30,18.546
2018-10-29 01:45,18.362
2018-10-29 02:00,18.177
2018-10-29 02:15,18.129
2018-10-29 02:30,18.081
2018-10-29 02:45,18.033
2018-10-29 03:00,17.984
2018-10-29 03:15,17.838
2018-10-29 03:30,17.692
2018-10-29 03:45,17.546
2018-10-29 04:00,17.4
2018-10-29 04:15,17.304
2018-10-29 04:30,17.208
2018-10-29 04:45,17.112
2018-10-29 05:00,17.016
2018-10-29 05:15,17.006
2018-10-29 05:30,16.996
2018-10-29 05:45,16.987
2018-10-29 06:00,16.977
2018-10-29 06:15,16.783
2018-10-29 06:30,16.588
2018-10-29 06:45,16.394
2018-10-29 07:00,16.2
2018-10-29 07:15,15.862
2018-10-29 07:30,15.523
2018-10-29 07:45,15.184
2018-10-29 08:00,14.846
2018-10-29 08:15,15.033
2018-10-29 08:30,15.219
2018-10-29 08:45,15.406
2018-10-29 09:00,15.592
2018-10-29 09:15,16.259
2018-10-29 09:30,16.927
2018-10-29 09:45,17.594
2018-10-29 10:00,18.262
2018-10-29 10:15,19.077
2018-10-29 10:30,19.892
2018-10-29 10:45,20.708
2018-10-29 11:00,21.523
2018-10-29 11:15,22.238
2018-10-29 11:30,22.954
2018-10-29 11:45,23.669
2018-10-29 12:00,24.384
2018-10-29 12:15,24.809
2018-10-29 12:30,25.234
2018-10-29 12:45,25.659
2018-10-29 13:00,26.084
2018-10-29 13:15,26.337
2018-10-29 13:30,26.588
2018-10-29 13:45,26.841
2018-10-29 14:00,27.092
2018-10-29 14:15,27.219
2018-10-29 14:30,27.346
2018-10-29 14:45,27.473
2018-10-29 15:00,27.6
2018-10-29 15:15,27.696
2018-10-29 15:30,27.792
2018-10-29 15:45,27.888
2018-10-29 16:00,27.984
2018-10-29 16:15,27.966
2018-10-29 16:30,27.946
2018-10-29 16:45,27.927
2018-10-29 17:00,27.908
2018-10-29 17:15,27.644
2018-10-29 17:30,27.381
2018-10-29 17:45,27.117
2018-10-29 18:00,26.854
2018-10-29 18:15,26.456
2018-10-29 18:30,26.058
2018-10-29 18:45,25.659
2018-10-29 19:00,25.262
2018-10-29 19:15,24.884
2018-10-29 19:30,24.508
2018-10-29 19:45,24.131
2018-10-29 20:00,23.754
2018-10-29 20:15,23.252
2018-10-29 20:30,22.75
2018-10-29 20:45,22.248
2018-10-29 21:00,21.746
2018-10-29 21:15,21.863
2018-10-29 21:30,21.981
2018-10-29 21:45,22.098
2018-10-29 22:00,22.216
2018-10-29 22:15,22.369
2018-10-29 22:30,22.523
2018-10-29 22:45,22.677
2018-10-29 23:00,22.831
2018-10-29 23:15,22.742
2018-10-29 23:30,22.654
2018-10-29 23:45,22.566
2018-10-30 00:00,22.477
2018-10-30 00:15,22.333
2018-10-30 00:30,22.188
2018-10-30 00:45,22.044
2018-10-30 01:00,21.9
2018-10-30 01:15,21.687
2018-10-30 01:30,21.473
2018-10-30 01:45,21.259
2018-10-30 02:00,21.046
2018-10-30 02:15,20.938
2018-10-30 02:30,20.831
2018-10-30 02:45,20.723
2018-10-30 03:00,20.616
2018-10-30 03:15,20.267
2018-10-30 03:30,19.919
2018-10-30 03:45,19.571
2018-10-30 04:00,19.223
2018-10-30 04:15,19.166
2018-10-30 04:30,19.108
2018-10-30 04:45,19.05
2018-10-30 05:00,18.992
2018-10-30 05:15,19.008
2018-10-30 05:30,19.025
2018-10-30 05:45,19.041
2018-10-30 06:00,19.057
2018-10-30 06:15,19.158
2018-10-30 06:30,19.259
2018-10-30 06:45,19.361
2018-10-30 07:00,19.462
2018-10-30 07:15,19.596
2018-10-30 07:30,19.731
2018-10-30 07:45,19.866
2018-10-30 08:00,20.0
2018-10-30 08:15,20.223
2018-10-30 08:30,20.446
2018-10-30 08:45,20.669
2018-10-30 09:00,20.892
2018-10-30 09:15,21.048
2018-10-30 09:30,21.204
2018-10-30 09:45,21.359
2018-10-30 10:00,21.516
2018-10-30 10:15,21.796
2018-10-30 10:30,22.077
2018-10-30 10:45,22.358
2018-10-30 11:00,22.638
2018-10-30 11:15,22.871
2018-10-30 11:30,23.104
2018-10-30 11:45,23.337
2018-10-30 12:00,23.569
2018-10-30 12:15,23.945
2018-10-30 12:30,24.321
2018-10-30 12:45,24.696
2018-10-30 13:00,25.072
2018-10-30 13:15,25.423
2018-10-30 13:30,25.774
2018-10-30 13:45,26.126
2018-10-30 14:00,26.477
2018-10-30 14:15,26.621
2018-10-30 14:30,26.766
2018-10-30 14:45,26.909
2018-10-30 15:00,27.054
2018-10-30 15:15,27.083
2018-10-30 15:30,27.112
2018-10-30 15:45,27.141
2018-10-30 16:00,27.169
2018-10-30 16:15,27.373
2018-10-30 16:30,27.577
2018-10-30 16:45,27.781
2018-10-30 17:00,27.984
2018-10-30 17:15,27.733
2018-10-30 17:30,27.481
2018-10-30 17:45,27.229
2018-10-30 18:00,26.977
2018-10-30 18:15,26.763
2018-10-30 18:30,26.55
2018-10-30 18:45,26.337
2018-10-30 19:00,26.123
2018-10-30 19:15,25.888
2018-10-30 19:30,25.654
2018-10-30 19:45,25.419
2018-10-30 20:00,25.184
2018-10-30 20:15,24.887
2018-10-30 20:30,24.588
2018-10-30 20:45,24.291
2018-10-30 21:00,23.992
2018-10-30 21:15,23.866
2018-10-30 21:30,23.738
2018-10-30 21:45,23.612
2018-10-30 22:00,23.484
2018-10-30 22:15,22.894
2018-10-30 22:30,22.304
2018-10-30 22:45,21.713
2018-10-30 23:00,21.123
2018-10-30 23:15,20.958
2018-10-30 23:30,20.792
2018-10-30 23:45,20.627
2018-10-31 00:00,20.462
2018-10-31 00:15,20.121
2018-10-31 00:30,19.781
2018-10-31 00:45,19.441
2018-10-31 01:00,19.1
2018-10-31 01:15,18.841
2018-10-31 01:30,18.581
2018-10-31 01:45,18.321
2018-10-31 02:00,18.062
2018-10-31 02:15,17.954
2018-10-31 02:30,17.846
2018-10-31 02:45,17.738
2018-10-31 03:00,17.631
2018-10-31 03:15,17.48
2018-10-31 03:30,17.329
2018-10-31 03:45,17.179
2018-10-31 04:00,17.028
2018-10-31 04:15,17.025
2018-10-31 04:30,17.022
2018-10-31 04:45,17.019
2018-10-31 05:00,17.016
2018-10-31 05:15,17.016
2018-10-31 05:30,17.016
2018-10-31 05:45,17.016
2018-10-31 06:00,17.016
2018-10-31 06:15,17.006
2018-10-31 06:30,16.996
2018-10-31 06:45,16.987
2018-10-31 07:00,16.977
2018-10-31 07:15,16.977
2018-10-31 07:30,16.977
2018-10-31 07:45,16.977
2018-10-31 08:00,16.977
2018-10-31 08:15,16.977
2018-10-31 08:30,16.977
2018-10-31 08:45,16.977
2018-10-31 09:00,16.977
2018-10-31 09:15,16.869
2018-10-31 09:30,16.762
2018-10-31 09:45,16.654
2018-10-31 10:00,16.546
2018-10-31 10:15,16.431
2018-10-31 10:30,16.316
2018-10-31 10:45,16.2
2018-10-31 11:00,16.084
2018-10-31 11:15,15.818
2018-10-31 11:30,15.552
2018-10-31 11:45,15.286
2018-10-31 12:00,15.02
2018-10-31 12:15,14.513
2018-10-31 12:30,14.007
2018-10-31 12:45,13.499
2018-10-31 13:00,12.993
2018-10-31 13:15,12.775
2018-10-31 13:30,12.558
2018-10-31 13:45,12.34
2018-10-31 14:00,12.122
2018-10-31 14:15,12.104
2018-10-31 14:30,12.086
2018-10-31 14:45,12.068
2018-10-31 15:00,12.05
2018-10-31 15:15,12.047
2018-10-31 15:30,12.044
2018-10-31 15:45,12.041
2018-10-31 16:00,12.038
2018-10-31 16:15,12.035
2018-10-31 16:30,12.033
2018-10-31 16:45,12.031
2018-10-31 17:00,12.028
2018-10-31 17:15,12.025
2018-10-31 17:30,12.022
2018-10-31 17:45,12.019
2018-10-31 18:00,12.016
2018-10-31 18:15,12.016
2018-10-31 18:30,12.016
2018-10-31 18:45,12.016
2018-10-31 19:00,12.016
2018-10-31 19:15,12.006
2018-10-31 19:30,11.996
2018-10-31 19:45,11.987
2018-10-31 20:00,11.977
2018-10-31 20:15,11.783
2018-10-31 20:30,11.588
2018-10-31 20:45,11.394
2018-10-31 21:00,11.2
2018-10-31 21:15,11.142
2018-10-31 21:30,11.084
2018-10-31 21:45,11.027
2018-10-31 22:00,10.969
2018-10-31 22:15,10.963
2018-10-31 22:30,10.956
2018-10-31 22:45,10.949
2018-10-31 23:00,10.943
2018-10-31 23:15,10.95
2018-10-31 23:30,10.957
2018-10-31 23:45,10.964
2018-11-01 00:00,10.972
2018-11-01 00:15,10.964
2018-11-01 00:30,10.957
2018-11-01 00:45,10.95
2018-11-01 01:00,10.943
2018-11-01 01:15,10.93
2018-11-01 01:30,10.918
2018-11-01 01:45,10.905
2018-11-01 02:00,10.892
2018-11-01 02:15,10.892
2018-11-01 02:30,10.892
2018-11-01 02:45,10.892
2018-11-01 03:00,10.892
2018-11-01 03:15,10.905
2018-11-01 03:30,10.918
2018-11-01 03:45,10.93
2018-11-01 04:00,10.943
2018-11-01 04:15,10.943
2018-11-01 04:30,10.943
2018-11-01 04:45,10.943
2018-11-01 05:00,10.943
2018-11-01 05:15,10.599
2018-11-01 05:30,10.256
2018-11-01 05:45,9.913
2018-11-01 06:00,9.569
2018-11-01 06:15,9.425
2018-11-01 06:30,9.281
2018-11-01 06:45,9.137
2018-11-01 07:00,8.992
2018-11-01 07:15,8.992
2018-11-01 07:30,8.992
2018-11-01 07:45,8.992
2018-11-01 08:00,8.992
2018-11-01 08:15,9.033
2018-11-01 08:30,9.073
2018-11-01 08:45,9.113
2018-11-01 09:00,9.154
2018-11-01 09:15,9.629
2018-11-01 09:30,10.104
2018-11-01 09:45,10.579
2018-11-01 10:00,11.054
2018-11-01 10:15,11.383
2018-11-01 10:30,11.712
2018-11-01 10:45,12.041
2018-11-01 11:00,12.369
2018-11-01 11:15,12.641
2018-11-01 11:30,12.912
2018-11-01 11:45,13.183
2018-11-01 12:00,13.454
2018-11-01 12:15,13.852
2018-11-01 12:30,14.25
2018-11-01 12:45,14.648
2018-11-01 13:00,15.046
2018-11-01 13:15,15.287
2018-11-01 13:30,15.527
2018-11-01 13:45,15.767
2018-11-01 14:00,16.008
2018-11-01 14:15,16.084
2018-11-01 14:30,16.162
2018-11-01 14:45,16.238
2018-11-01 15:00,16.316
2018-11-01 15:15,16.267
2018-11-01 15:30,16.219
2018-11-01 15:45,16.171
2018-11-01 16:00,16.123
2018-11-01 16:15,16.113
2018-11-01 16:30,16.104
2018-11-01 16:45,16.094
2018-11-01 17:00,16.084
2018-11-01 17:15,15.998
2018-11-01 17:30,15.912
2018-11-01 17:45,15.825
2018-11-01 18:00,15.738
2018-11-01 18:15,15.144
2018-11-01 18:30,14.55
2018-11-01 18:45,13.956
2018-11-01 19:00,13.362
2018-11-01 19:15,13.044
2018-11-01 19:30,12.727
2018-11-01 19:45,12.409
2018-11-01 20:00,12.092
2018-11-01 20:15,11.946
2018-11-01 20:30,11.8
2018-11-01 20:45,11.654
2018-11-01 21:00,11.508
2018-11-01 21:15,11.373
2018-11-01 21:30,11.238
2018-11-01 21:45,11.104
2018-11-01 22:00,10.969
2018-11-01 22:15,10.938
2018-11-01 22:30,10.908
2018-11-01 22:45,10.877
2018-11-01 23:00,10.846
2018-11-01 23:15,10.479
2018-11-01 23:30,10.112
2018-11-01 23:45,9.744
2018-11-02 00:00,9.377
2018-11-02 00:15,9.204
2018-11-02 00:30,9.031
2018-11-02 00:45,8.858
2018-11-02 01:00,8.684
2018-11-02 01:15,8.519
2018-11-02 01:30,8.354
2018-11-02 01:45,8.188
2018-11-02 02:00,8.023
2018-11-02 02:15,7.983
2018-11-02 02:30,7.942
2018-11-02 02:45,7.902
2018-11-02 03:00,7.862
2018-11-02 03:15,7.816
2018-11-02 03:30,7.769
2018-11-02 03:45,7.723
2018-11-02 04:00,7.677
2018-11-02 04:15,7.821
2018-11-02 04:30,7.966
2018-11-02 04:45,8.109
2018-11-02 05:00,8.254
2018-11-02 05:15,8.196
2018-11-02 05:30,8.138
2018-11-02 05:45,8.081
2018-11-02 06:00,8.023
2018-11-02 06:15,8.042
2018-11-02 06:30,8.062
2018-11-02 06:45,8.081
2018-11-02 07:00,8.1
2018-11-02 07:15,8.177
2018-11-02 07:30,8.254
2018-11-02 07:45,8.331
2018-11-02 08:00,8.408
2018-11-02 08:15,8.537
2018-11-02 08:30,8.666
2018-11-02 08:45,8.794
2018-11-02 09:00,8.923
2018-11-02 09:15,9.737
2018-11-02 09:30,10.55
2018-11-02 09:45,11.363
2018-11-02 10:00,12.177
2018-11-02 10:15,12.934
2018-11-02 10:30,13.692
2018-11-02 10:45,14.45
2018-11-02 11:00,15.208
2018-11-02 11:15,15.854
2018-11-02 11:30,16.5
2018-11-02 11:45,17.146
2018-11-02 12:00,17.792
2018-11-02 12:15,18.171
2018-11-02 12:30,18.55
2018-11-02 12:45,18.929
2018-11-02 13:00,19.308
2018-11-02 13:15,19.675
2018-11-02 13:30,20.042
2018-11-02 13:45,20.409
2018-11-02 14:00,20.777
2018-11-02 14:15,21.029
2018-11-02 14:30,21.281
2018-11-02 14:45,21.533
2018-11-02 15:00,21.784
2018-11-02 15:15,21.892
2018-11-02 15:30,22.0
2018-11-02 15:45,22.108
2018-11-02 16:00,22.216
2018-11-02 16:15,22.281
2018-11-02 16:30,22.346
2018-11-02 16:45,22.412
2018-11-02 17:00,22.477
2018-11-02 17:15,22.352
2018-11-02 17:30,22.227
2018-11-02 17:45,22.102
2018-11-02 18:00,21.977
2018-11-02 18:15,21.519
2018-11-02 18:30,21.062
2018-11-02 18:45,20.604
2018-11-02 19:00,20.146
2018-11-02 19:15,19.683
2018-11-02 19:30,19.219
2018-11-02 19:45,18.756
2018-11-02 20:00,18.292
2018-11-02 20:15,17.663
2018-11-02 20:30,17.034
2018-11-02 20:45,16.406
2018-11-02 21:00,15.777
2018-11-02 21:15,15.563
2018-11-02 21:30,15.35
2018-11-02 21:45,15.137
2018-11-02 22:00,14.923
2018-11-02 22:15,14.931
2018-11-02 22:30,14.938
2018-11-02 22:45,14.946
2018-11-02 23:00,14.954
2018-11-02 23:15,14.713
2018-11-02 23:30,14.473
2018-11-02 23:45,14.233
2018-11-03 00:00,13.992
2018-11-03 00:15,13.738
2018-11-03 00:30,13.484
2018-11-03 00:45,13.231
2018-11-03 01:00,12.977
2018-11-03 01:15,12.734
2018-11-03 01:30,12.492
2018-11-03 01:45,12.25
2018-11-03 02:00,12.008
2018-11-03 02:15,11.962
2018-11-03 02:30,11.916
2018-11-03 02:45,11.869
2018-11-03 03:00,11.823
2018-11-03 03:15,11.727
2018-11-03 03:30,11.631
2018-11-03 03:45,11.534
2018-11-03 04:00,11.438
2018-11-03 04:15,11.573
2018-11-03 04:30,11.708
2018-11-03 04:45,11.842
2018-11-03 05:00,11.977
2018-11-03 05:15,11.694
2018-11-03 05:30,11.412
2018-11-03 05:45,11.129
2018-11-03 06:00,10.846
2018-11-03 06:15,10.712
2018-11-03 06:30,10.577
2018-11-03 06:45,10.442
2018-11-03 07:00,10.308
2018-11-03 07:15,10.425
2018-11-03 07:30,10.542
2018-11-03 07:45,10.659
2018-11-03 08:00,10.777
2018-11-03 08:15,11.184
2018-11-03 08:30,11.592
2018-11-03 08:45,12.0
2018-11-03 09:00,12.408
2018-11-03 09:15,13.077
2018-11-03 09:30,13.746
2018-11-03 09:45,14.416
2018-11-03 10:00,15.084
2018-11-03 10:15,15.723
2018-11-03 10:30,16.362
2018-11-03 10:45,17.0
2018-11-03 11:00,17.638
2018-11-03 11:15,18.113
2018-11-03 11:30,18.588
2018-11-03 11:45,19.063
2018-11-03 12:00,19.538
2018-11-03 12:15,20.023
2018-11-03 12:30,20.508
2018-11-03 12:45,20.992
2018-11-03 13:00,21.477
2018-11-03 13:15,21.758
2018-11-03 13:30,22.038
2018-11-03 13:45,22.319
2018-11-03 14:00,22.6
2018-11-03 14:15,22.677
2018-11-03 14:30,22.754
2018-11-03 14:45,22.831
2018-11-03 15:00,22.908
2018-11-03 15:15,22.927
2018-11-03 15:30,22.946
2018-11-03 15:45,22.966
2018-11-03 16:00,22.984
2018-11-03 16:15,22.838
2018-11-03 16:30,22.692
2018-11-03 16:45,22.546
2018-11-03 17:00,22.4
2018-11-03 17:15,22.294
2018-11-03 17:30,22.188
2018-11-03 17:45,22.083
2018-11-03 18:00,21.977
2018-11-03 18:15,21.977
2018-11-03 18:30,21.977
2018-11-03 18:45,21.977
2018-11-03 19:00,21.977
2018-11-03 19:15,21.797
2018-11-03 19:30,21.617
2018-11-03 19:45,21.437
2018-11-03 20:00,21.257
2018-11-03 20:15,20.528
2018-11-03 20:30,19.798
2018-11-03 20:45,19.069
2018-11-03 21:00,18.34
2018-11-03 21:15,17.803
2018-11-03 21:30,17.267
2018-11-03 21:45,16.729
2018-11-03 22:00,16.193
2018-11-03 22:15,15.787
2018-11-03 22:30,15.381
2018-11-03 22:45,14.975
2018-11-03 23:00,14.569
2018-11-03 23:15,14.309
2018-11-03 23:30,14.05
2018-11-03 23:45,13.791
2018-11-04 00:00,13.531
2018-11-04 00:15,13.404
2018-11-04 00:30,13.277
2018-11-04 00:45,13.15
2018-11-04 01:00,13.023
2018-11-04 01:15,13.023
2018-11-04 01:30,13.023
2018-11-04 01:45,13.023
2018-11-04 02:00,13.023
2018-11-04 02:15,12.848
2018-11-04 02:30,12.673
2018-11-04 02:45,12.498
2018-11-04 03:00,12.323
2018-11-04 03:15,12.246
2018-11-04 03:30,12.169
2018-11-04 03:45,12.092
2018-11-04 04:00,12.016
2018-11-04 04:15,11.841
2018-11-04 04:30,11.666
2018-11-04 04:45,11.491
2018-11-04 05:00,11.316
2018-11-04 05:15,11.063
2018-11-04 05:30,10.812
2018-11-04 05:45,10.559
2018-11-04 06:00,10.308
2018-11-04 06:15,10.084
2018-11-04 06:30,9.862
2018-11-04 06:45,9.638
2018-11-04 07:00,9.416
2018-11-04 07:15,9.309
2018-11-04 07:30,9.204
2018-11-04 07:45,9.098
2018-11-04 08:00,8.992
2018-11-04 08:15,9.052
2018-11-04 08:30,9.112
2018-11-04 08:45,9.171
2018-11-04 09:00,9.231
2018-11-04 09:15,9.812
2018-11-04 09:30,10.392
2018-11-04 09:45,10.973
2018-11-04 10:00,11.554
2018-11-04 10:15,11.806
2018-11-04 10:30,12.058
2018-11-04 10:45,12.309
2018-11-04 11:00,12.562
2018-11-04 11:15,12.909
2018-11-04 11:30,13.258
2018-11-04 11:45,13.606
2018-11-04 12:00,13.954
2018-11-04 12:15,14.298
2018-11-04 12:30,14.641
2018-11-04 12:45,14.985
2018-11-04 13:00,15.328
2018-11-04 13:15,15.537
2018-11-04 13:30,15.745
2018-11-04 13:45,15.953
2018-11-04 14:00,16.162
2018-11-04 14:15,16.356
2018-11-04 14:30,16.55
2018-11-04 14:45,16.744
2018-11-04 15:00,16.938
2018-11-04 15:15,16.852
2018-11-04 15:30,16.766
2018-11-04 15:45,16.679
2018-11-04 16:00,16.592
2018-11-04 16:15,16.619
2018-11-04 16:30,16.646
2018-11-04 16:45,16.673
2018-11-04 17:00,16.7
2018-11-04 17:15,16.671
2018-11-04 17:30,16.642
2018-11-04 17:45,16.613
2018-11-04 18:00,16.584
2018-11-04 18:15,16.362
2018-11-04 18:30,16.138
2018-11-04 18:45,15.916
2018-11-04 19:00,15.692
2018-11-04 19:15,15.287
2018-11-04 19:30,14.881
2018-11-04 19:45,14.475
2018-11-04 20:00,14.069
2018-11-04 20:15,13.708
2018-11-04 20:30,13.346
2018-11-04 20:45,12.984
2018-11-04 21:00,12.623
2018-11-04 21:15,12.267
2018-11-04 21:30,11.912
2018-11-04 21:45,11.556
2018-11-04 22:00,11.2
2018-11-04 22:15,11.306
2018-11-04 22:30,11.412
2018-11-04 22:45,11.517
2018-11-04 23:00,11.623
2018-11-04 23:15,11.459
2018-11-04 23:30,11.296
2018-11-04 23:45,11.133
2018-11-05 00:00,10.969
2018-11-05 00:15,10.979
2018-11-05 00:30,10.988
2018-11-05 00:45,10.998
2018-11-05 01:00,11.008
2018-11-05 01:15,11.123
2018-11-05 01:30,11.238
2018-11-05 01:45,11.354
2018-11-05 02:00,11.469
2018-11-05 02:15,11.344
2018-11-05 02:30,11.219
2018-11-05 02:45,11.094
2018-11-05 03:00,10.969
2018-11-05 03:15,10.979
2018-11-05 03:30,10.988
2018-11-05 03:45,10.998
2018-11-05 04:00,11.008
2018-11-05 04:15,11.259
2018-11-05 04:30,11.512
2018-11-05 04:45,11.763
2018-11-05 05:00,12.016
2018-11-05 05:15,11.859
2018-11-05 05:30,11.704
2018-11-05 05:45,11.548
2018-11-05 06:00,11.392
2018-11-05 06:15,11.426
2018-11-05 06:30,11.461
2018-11-05 06:45,11.494
2018-11-05 07:00,11.528
2018-11-05 07:15,11.972
2018-11-05 07:30,12.414
2018-11-05 07:45,12.857
2018-11-05 08:00,13.3
2018-11-05 08:15,13.483
2018-11-05 08:30,13.666
2018-11-05 08:45,13.848
2018-11-05 09:00,14.031
2018-11-05 09:15,14.364
2018-11-05 09:30,14.698
2018-11-05 09:45,15.031
2018-11-05 10:00,15.364
2018-11-05 10:15,15.894
2018-11-05 10:30,16.424
2018-11-05 10:45,16.954
2018-11-05 11:00,17.484
2018-11-05 11:15,18.067
2018-11-05 11:30,18.65
2018-11-05 11:45,19.233
2018-11-05 12:00,19.816
2018-11-05 12:15,20.416
2018-11-05 12:30,21.016
2018-11-05 12:45,21.616
2018-11-05 13:00,22.216
2018-11-05 13:15,22.738
2018-11-05 13:30,23.262
2018-11-05 13:45,23.784
2018-11-05 14:00,24.308
2018-11-05 14:15,24.713
2018-11-05 14:30,25.119
2018-11-05 14:45,25.525
2018-11-05 15:00,25.931
2018-11-05 15:15,26.154
2018-11-05 15:30,26.377
2018-11-05 15:45,26.6
2018-11-05 16:00,26.823
2018-11-05 16:15,26.862
2018-11-05 16:30,26.9
2018-11-05 16:45,26.938
2018-11-05 17:00,26.977
2018-11-05 17:15,26.744
2018-11-05 17:30,26.512
2018-11-05 17:45,26.279
2018-11-05 18:00,26.046
2018-11-05 18:15,25.404
2018-11-05 18:30,24.762
2018-11-05 18:45,24.119
2018-11-05 19:00,23.477
2018-11-05 19:15,22.879
2018-11-05 19:30,22.281
2018-11-05 19:45,21.683
2018-11-05 20:00,21.084
2018-11-05 20:15,20.666
2018-11-05 20:30,20.246
2018-11-05 20:45,19.827
2018-11-05 21:00,19.408
2018-11-05 21:15,18.992
2018-11-05 21:30,18.577
2018-11-05 21:45,18.162
2018-11-05 22:00,17.746
2018-11-05 22:15,17.427
2018-11-05 22:30,17.108
2018-11-05 22:45,16.788
2018-11-05 23:00,16.469
2018-11-05 23:15,16.256
2018-11-05 23:30,16.042
2018-11-05 23:45,15.829
2018-11-06 00:00,15.616
2018-11-06 00:15,15.327
2018-11-06 00:30,15.038
2018-11-06 00:45,14.75
2018-11-06 01:00,14.462
2018-11-06 01:15,14.519
2018-11-06 01:30,14.577
2018-11-06 01:45,14.634
2018-11-06 02:00,14.692
2018-11-06 02:15,14.523
2018-11-06 02:30,14.354
2018-11-06 02:45,14.184
2018-11-06 03:00,14.016
2018-11-06 03:15,13.659
2018-11-06 03:30,13.304
2018-11-06 03:45,12.948
2018-11-06 04:00,12.592
2018-11-06 04:15,12.525
2018-11-06 04:30,12.458
2018-11-06 04:45,12.391
2018-11-06 05:00,12.323
2018-11-06 05:15,12.452
2018-11-06 05:30,12.581
2018-11-06 05:45,12.709
2018-11-06 06:00,12.838
2018-11-06 06:15,12.971
2018-11-06 06:30,13.104
2018-11-06 06:45,13.237
2018-11-06 07:00,13.369
2018-11-06 07:15,13.283
2018-11-06 07:30,13.196
2018-11-06 07:45,13.109
2018-11-06 08:00,13.023
2018-11-06 08:15,13.159
2018-11-06 08:30,13.296
2018-11-06 08:45,13.433
2018-11-06 09:00,13.569
2018-11-06 09:15,14.277
2018-11-06 09:30,14.984
2018-11-06 09:45,15.692
2018-11-06 10:00,16.4
2018-11-06 10:15,16.923
2018-11-06 10:30,17.446
2018-11-06 10:45,17.969
2018-11-06 11:00,18.492
2018-11-06 11:15,19.041
2018-11-06 11:30,19.589
2018-11-06 11:45,20.137
2018-11-06 12:00,20.686
2018-11-06 12:15,20.757
2018-11-06 12:30,20.827
2018-11-06 12:45,20.898
2018-11-06 13:00,20.969
2018-11-06 13:15,20.963
2018-11-06 13:30,20.956
2018-11-06 13:45,20.949
2018-11-06 14:00,20.943
2018-11-06 14:15,20.657
2018-11-06 14:30,20.372
2018-11-06 14:45,20.086
2018-11-06 15:00,19.8
2018-11-06 15:15,19.891
2018-11-06 15:30,19.981
2018-11-06 15:45,20.071
2018-11-06 16:00,20.162
2018-11-06 16:15,20.363
2018-11-06 16:30,20.566
2018-11-06 16:45,20.767
2018-11-06 17:00,20.969
2018-11-06 17:15,20.979
2018-11-06 17:30,20.988
2018-11-06 17:45,20.998
2018-11-06 18:00,21.008
2018-11-06 18:15,20.979
2018-11-06 18:30,20.95
2018-11-06 18:45,20.921
2018-11-06 19:00,20.892
2018-11-06 19:15,20.736
2018-11-06 19:30,20.579
2018-11-06 19:45,20.423
2018-11-06 20:00,20.267
2018-11-06 20:15,20.2
2018-11-06 20:30,20.133
2018-11-06 20:45,20.067
2018-11-06 21:00,20.0
2018-11-06 21:15,20.177
2018-11-06 21:30,20.354
2018-11-06 21:45,20.531
2018-11-06 22:00,20.708
2018-11-06 22:15,20.52
2018-11-06 22:30,20.332
2018-11-06 22:45,20.145
2018-11-06 23:00,19.957
2018-11-06 23:15,20.078
2018-11-06 23:30,20.2
2018-11-06 23:45,20.322
2018-11-07 00:00,20.443
2018-11-07 00:15,20.568
2018-11-07 00:30,20.693
2018-11-07 00:45,20.818
2018-11-07 01:00,20.943
2018-11-07 01:15,20.937
2018-11-07 01:30,20.932
2018-11-07 01:45,20.926
2018-11-07 02:00,20.92
2018-11-07 02:15,20.926
2018-11-07 02:30,20.932
2018-11-07 02:45,20.937
2018-11-07 03:00,20.943
2018-11-07 03:15,20.639
2018-11-07 03:30,20.335
2018-11-07 03:45,20.031
2018-11-07 04:00,19.727
2018-11-07 04:15,19.241
2018-11-07 04:30,18.756
2018-11-07 04:45,18.27
2018-11-07 05:00,17.784
2018-11-07 05:15,17.587
2018-11-07 05:30,17.389
2018-11-07 05:45,17.191
2018-11-07 06:00,16.993
2018-11-07 06:15,16.823
2018-11-07 06:30,16.654
2018-11-07 06:45,16.485
2018-11-07 07:00,16.316
2018-11-07 07:15,16.121
2018-11-07 07:30,15.927
2018-11-07 07:45,15.733
2018-11-07 08:00,15.538
2018-11-07 08:15,15.404
2018-11-07 08:30,15.269
2018-11-07 08:45,15.134
2018-11-07 09:00,15.0
2018-11-07 09:15,15.0
2018-11-07 09:30,15.0
2018-11-07 09:45,15.0
2018-11-07 10:00,15.0
2018-11-07 10:15,15.0
2018-11-07 10:30,15.0
2018-11-07 10:45,15.0
2018-11-07 11:00,15.0
2018-11-07 11:15,15.15
2018-11-07 11:30,15.3
2018-11-07 11:45,15.45
2018-11-07 12:00,15.6
2018-11-07 12:15,15.675
2018-11-07 12:30,15.75
2018-11-07 12:45,15.825
2018-11-07 13:00,15.9
2018-11-07 13:15,15.917
2018-11-07 13:30,15.934
2018-11-07 13:45,15.952
2018-11-07 14:00,15.969
2018-11-07 14:15,15.969
2018-11-07 14:30,15.969
2018-11-07 14:45,15.969
2018-11-07 15:00,15.969
2018-11-07 15:15,15.969
2018-11-07 15:30,15.969
2018-11-07 15:45,15.969
2018-11-07 16:00,15.969
2018-11-07 16:15,15.845
2018-11-07 16:30,15.721
2018-11-07 16:45,15.596
2018-11-07 17:00,15.472
2018-11-07 17:15,15.334
2018-11-07 17:30,15.197
2018-11-07 17:45,15.06
2018-11-07 18:00,14.923
2018-11-07 18:15,14.707
2018-11-07 18:30,14.49
2018-11-07 18:45,14.274
2018-11-07 19:00,14.057
2018-11-07 19:15,14.051
2018-11-07 19:30,14.044
2018-11-07 19:45,14.037
2018-11-07 20:00,14.031
2018-11-07 20:15,14.021
2018-11-07 20:30,14.012
2018-11-07 20:45,14.002
2018-11-07 21:00,13.992
2018-11-07 21:15,13.991
2018-11-07 21:30,13.989
2018-11-07 21:45,13.987
2018-11-07 22:00,13.986
2018-11-07 22:15,13.822
2018-11-07 22:30,13.658
2018-11-07 22:45,13.494
2018-11-07 23:00,13.331
2018-11-07 23:15,13.254
2018-11-07 23:30,13.177
2018-11-07 23:45,13.1
2018-11-08 00:00,13.023
2018-11-08 00:15,13.023
2018-11-08 00:30,13.023
2018-11-08 00:45,13.023
2018-11-08 01:00,13.023
2018-11-08 01:15,13.023
2018-11-08 01:30,13.023
2018-11-08 01:45,13.023
2018-11-08 02:00,13.023
2018-11-08 02:15,13.023
2018-11-08 02:30,13.023
2018-11-08 02:45,13.023
2018-11-08 03:00,13.023
2018-11-08 03:15,13.013
2018-11-08 03:30,13.004
2018-11-08 03:45,12.994
2018-11-08 04:00,12.984
2018-11-08 04:15,12.984
2018-11-08 04:30,12.984
2018-11-08 04:45,12.984
2018-11-08 05:00,12.984
2018-11-08 05:15,12.978
2018-11-08 05:30,12.972
2018-11-08 05:45,12.966
2018-11-08 06:00,12.96
2018-11-08 06:15,12.963
2018-11-08 06:30,12.966
2018-11-08 06:45,12.968
2018-11-08 07:00,12.972
2018-11-08 07:15,12.972
2018-11-08 07:30,12.972
2018-11-08 07:45,12.972
2018-11-08 08:00,12.972
2018-11-08 08:15,12.809
2018-11-08 08:30,12.647
2018-11-08 08:45,12.485
2018-11-08 09:00,12.323
2018-11-08 09:15,12.323
2018-11-08 09:30,12.323
2018-11-08 09:45,12.323
2018-11-08 10:00,12.323
2018-11-08 10:15,12.323
2018-11-08 10:30,12.323
2018-11-08 10:45,12.323
2018-11-08 11:00,12.323
2018-11-08 11:15,12.488
2018-11-08 11:30,12.654
2018-11-08 11:45,12.819
2018-11-08 12:00,12.984
2018-11-08 12:15,12.994
2018-11-08 12:30,13.004
2018-11-08 12:45,13.013
2018-11-08 13:00,13.023
2018-11-08 13:15,13.023
2018-11-08 13:30,13.023
2018-11-08 13:45,13.023
2018-11-08 14:00,13.023
2018-11-08 14:15,13.023
2018-11-08 14:30,13.023
2018-11-08 14:45,13.023
2018-11-08 15:00,13.023
2018-11-08 15:15,13.023
2018-11-08 15:30,13.023
2018-11-08 15:45,13.023
2018-11-08 16:00,13.023
2018-11-08 16:15,13.013
2018-11-08 16:30,13.004
2018-11-08 16:45,12.994
2018-11-08 17:00,12.984
2018-11-08 17:15,12.916
2018-11-08 17:30,12.846
2018-11-08 17:45,12.777
2018-11-08 18:00,12.708
2018-11-08 18:15,12.534
2018-11-08 18:30,12.362
2018-11-08 18:45,12.188
2018-11-08 19:00,12.016
2018-11-08 19:15,12.006
2018-11-08 19:30,11.996
2018-11-08 19:45,11.987
2018-11-08 20:00,11.977
2018-11-08 20:15,11.908
2018-11-08 20:30,11.838
2018-11-08 20:45,11.769
2018-11-08 21:00,11.7
2018-11-08 21:15,11.513
2018-11-08 21:30,11.327
2018-11-08 21:45,11.14
2018-11-08 22:00,10.953
2018-11-08 22:15,10.922
2018-11-08 22:30,10.891
2018-11-08 22:45,10.86
2018-11-08 23:00,10.828
2018-11-08 23:15,10.775
2018-11-08 23:30,10.722
2018-11-08 23:45,10.668
2018-11-09 00:00,10.614
2018-11-09 00:15,10.314
2018-11-09 00:30,10.015
2018-11-09 00:45,9.715
2018-11-09 01:00,9.416
2018-11-09 01:15,9.309
2018-11-09 01:30,9.204
2018-11-09 01:45,9.098
2018-11-09 02:00,8.992
2018-11-09 02:15,8.884
2018-11-09 02:30,8.777
2018-11-09 02:45,8.669
2018-11-09 03:00,8.562
2018-11-09 03:15,8.432
2018-11-09 03:30,8.302
2018-11-09 03:45,8.173
2018-11-09 04:00,8.043
2018-11-09 04:15,8.028
2018-11-09 04:30,8.014
2018-11-09 04:45,7.999
2018-11-09 05:00,7.984
2018-11-09 05:15,7.896
2018-11-09 05:30,7.808
2018-11-09 05:45,7.719
2018-11-09 06:00,7.631
2018-11-09 06:15,7.467
2018-11-09 06:30,7.304
2018-11-09 06:45,7.141
2018-11-09 07:00,6.977
2018-11-09 07:15,6.977
2018-11-09 07:30,6.977
2018-11-09 07:45,6.977
2018-11-09 08:00,6.977
2018-11-09 08:15,6.977
2018-11-09 08:30,6.977
2018-11-09 08:45,6.977
2018-11-09 09:00,6.977
2018-11-09 09:15,6.987
2018-11-09 09:30,6.996
2018-11-09 09:45,7.006
2018-11-09 10:00,7.016
2018-11-09 10:15,7.191
2018-11-09 10:30,7.366
2018-11-09 10:45,7.541
2018-11-09 11:00,7.716
2018-11-09 11:15,8.063
2018-11-09 11:30,8.412
2018-11-09 11:45,8.759
2018-11-09 12:00,9.108
2018-11-09 12:15,9.288
2018-11-09 12:30,9.468
2018-11-09 12:45,9.648
2018-11-09 13:00,9.828
2018-11-09 13:15,10.123
2018-11-09 13:30,10.418
2018-11-09 13:45,10.713
2018-11-09 14:00,11.008
2018-11-09 14:15,11.259
2018-11-09 14:30,11.512
2018-11-09 14:45,11.763
2018-11-09 15:00,12.016
2018-11-09 15:15,12.016
2018-11-09 15:30,12.016
2018-11-09 15:45,12.016
2018-11-09 16:00,12.016
2018-11-09 16:15,12.006
2018-11-09 16:30,11.996
2018-11-09 16:45,11.987
2018-11-09 17:00,11.977
2018-11-09 17:15,11.946
2018-11-09 17:30,11.916
2018-11-09 17:45,11.884
2018-11-09 18:00,11.854
2018-11-09 18:15,11.437
2018-11-09 18:30,11.019
2018-11-09 18:45,10.602
2018-11-09 19:00,10.184
2018-11-09 19:15,9.692
2018-11-09 19:30,9.2
2018-11-09 19:45,8.708
2018-11-09 20:00,8.216
2018-11-09 20:15,7.925
2018-11-09 20:30,7.634
2018-11-09 20:45,7.344
2018-11-09 21:00,7.054
2018-11-09 21:15,6.9
2018-11-09 21:30,6.746
2018-11-09 21:45,6.592
2018-11-09 22:00,6.438
2018-11-09 22:15,6.602
2018-11-09 22:30,6.766
2018-11-09 22:45,6.929
2018-11-09 23:00,7.092
2018-11-09 23:15,7.004
2018-11-09 23:30,6.916
2018-11-09 23:45,6.827
2018-11-10 00:00,6.738
2018-11-10 00:15,6.002
2018-11-10 00:30,5.266
2018-11-10 00:45,4.529
2018-11-10 01:00,3.792
2018-11-10 01:15,3.727
2018-11-10 01:30,3.662
2018-11-10 01:45,3.596
2018-11-10 02:00,3.531
2018-11-10 02:15,3.637
2018-11-10 02:30,3.742
2018-11-10 02:45,3.848
2018-11-10 03:00,3.954
2018-11-10 03:15,3.856
2018-11-10 03:30,3.758
2018-11-10 03:45,3.659
2018-11-10 04:00,3.562
2018-11-10 04:15,3.417
2018-11-10 04:30,3.273
2018-11-10 04:45,3.129
2018-11-10 05:00,2.984
2018-11-10 05:15,2.877
2018-11-10 05:30,2.769
2018-11-10 05:45,2.662
2018-11-10 06:00,2.554
2018-11-10 06:15,2.438
2018-11-10 06:30,2.323
2018-11-10 06:45,2.208
2018-11-10 07:00,2.092
2018-11-10 07:15,1.975
2018-11-10 07:30,1.858
2018-11-10 07:45,1.741
2018-11-10 08:00,1.623
2018-11-10 08:15,1.606
2018-11-10 08:30,1.588
2018-11-10 08:45,1.571
2018-11-10 09:00,1.554
2018-11-10 09:15,1.844
2018-11-10 09:30,2.134
2018-11-10 09:45,2.425
2018-11-10 10:00,2.716
2018-11-10 10:15,3.006
2018-11-10 10:30,3.296
2018-11-10 10:45,3.587
2018-11-10 11:00,3.877
2018-11-10 11:15,4.391
2018-11-10 11:30,4.904
2018-11-10 11:45,5.417
2018-11-10 12:00,5.931
2018-11-10 12:15,6.319
2018-11-10 12:30,6.708
2018-11-10 12:45,7.096
2018-11-10 13:00,7.484
2018-11-10 13:15,7.698
2018-11-10 13:30,7.912
2018-11-10 13:45,8.125
2018-11-10 14:00,8.338
2018-11-10 14:15,8.531
2018-11-10 14:30,8.723
2018-11-10 14:45,8.916
2018-11-10 15:00,9.108
2018-11-10 15:15,9.438
2018-11-10 15:30,9.769
2018-11-10 15:45,10.1
2018-11-10 16:00,10.431
2018-11-10 16:15,10.566
2018-11-10 16:30,10.7
2018-11-10 16:45,10.834
2018-11-10 17:00,10.969
2018-11-10 17:15,10.9
2018-11-10 17:30,10.831
2018-11-10 17:45,10.762
2018-11-10 18:00,10.692
2018-11-10 18:15,10.179
2018-11-10 18:30,9.666
2018-11-10 18:45,9.152
2018-11-10 19:00,8.638
2018-11-10 19:15,8.321
2018-11-10 19:30,8.004
2018-11-10 19:45,7.687
2018-11-10 20:00,7.369
2018-11-10 20:15,7.466
2018-11-10 20:30,7.562
2018-11-10 20:45,7.658
2018-11-10 21:00,7.754
2018-11-10 21:15,7.637
2018-11-10 21:30,7.519
2018-11-10 21:45,7.402
2018-11-10 22:00,7.284
2018-11-10 22:15,7.208
2018-11-10 22:30,7.131
2018-11-10 22:45,7.054
2018-11-10 23:00,6.977
2018-11-10 23:15,6.938
2018-11-10 23:30,6.9
2018-11-10 23:45,6.862
2018-11-11 00:00,6.823
2018-11-11 00:15,6.871
2018-11-11 00:30,6.919
2018-11-11 00:45,6.967
2018-11-11 01:00,7.016
2018-11-11 01:15,6.996
2018-11-11 01:30,6.977
2018-11-11 01:45,6.958
2018-11-11 02:00,6.938
2018-11-11 02:15,6.958
2018-11-11 02:30,6.977
2018-11-11 02:45,6.996
2018-11-11 03:00,7.016
2018-11-11 03:15,7.016
2018-11-11 03:30,7.016
2018-11-11 03:45,7.016
2018-11-11 04:00,7.016
2018-11-11 04:15,7.006
2018-11-11 04:30,6.996
2018-11-11 04:45,6.987
2018-11-11 05:00,6.977
2018-11-11 05:15,6.987
2018-11-11 05:30,6.996
2018-11-11 05:45,7.006
2018-11-11 06:00,7.016
2018-11-11 06:15,7.016
2018-11-11 06:30,7.016
2018-11-11 06:45,7.016
2018-11-11 07:00,7.016
2018-11-11 07:15,7.016
2018-11-11 07:30,7.016
2018-11-11 07:45,7.016
2018-11-11 08:00,7.016
2018-11-11 08:15,7.016
2018-11-11 08:30,7.016
2018-11-11 08:45,7.016
2018-11-11 09:00,7.016
2018-11-11 09:15,7.142
2018-11-11 09:30,7.269
2018-11-11 09:45,7.396
2018-11-11 10:00,7.523
2018-11-11 10:15,7.648
2018-11-11 10:30,7.773
2018-11-11 10:45,7.898
2018-11-11 11:00,8.023
2018-11-11 11:15,8.023
2018-11-11 11:30,8.023
2018-11-11 11:45,8.023
2018-11-11 12:00,8.023
2018-11-11 12:15,8.119
2018-11-11 12:30,8.216
2018-11-11 12:45,8.312
2018-11-11 13:00,8.408
2018-11-11 13:15,8.544
2018-11-11 13:30,8.681
2018-11-11 13:45,8.817
2018-11-11 14:00,8.954
2018-11-11 14:15,9.196
2018-11-11 14:30,9.438
2018-11-11 14:45,9.681
2018-11-11 15:00,9.923
2018-11-11 15:15,10.012
2018-11-11 15:30,10.1
2018-11-11 15:45,10.188
2018-11-11 16:00,10.277
2018-11-11 16:15,10.45
2018-11-11 16:30,10.623
2018-11-11 16:45,10.796
2018-11-11 17:00,10.969
2018-11-11 17:15,10.969
2018-11-11 17:30,10.969
2018-11-11 17:45,10.969
2018-11-11 18:00,10.969
2018-11-11 18:15,10.804
2018-11-11 18:30,10.638
2018-11-11 18:45,10.473
2018-11-11 19:00,10.308
2018-11-11 19:15,10.231
2018-11-11 19:30,10.154
2018-11-11 19:45,10.077
2018-11-11 20:00,10.0
2018-11-11 20:15,10.0
2018-11-11 20:30,10.0
2018-11-11 20:45,10.0
2018-11-11 21:00,10.0
2018-11-11 21:15,9.816
2018-11-11 21:30,9.631
2018-11-11 21:45,9.446
2018-11-11 22:00,9.262
2018-11-11 22:15,8.992
2018-11-11 22:30,8.722
2018-11-11 22:45,8.451
2018-11-11 23:00,8.181
2018-11-11 23:15,8.147
2018-11-11 23:30,8.112
2018-11-11 23:45,8.077
2018-11-12 00:00,8.043
2018-11-12 00:15,8.047
2018-11-12 00:30,8.052
2018-11-12 00:45,8.056
2018-11-12 01:00,8.06
2018-11-12 01:15,8.035
2018-11-12 01:30,8.01
2018-11-12 01:45,7.985
2018-11-12 02:00,7.96
2018-11-12 02:15,7.963
2018-11-12 02:30,7.966
2018-11-12 02:45,7.968
2018-11-12 03:00,7.972
2018-11-12 03:15,7.809
2018-11-12 03:30,7.647
2018-11-12 03:45,7.485
2018-11-12 04:00,7.323
2018-11-12 04:15,7.249
2018-11-12 04:30,7.176
2018-11-12 04:45,7.102
2018-11-12 05:00,7.028
2018-11-12 05:15,7.019
2018-11-12 05:30,7.011
2018-11-12 05:45,7.002
2018-11-12 06:00,6.993
2018-11-12 06:15,6.785
2018-11-12 06:30,6.577
2018-11-12 06:45,6.369
2018-11-12 07:00,6.162
2018-11-12 07:15,6.123
2018-11-12 07:30,6.084
2018-11-12 07:45,6.046
2018-11-12 08:00,6.008
2018-11-12 08:15,6.008
2018-11-12 08:30,6.008
2018-11-12 08:45,6.008
2018-11-12 09:00,6.008
2018-11-12 09:15,6.008
2018-11-12 09:30,6.008
2018-11-12 09:45,6.008
2018-11-12 10:00,6.008
2018-11-12 10:15,5.998
2018-11-12 10:30,5.988
2018-11-12 10:45,5.979
2018-11-12 11:00,5.969
2018-11-12 11:15,5.746
2018-11-12 11:30,5.523
2018-11-12 11:45,5.3
2018-11-12 12:00,5.077
2018-11-12 12:15,4.912
2018-11-12 12:30,4.746
2018-11-12 12:45,4.581
2018-11-12 13:00,4.416
2018-11-12 13:15,4.484
2018-11-12 13:30,4.554
2018-11-12 13:45,4.623
2018-11-12 14:00,4.692
2018-11-12 14:15,4.604
2018-11-12 14:30,4.516
2018-11-12 14:45,4.427
2018-11-12 15:00,4.338
2018-11-12 15:15,4.113
2018-11-12 15:30,3.887
2018-11-12 15:45,3.662
2018-11-12 16:00,3.436
2018-11-12 16:15,3.323
2018-11-12 16:30,3.21
2018-11-12 16:45,3.097
2018-11-12 17:00,2.984
2018-11-12 17:15,2.742
2018-11-12 17:30,2.5
2018-11-12 17:45,2.258
2018-11-12 18:00,2.016
2018-11-12 18:15,2.006
2018-11-12 18:30,1.996
2018-11-12 18:45,1.987
2018-11-12 19:00,1.977
2018-11-12 19:15,1.802
2018-11-12 19:30,1.627
2018-11-12 19:45,1.452
2018-11-12 20:00,1.277
2018-11-12 20:15,1.2
2018-11-12 20:30,1.123
2018-11-12 20:45,1.046
2018-11-12 21:00,0.969
2018-11-12 21:15,0.969
2018-11-12 21:30,0.969
2018-11-12 21:45,0.969
2018-11-12 22:00,0.969
2018-11-12 22:15,0.842
2018-11-12 22:30,0.716
2018-11-12 22:45,0.588
2018-11-12 23:00,0.462
2018-11-12 23:15,0.346
2018-11-12 23:30,0.231
2018-11-12 23:45,0.116
2018-11-13 00:00,0.0
2018-11-13 00:15,0.0
2018-11-13 00:30,0.0
2018-11-13 00:45,0.0
2018-11-13 01:00,0.0
2018-11-13 01:15,-0.108
2018-11-13 01:30,-0.216
2018-11-13 01:45,-0.323
2018-11-13 02:00,-0.431
2018-11-13 02:15,-0.566
2018-11-13 02:30,-0.7
2018-11-13 02:45,-0.834
2018-11-13 03:00,-0.969
2018-11-13 03:15,-0.979
2018-11-13 03:30,-0.988
2018-11-13 03:45,-0.998
2018-11-13 04:00,-1.008
2018-11-13 04:15,-1.008
2018-11-13 04:30,-1.008
2018-11-13 04:45,-1.008
2018-11-13 05:00,-1.008
2018-11-13 05:15,-1.008
2018-11-13 05:30,-1.008
2018-11-13 05:45,-1.008
2018-11-13 06:00,-1.008
2018-11-13 06:15,-1.058
2018-11-13 06:30,-1.108
2018-11-13 06:45,-1.158
2018-11-13 07:00,-1.208
2018-11-13 07:15,-1.4
2018-11-13 07:30,-1.592
2018-11-13 07:45,-1.784
2018-11-13 08:00,-1.977
2018-11-13 08:15,-1.977
2018-11-13 08:30,-1.977
2018-11-13 08:45,-1.977
2018-11-13 09:00,-1.977
2018-11-13 09:15,-1.977
2018-11-13 09:30,-1.977
2018-11-13 09:45,-1.977
2018-11-13 10:00,-1.977
2018-11-13 10:15,-1.977
2018-11-13 10:30,-1.977
2018-11-13 10:45,-1.977
2018-11-13 11:00,-1.977
2018-11-13 11:15,-1.821
2018-11-13 11:30,-1.666
2018-11-13 11:45,-1.509
2018-11-13 12:00,-1.354
2018-11-13 12:15,-1.058
2018-11-13 12:30,-0.763
2018-11-13 12:45,-0.467
2018-11-13 13:00,-0.172
2018-11-13 13:15,0.173
2018-11-13 13:30,0.518
2018-11-13 13:45,0.863
2018-11-13 14:00,1.208
2018-11-13 14:15,1.566
2018-11-13 14:30,1.923
2018-11-13 14:45,2.281
2018-11-13 15:00,2.638
2018-11-13 15:15,2.929
2018-11-13 15:30,3.219
2018-11-13 15:45,3.509
2018-11-13 16:00,3.8
2018-11-13 16:15,3.858
2018-11-13 16:30,3.916
2018-11-13 16:45,3.973
2018-11-13 17:00,4.031
2018-11-13 17:15,3.991
2018-11-13 17:30,3.95
2018-11-13 17:45,3.909
2018-11-13 18:00,3.869
2018-11-13 18:15,3.675
2018-11-13 18:30,3.481
2018-11-13 18:45,3.287
2018-11-13 19:00,3.092
2018-11-13 19:15,2.687
2018-11-13 19:30,2.281
2018-11-13 19:45,1.875
2018-11-13 20:00,1.469
2018-11-13 20:15,1.344
2018-11-13 20:30,1.219
2018-11-13 20:45,1.094
2018-11-13 21:00,0.969
2018-11-13 21:15,0.784
2018-11-13 21:30,0.6
2018-11-13 21:45,0.416
2018-11-13 22:00,0.231
2018-11-13 22:15,-0.002
2018-11-13 22:30,-0.234
2018-11-13 22:45,-0.467
2018-11-13 23:00,-0.7
2018-11-13 23:15,-0.923
2018-11-13 23:30,-1.146
2018-11-13 23:45,-1.369
2018-11-14 00:00,-1.592
2018-11-14 00:15,-1.688
2018-11-14 00:30,-1.784
2018-11-14 00:45,-1.881
2018-11-14 01:00,-1.977
2018-11-14 01:15,-2.084
2018-11-14 01:30,-2.192
2018-11-14 01:45,-2.3
2018-11-14 02:00,-2.408
2018-11-14 02:15,-2.775
2018-11-14 02:30,-3.142
2018-11-14 02:45,-3.509
2018-11-14 03:00,-3.877
2018-11-14 03:15,-3.906
2018-11-14 03:30,-3.934
2018-11-14 03:45,-3.963
2018-11-14 04:00,-3.992
2018-11-14 04:15,-4.033
2018-11-14 04:30,-4.073
2018-11-14 04:45,-4.113
2018-11-14 05:00,-4.154
2018-11-14 05:15,-4.316
2018-11-14 05:30,-4.477
2018-11-14 05:45,-4.638
2018-11-14 06:00,-4.8
2018-11-14 06:15,-4.85
2018-11-14 06:30,-4.9
2018-11-14 06:45,-4.95
2018-11-14 07:00,-5.0
2018-11-14 07:15,-4.923
2018-11-14 07:30,-4.846
2018-11-14 07:45,-4.769
2018-11-14 08:00,-4.692
2018-11-14 08:15,-4.583
2018-11-14 08:30,-4.473
2018-11-14 08:45,-4.363
2018-11-14 09:00,-4.254
2018-11-14 09:15,-3.673
2018-11-14 09:30,-3.092
2018-11-14 09:45,-2.512
2018-11-14 10:00,-1.931
2018-11-14 10:15,-1.437
2018-11-14 10:30,-0.942
2018-11-14 10:45,-0.448
2018-11-14 11:00,0.046
2018-11-14 11:15,0.559
2018-11-14 11:30,1.073
2018-11-14 11:45,1.587
2018-11-14 12:00,2.1
2018-11-14 12:15,2.556
2018-11-14 12:30,3.012
2018-11-14 12:45,3.467
2018-11-14 13:00,3.923
2018-11-14 13:15,4.417
2018-11-14 13:30,4.912
2018-11-14 13:45,5.406
2018-11-14 14:00,5.9
2018-11-14 14:15,6.141
2018-11-14 14:30,6.381
2018-11-14 14:45,6.621
2018-11-14 15:00,6.862
2018-11-14 15:15,7.152
2018-11-14 15:30,7.442
2018-11-14 15:45,7.733
2018-11-14 16:00,8.023
2018-11-14 16:15,8.1
2018-11-14 16:30,8.177
2018-11-14 16:45,8.254
2018-11-14 17:00,8.331
2018-11-14 17:15,8.292
2018-11-14 17:30,8.254
2018-11-14 17:45,8.216
2018-11-14 18:00,8.177
2018-11-14 18:15,7.934
2018-11-14 18:30,7.692
2018-11-14 18:45,7.45
2018-11-14 19:00,7.208
2018-11-14 19:15,7.023
2018-11-14 19:30,6.838
2018-11-14 19:45,6.654
2018-11-14 20:00,6.469
2018-11-14 20:15,6.344
2018-11-14 20:30,6.219
2018-11-14 20:45,6.094
2018-11-14 21:00,5.969
2018-11-14 21:15,5.746
2018-11-14 21:30,5.523
2018-11-14 21:45,5.3
2018-11-14 22:00,5.077
2018-11-14 22:15,4.446
2018-11-14 22:30,3.816
2018-11-14 22:45,3.184
2018-11-14 23:00,2.554
2018-11-14 23:15,2.4
2018-11-14 23:30,2.246
2018-11-14 23:45,2.092
2018-11-15 00:00,1.938
2018-11-15 00:15,1.958
2018-11-15 00:30,1.977
2018-11-15 00:45,1.996
2018-11-15 01:00,2.016
2018-11-15 01:15,2.006
2018-11-15 01:30,1.996
2018-11-15 01:45,1.987
2018-11-15 02:00,1.977
2018-11-15 02:15,1.763
2018-11-15 02:30,1.55
2018-11-15 02:45,1.337
2018-11-15 03:00,1.123
2018-11-15 03:15,1.073
2018-11-15 03:30,1.023
2018-11-15 03:45,0.973
2018-11-15 04:00,0.923
2018-11-15 04:15,0.934
2018-11-15 04:30,0.946
2018-11-15 04:45,0.958
2018-11-15 05:00,0.969
2018-11-15 05:15,0.969
2018-11-15 05:30,0.969
2018-11-15 05:45,0.969
2018-11-15 06:00,0.969
2018-11-15 06:15,0.95
2018-11-15 06:30,0.931
2018-11-15 06:45,0.912
2018-11-15 07:00,0.892
2018-11-15 07:15,0.708
2018-11-15 07:30,0.523
2018-11-15 07:45,0.338
2018-11-15 08:00,0.154
2018-11-15 08:15,-0.058
2018-11-15 08:30,-0.269
2018-11-15 08:45,-0.481
2018-11-15 09:00,-0.692
2018-11-15 09:15,0.142
2018-11-15 09:30,0.977
2018-11-15 09:45,1.812
2018-11-15 10:00,2.646
2018-11-15 10:15,3.702
2018-11-15 10:30,4.758
2018-11-15 10:45,5.813
2018-11-15 11:00,6.869
2018-11-15 11:15,7.75
2018-11-15 11:30,8.631
2018-11-15 11:45,9.512
2018-11-15 12:00,10.392
2018-11-15 12:15,11.344
2018-11-15 12:30,12.296
2018-11-15 12:45,13.248
2018-11-15 13:00,14.2
2018-11-15 13:15,14.858
2018-11-15 13:30,15.516
2018-11-15 13:45,16.173
2018-11-15 14:00,16.831
2018-11-15 14:15,17.119
2018-11-15 14:30,17.408
2018-11-15 14:45,17.696
2018-11-15 15:00,17.984
2018-11-15 15:15,18.102
2018-11-15 15:30,18.219
2018-11-15 15:45,18.337
2018-11-15 16:00,18.454
2018-11-15 16:15,18.473
2018-11-15 16:30,18.492
2018-11-15 16:45,18.512
2018-11-15 17:00,18.531
2018-11-15 17:15,18.421
2018-11-15 17:30,18.312
2018-11-15 17:45,18.202
2018-11-15 18:00,18.092
2018-11-15 18:15,17.151
2018-11-15 18:30,16.209
2018-11-15 18:45,15.267
2018-11-15 19:00,14.325
2018-11-15 19:15,13.803
2018-11-15 19:30,13.282
2018-11-15 19:45,12.76
2018-11-15 20:00,12.238
2018-11-15 20:15,11.988
2018-11-15 20:30,11.738
2018-11-15 20:45,11.488
2018-11-15 21:00,11.238
2018-11-15 21:15,11.121
2018-11-15 21:30,11.004
2018-11-15 21:45,10.887
2018-11-15 22:00,10.769
2018-11-15 22:15,10.733
2018-11-15 22:30,10.696
2018-11-15 22:45,10.659
2018-11-15 23:00,10.623
2018-11-15 23:15,10.513
2018-11-15 23:30,10.404
2018-11-15 23:45,10.294
2018-11-16 00:00,10.184
2018-11-16 00:15,9.779
2018-11-16 00:30,9.373
2018-11-16 00:45,8.967
2018-11-16 01:00,8.562
2018-11-16 01:15,8.581
2018-11-16 01:30,8.6
2018-11-16 01:45,8.619
2018-11-16 02:00,8.638
2018-11-16 02:15,8.288
2018-11-16 02:30,7.938
2018-11-16 02:45,7.588
2018-11-16 03:00,7.238
2018-11-16 03:15,7.173
2018-11-16 03:30,7.108
2018-11-16 03:45,7.042
2018-11-16 04:00,6.977
2018-11-16 04:15,6.958
2018-11-16 04:30,6.938
2018-11-16 04:45,6.919
2018-11-16 05:00,6.9
2018-11-16 05:15,6.713
2018-11-16 05:30,6.527
2018-11-16 05:45,6.341
2018-11-16 06:00,6.154
2018-11-16 06:15,5.613
2018-11-16 06:30,5.073
2018-11-16 06:45,4.533
2018-11-16 07:00,3.992
2018-11-16 07:15,4.217
2018-11-16 07:30,4.442
2018-11-16 07:45,4.667
2018-11-16 08:00,4.892
2018-11-16 08:15,5.183
2018-11-16 08:30,5.473
2018-11-16 08:45,5.763
2018-11-16 09:00,6.054
2018-11-16 09:15,6.85
2018-11-16 09:30,7.646
2018-11-16 09:45,8.442
2018-11-16 10:00,9.238
2018-11-16 10:15,10.421
2018-11-16 10:30,11.604
2018-11-16 10:45,12.787
2018-11-16 11:00,13.969
2018-11-16 11:15,14.791
2018-11-16 11:30,15.612
2018-11-16 11:45,16.433
2018-11-16 12:00,17.254
2018-11-16 12:15,17.737
2018-11-16 12:30,18.219
2018-11-16 12:45,18.702
2018-11-16 13:00,19.184
2018-11-16 13:15,19.563
2018-11-16 13:30,19.942
2018-11-16 13:45,20.321
2018-11-16 14:00,20.7
2018-11-16 14:15,21.009
2018-11-16 14:30,21.319
2018-11-16 14:45,21.629
2018-11-16 15:00,21.938
2018-11-16 15:15,21.948
2018-11-16 15:30,21.958
2018-11-16 15:45,21.967
2018-11-16 16:00,21.977
2018-11-16 16:15,21.977
2018-11-16 16:30,21.977
2018-11-16 16:45,21.977
2018-11-16 17:00,21.977
2018-11-16 17:15,21.606
2018-11-16 17:30,21.234
2018-11-16 17:45,20.863
2018-11-16 18:00,20.492
2018-11-16 18:15,19.679
2018-11-16 18:30,18.866
2018-11-16 18:45,18.052
2018-11-16 19:00,17.238
2018-11-16 19:15,16.475
2018-11-16 19:30,15.712
2018-11-16 19:45,14.948
2018-11-16 20:00,14.184
2018-11-16 20:15,14.137
2018-11-16 20:30,14.088
2018-11-16 20:45,14.041
2018-11-16 21:00,13.992
2018-11-16 21:15,13.827
2018-11-16 21:30,13.662
2018-11-16 21:45,13.496
2018-11-16 22:00,13.331
2018-11-16 22:15,13.187
2018-11-16 22:30,13.042
2018-11-16 22:45,12.898
2018-11-16 23:00,12.754
2018-11-16 23:15,12.762
2018-11-16 23:30,12.769
2018-11-16 23:45,12.777
2018-11-17 00:00,12.784
2018-11-17 00:15,12.544
2018-11-17 00:30,12.304
2018-11-17 00:45,12.063
2018-11-17 01:00,11.823
2018-11-17 01:15,11.766
2018-11-17 01:30,11.708
2018-11-17 01:45,11.65
2018-11-17 02:00,11.592
2018-11-17 02:15,11.241
2018-11-17 02:30,10.888
2018-11-17 02:45,10.537
2018-11-17 03:00,10.184
2018-11-17 03:15,9.896
2018-11-17 03:30,9.608
2018-11-17 03:45,9.319
2018-11-17 04:00,9.031
2018-11-17 04:15,8.856
2018-11-17 04:30,8.681
2018-11-17 04:45,8.506
2018-11-17 05:00,8.331
2018-11-17 05:15,8.148
2018-11-17 05:30,7.966
2018-11-17 05:45,7.783
2018-11-17 06:00,7.6
2018-11-17 06:15,7.531
2018-11-17 06:30,7.462
2018-11-17 06:45,7.392
2018-11-17 07:00,7.323
2018-11-17 07:15,7.121
2018-11-17 07:30,6.919
2018-11-17 07:45,6.717
2018-11-17 08:00,6.516
2018-11-17 08:15,6.621
2018-11-17 08:30,6.727
2018-11-17 08:45,6.833
2018-11-17 09:00,6.938
2018-11-17 09:15,7.512
2018-11-17 09:30,8.084
2018-11-17 09:45,8.658
2018-11-17 10:00,9.231
2018-11-17 10:15,10.181
2018-11-17 10:30,11.131
2018-11-17 10:45,12.081
2018-11-17 11:00,13.031
2018-11-17 11:15,13.892
2018-11-17 11:30,14.754
2018-11-17 11:45,15.616
2018-11-17 12:00,16.477
2018-11-17 12:15,16.933
2018-11-17 12:30,17.388
2018-11-17 12:45,17.844
2018-11-17 13:00,18.3
2018-11-17 13:15,18.571
2018-11-17 13:30,18.842
2018-11-17 13:45,19.113
2018-11-17 14:00,19.384
2018-11-17 14:15,19.723
2018-11-17 14:30,20.062
2018-11-17 14:45,20.4
2018-11-17 15:00,20.738
2018-11-17 15:15,20.746
2018-11-17 15:30,20.754
2018-11-17 15:45,20.762
2018-11-17 16:00,20.769
2018-11-17 16:15,20.781
2018-11-17 16:30,20.792
2018-11-17 16:45,20.804
2018-11-17 17:00,20.816
2018-11-17 17:15,20.348
2018-11-17 17:30,19.881
2018-11-17 17:45,19.413
2018-11-17 18:00,18.946
2018-11-17 18:15,18.55
2018-11-17 18:30,18.154
2018-11-17 18:45,17.758
2018-11-17 19:00,17.362
2018-11-17 19:15,17.158
2018-11-17 19:30,16.954
2018-11-17 19:45,16.75
2018-11-17 20:00,16.546
2018-11-17 20:15,16.402
2018-11-17 20:30,16.258
2018-11-17 20:45,16.113
2018-11-17 21:00,15.969
2018-11-17 21:15,15.979
2018-11-17 21:30,15.988
2018-11-17 21:45,15.998
2018-11-17 22:00,16.008
2018-11-17 22:15,15.979
2018-11-17 22:30,15.95
2018-11-17 22:45,15.921
2018-11-17 23:00,15.892
2018-11-17 23:15,15.763
2018-11-17 23:30,15.634
2018-11-17 23:45,15.506
2018-11-18 00:00,15.377
2018-11-18 00:15,14.133
2018-11-18 00:30,12.888
2018-11-18 00:45,11.644
2018-11-18 01:00,10.4
2018-11-18 01:15,9.621
2018-11-18 01:30,8.842
2018-11-18 01:45,8.063
2018-11-18 02:00,7.284
2018-11-18 02:15,7.023
2018-11-18 02:30,6.762
2018-11-18 02:45,6.5
2018-11-18 03:00,6.238
2018-11-18 03:15,6.183
2018-11-18 03:30,6.128
2018-11-18 03:45,6.072
2018-11-18 04:00,6.017
2018-11-18 04:15,5.916
2018-11-18 04:30,5.816
2018-11-18 04:45,5.716
2018-11-18 05:00,5.616
2018-11-18 05:15,5.326
2018-11-18 05:30,5.036
2018-11-18 05:45,4.747
2018-11-18 06:00,4.457
2018-11-18 06:15,4.351
2018-11-18 06:30,4.244
2018-11-18 06:45,4.137
2018-11-18 07:00,4.031
2018-11-18 07:15,4.021
2018-11-18 07:30,4.011
2018-11-18 07:45,4.002
2018-11-18 08:00,3.992
2018-11-18 08:15,3.875
2018-11-18 08:30,3.758
2018-11-18 08:45,3.642
2018-11-18 09:00,3.525
2018-11-18 09:15,3.421
2018-11-18 09:30,3.317
2018-11-18 09:45,3.213
2018-11-18 10:00,3.108
2018-11-18 10:15,3.246
2018-11-18 10:30,3.383
2018-11-18 10:45,3.521
2018-11-18 11:00,3.658
2018-11-18 11:15,3.751
2018-11-18 11:30,3.843
2018-11-18 11:45,3.935
2018-11-18 12:00,4.027
2018-11-18 12:15,4.029
2018-11-18 12:30,4.031
2018-11-18 12:45,4.032
2018-11-18 13:00,4.033
2018-11-18 13:15,4.052
2018-11-18 13:30,4.071
2018-11-18 13:45,4.089
2018-11-18 14:00,4.108
2018-11-18 14:15,4.185
2018-11-18 14:30,4.262
2018-11-18 14:45,4.339
2018-11-18 15:00,4.417
2018-11-18 15:15,4.436
2018-11-18 15:30,4.454
2018-11-18 15:45,4.473
2018-11-18 16:00,4.492
2018-11-18 16:15,4.367
2018-11-18 16:30,4.241
2018-11-18 16:45,4.116
2018-11-18 17:00,3.99
2018-11-18 17:15,3.99
2018-11-18 17:30,3.991
2018-11-18 17:45,3.991
2018-11-18 18:00,3.991
2018-11-18 18:15,3.845
2018-11-18 18:30,3.699
2018-11-18 18:45,3.553
2018-11-18 19:00,3.408
2018-11-18 19:15,3.312
2018-11-18 19:30,3.216
2018-11-18 19:45,3.119
2018-11-18 20:00,3.023
2018-11-18 20:15,3.019
2018-11-18 20:30,3.016
2018-11-18 20:45,3.012
2018-11-18 21:00,3.008
2018-11-18 21:15,3.002
2018-11-18 21:30,2.996
2018-11-18 21:45,2.991
2018-11-18 22:00,2.984
2018-11-18 22:15,2.819
2018-11-18 22:30,2.654
2018-11-18 22:45,2.488
2018-11-18 23:00,2.323
2018-11-18 23:15,2.269
2018-11-18 23:30,2.216
2018-11-18 23:45,2.163
2018-11-19 00:00,2.109
2018-11-19 00:15,2.086
2018-11-19 00:30,2.063
2018-11-19 00:45,2.04
2018-11-19 01:00,2.017
2018-11-19 01:15,1.84
2018-11-19 01:30,1.663
2018-11-19 01:45,1.487
2018-11-19 02:00,1.31
2018-11-19 02:15,1.323
2018-11-19 02:30,1.336
2018-11-19 02:45,1.349
2018-11-19 03:00,1.362
2018-11-19 03:15,1.458
2018-11-19 03:30,1.554
2018-11-19 03:45,1.65
2018-11-19 04:00,1.746
2018-11-19 04:15,1.814
2018-11-19 04:30,1.882
2018-11-19 04:45,1.95
2018-11-19 05:00,2.018
2018-11-19 05:15,1.997
2018-11-19 05:30,1.976
2018-11-19 05:45,1.954
2018-11-19 06:00,1.933
2018-11-19 06:15,1.954
2018-11-19 06:30,1.975
2018-11-19 06:45,1.996
2018-11-19 07:00,2.017
2018-11-19 07:15,2.217
2018-11-19 07:30,2.417
2018-11-19 07:45,2.617
2018-11-19 08:00,2.817
2018-11-19 08:15,2.869
2018-11-19 08:30,2.921
2018-11-19 08:45,2.973
2018-11-19 09:00,3.025
2018-11-19 09:15,3.238
2018-11-19 09:30,3.451
2018-11-19 09:45,3.664
2018-11-19 10:00,3.877
2018-11-19 10:15,4.17
2018-11-19 10:30,4.463
2018-11-19 10:45,4.757
2018-11-19 11:00,5.05
2018-11-19 11:15,5.464
2018-11-19 11:30,5.879
2018-11-19 11:45,6.293
2018-11-19 12:00,6.708
2018-11-19 12:15,7.087
2018-11-19 12:30,7.466
2018-11-19 12:45,7.844
2018-11-19 13:00,8.223
2018-11-19 13:15,8.602
2018-11-19 13:30,8.981
2018-11-19 13:45,9.359
2018-11-19 14:00,9.738
2018-11-19 14:15,10.008
2018-11-19 14:30,10.277
2018-11-19 14:45,10.546
2018-11-19 15:00,10.816
2018-11-19 15:15,11.096
2018-11-19 15:30,11.377
2018-11-19 15:45,11.658
2018-11-19 16:00,11.938
2018-11-19 16:15,12.066
2018-11-19 16:30,12.192
2018-11-19 16:45,12.319
2018-11-19 17:00,12.446
2018-11-19 17:15,12.454
2018-11-19 17:30,12.462
2018-11-19 17:45,12.469
2018-11-19 18:00,12.477
2018-11-19 18:15,12.05
2018-11-19 18:30,11.623
2018-11-19 18:45,11.196
2018-11-19 19:00,10.769
2018-11-19 19:15,10.421
2018-11-19 19:30,10.073
2018-11-19 19:45,9.725
2018-11-19 20:00,9.377
2018-11-19 20:15,9.116
2018-11-19 20:30,8.854
2018-11-19 20:45,8.592
2018-11-19 21:00,8.331
2018-11-19 21:15,8.05
2018-11-19 21:30,7.769
2018-11-19 21:45,7.488
2018-11-19 22:00,7.208
2018-11-19 22:15,7.013
2018-11-19 22:30,6.819
2018-11-19 22:45,6.625
2018-11-19 23:00,6.431
2018-11-19 23:15,6.266
2018-11-19 23:30,6.1
2018-11-19 23:45,5.934
2018-11-20 00:00,5.769
2018-11-20 00:15,5.373
2018-11-20 00:30,4.977
2018-11-20 00:45,4.581
2018-11-20 01:00,4.184
2018-11-20 01:15,3.991
2018-11-20 01:30,3.796
2018-11-20 01:45,3.602
2018-11-20 02:00,3.408
2018-11-20 02:15,3.331
2018-11-20 02:30,3.254
2018-11-20 02:45,3.177
2018-11-20 03:00,3.1
2018-11-20 03:15,3.188
2018-11-20 03:30,3.277
2018-11-20 03:45,3.366
2018-11-20 04:00,3.454
2018-11-20 04:15,3.531
2018-11-20 04:30,3.608
2018-11-20 04:45,3.684
2018-11-20 05:00,3.762
2018-11-20 05:15,3.625
2018-11-20 05:30,3.488
2018-11-20 05:45,3.352
2018-11-20 06:00,3.216
2018-11-20 06:15,3.158
2018-11-20 06:30,3.1
2018-11-20 06:45,3.042
2018-11-20 07:00,2.984
2018-11-20 07:15,2.85
2018-11-20 07:30,2.716
2018-11-20 07:45,2.581
2018-11-20 08:00,2.446
2018-11-20 08:15,2.612
2018-11-20 08:30,2.777
2018-11-20 08:45,2.942
2018-11-20 09:00,3.108
2018-11-20 09:15,3.806
2018-11-20 09:30,4.504
2018-11-20 09:45,5.202
2018-11-20 10:00,5.9
2018-11-20 10:15,6.423
2018-11-20 10:30,6.946
2018-11-20 10:45,7.469
2018-11-20 11:00,7.992
2018-11-20 11:15,8.612
2018-11-20 11:30,9.231
2018-11-20 11:45,9.85
2018-11-20 12:00,10.469
2018-11-20 12:15,10.908
2018-11-20 12:30,11.347
2018-11-20 12:45,11.786
2018-11-20 13:00,12.225
2018-11-20 13:15,12.444
2018-11-20 13:30,12.663
2018-11-20 13:45,12.881
2018-11-20 14:00,13.1
2018-11-20 14:15,13.227
2018-11-20 14:30,13.354
2018-11-20 14:45,13.481
2018-11-20 15:00,13.608
2018-11-20 15:15,13.666
2018-11-20 15:30,13.723
2018-11-20 15:45,13.781
2018-11-20 16:00,13.838
2018-11-20 16:15,13.877
2018-11-20 16:30,13.916
2018-11-20 16:45,13.954
2018-11-20 17:00,13.992
2018-11-20 17:15,13.798
2018-11-20 17:30,13.604
2018-11-20 17:45,13.409
2018-11-20 18:00,13.216
2018-11-20 18:15,12.788
2018-11-20 18:30,12.362
2018-11-20 18:45,11.934
2018-11-20 19:00,11.508
2018-11-20 19:15,11.277
2018-11-20 19:30,11.046
2018-11-20 19:45,10.816
2018-11-20 20:00,10.584
2018-11-20 20:15,10.231
2018-11-20 20:30,9.877
2018-11-20 20:45,9.523
2018-11-20 21:00,9.169
2018-11-20 21:15,8.844
2018-11-20 21:30,8.519
2018-11-20 21:45,8.194
2018-11-20 22:00,7.869
2018-11-20 22:15,7.781
2018-11-20 22:30,7.692
2018-11-20 22:45,7.604
2018-11-20 23:00,7.516
2018-11-20 23:15,7.234
2018-11-20 23:30,6.954
2018-11-20 23:45,6.673
2018-11-21 00:00,6.392
2018-11-21 00:15,6.025
2018-11-21 00:30,5.658
2018-11-21 00:45,5.291
2018-11-21 01:00,4.923
2018-11-21 01:15,4.659
2018-11-21 01:30,4.396
2018-11-21 01:45,4.133
2018-11-21 02:00,3.869
2018-11-21 02:15,3.706
2018-11-21 02:30,3.542
2018-11-21 02:45,3.379
2018-11-21 03:00,3.216
2018-11-21 03:15,3.108
2018-11-21 03:30,3.0
2018-11-21 03:45,2.892
2018-11-21 04:00,2.784
2018-11-21 04:15,2.758
2018-11-21 04:30,2.731
2018-11-21 04:45,2.704
2018-11-21 05:00,2.677
2018-11-21 05:15,2.452
2018-11-21 05:30,2.227
2018-11-21 05:45,2.002
2018-11-21 06:00,1.777
2018-11-21 06:15,1.777
2018-11-21 06:30,1.777
2018-11-21 06:45,1.777
2018-11-21 07:00,1.777
2018-11-21 07:15,1.642
2018-11-21 07:30,1.508
2018-11-21 07:45,1.373
2018-11-21 08:00,1.238
2018-11-21 08:15,1.337
2018-11-21 08:30,1.434
2018-11-21 08:45,1.533
2018-11-21 09:00,1.631
2018-11-21 09:15,2.321
2018-11-21 09:30,3.012
2018-11-21 09:45,3.702
2018-11-21 10:00,4.392
2018-11-21 10:15,5.204
2018-11-21 10:30,6.016
2018-11-21 10:45,6.827
2018-11-21 11:00,7.638
2018-11-21 11:15,8.192
2018-11-21 11:30,8.746
2018-11-21 11:45,9.3
2018-11-21 12:00,9.854
2018-11-21 12:15,10.317
2018-11-21 12:30,10.781
2018-11-21 12:45,11.244
2018-11-21 13:00,11.708
2018-11-21 13:15,12.125
2018-11-21 13:30,12.542
2018-11-21 13:45,12.959
2018-11-21 14:00,13.377
2018-11-21 14:15,13.706
2018-11-21 14:30,14.034
2018-11-21 14:45,14.363
2018-11-21 15:00,14.692
2018-11-21 15:15,14.866
2018-11-21 15:30,15.038
2018-11-21 15:45,15.212
2018-11-21 16:00,15.384
2018-11-21 16:15,15.308
2018-11-21 16:30,15.231
2018-11-21 16:45,15.154
2018-11-21 17:00,15.077
2018-11-21 17:15,14.912
2018-11-21 17:30,14.746
2018-11-21 17:45,14.581
2018-11-21 18:00,14.416
2018-11-21 18:15,14.058
2018-11-21 18:30,13.7
2018-11-21 18:45,13.342
2018-11-21 19:00,12.984
2018-11-21 19:15,12.733
2018-11-21 19:30,12.481
2018-11-21 19:45,12.229
2018-11-21 20:00,11.977
2018-11-21 20:15,11.938
2018-11-21 20:30,11.9
2018-11-21 20:45,11.862
2018-11-21 21:00,11.823
2018-11-21 21:15,11.609
2018-11-21 21:30,11.396
2018-11-21 21:45,11.183
2018-11-21 22:00,10.969
2018-11-21 22:15,10.716
2018-11-21 22:30,10.462
2018-11-21 22:45,10.208
2018-11-21 23:00,9.954
2018-11-21 23:15,9.723
2018-11-21 23:30,9.492
2018-11-21 23:45,9.262
2018-11-22 00:00,9.031
2018-11-22 00:15,9.05
2018-11-22 00:30,9.069
2018-11-22 00:45,9.088
2018-11-22 01:00,9.108
2018-11-22 01:15,8.991
2018-11-22 01:30,8.873
2018-11-22 01:45,8.756
2018-11-22 02:00,8.638
2018-11-22 02:15,8.359
2018-11-22 02:30,8.081
2018-11-22 02:45,7.802
2018-11-22 03:00,7.523
2018-11-22 03:15,7.483
2018-11-22 03:30,7.442
2018-11-22 03:45,7.402
2018-11-22 04:00,7.362
2018-11-22 04:15,7.246
2018-11-22 04:30,7.131
2018-11-22 04:45,7.016
2018-11-22 05:00,6.9
2018-11-22 05:15,6.9
2018-11-22 05:30,6.9
2018-11-22 05:45,6.9
2018-11-22 06:00,6.9
2018-11-22 06:15,6.696
2018-11-22 06:30,6.492
2018-11-22 06:45,6.288
2018-11-22 07:00,6.084
2018-11-22 07:15,5.871
2018-11-22 07:30,5.658
2018-11-22 07:45,5.444
2018-11-22 08:00,5.231
2018-11-22 08:15,5.329
2018-11-22 08:30,5.427
2018-11-22 08:45,5.525
2018-11-22 09:00,5.623
2018-11-22 09:15,6.108
2018-11-22 09:30,6.592
2018-11-22 09:45,7.077
2018-11-22 10:00,7.562
2018-11-22 10:15,8.154
2018-11-22 10:30,8.746
2018-11-22 10:45,9.338
2018-11-22 11:00,9.931
2018-11-22 11:15,10.619
2018-11-22 11:30,11.308
2018-11-22 11:45,11.996
2018-11-22 12:00,12.684
2018-11-22 12:15,13.304
2018-11-22 12:30,13.923
2018-11-22 12:45,14.542
2018-11-22 13:00,15.162
2018-11-22 13:15,15.481
2018-11-22 13:30,15.8
2018-11-22 13:45,16.119
2018-11-22 14:00,16.438
2018-11-22 14:15,16.613
2018-11-22 14:30,16.788
2018-11-22 14:45,16.963
2018-11-22 15:00,17.138
2018-11-22 15:15,17.271
2018-11-22 15:30,17.404
2018-11-22 15:45,17.537
2018-11-22 16:00,17.669
2018-11-22 16:15,17.496
2018-11-22 16:30,17.323
2018-11-22 16:45,17.15
2018-11-22 17:00,16.977
2018-11-22 17:15,16.821
2018-11-22 17:30,16.666
2018-11-22 17:45,16.509
2018-11-22 18:00,16.354
2018-11-22 18:15,15.927
2018-11-22 18:30,15.5
2018-11-22 18:45,15.073
2018-11-22 19:00,14.646
2018-11-22 19:15,14.413
2018-11-22 19:30,14.181
2018-11-22 19:45,13.948
2018-11-22 20:00,13.716
2018-11-22 20:15,13.533
2018-11-22 20:30,13.35
2018-11-22 20:45,13.167
2018-11-22 21:00,12.984
2018-11-22 21:15,12.984
2018-11-22 21:30,12.984
2018-11-22 21:45,12.984
2018-11-22 22:00,12.984
2018-11-22 22:15,12.994
2018-11-22 22:30,13.004
2018-11-22 22:45,13.013
2018-11-22 23:00,13.023
2018-11-22 23:15,13.013
2018-11-22 23:30,13.004
2018-11-22 23:45,12.994
2018-11-23 00:00,12.984
2018-11-23 00:15,12.984
2018-11-23 00:30,12.984
2018-11-23 00:45,12.984
2018-11-23 01:00,12.984
2018-11-23 01:15,12.966
2018-11-23 01:30,12.946
2018-11-23 01:45,12.927
2018-11-23 02:00,12.908
2018-11-23 02:15,12.812
2018-11-23 02:30,12.716
2018-11-23 02:45,12.619
2018-11-23 03:00,12.523
2018-11-23 03:15,12.638
2018-11-23 03:30,12.754
2018-11-23 03:45,12.869
2018-11-23 04:00,12.984
2018-11-23 04:15,12.984
2018-11-23 04:30,12.984
2018-11-23 04:45,12.984
2018-11-23 05:00,12.984
2018-11-23 05:15,12.981
2018-11-23 05:30,12.977
2018-11-23 05:45,12.973
2018-11-23 06:00,12.969
2018-11-23 06:15,12.973
2018-11-23 06:30,12.977
2018-11-23 06:45,12.981
2018-11-23 07:00,12.984
2018-11-23 07:15,12.981
2018-11-23 07:30,12.978
2018-11-23 07:45,12.975
2018-11-23 08:00,12.972
2018-11-23 08:15,12.978
2018-11-23 08:30,12.986
2018-11-23 08:45,12.993
2018-11-23 09:00,13.0
2018-11-23 09:15,13.146
2018-11-23 09:30,13.292
2018-11-23 09:45,13.438
2018-11-23 10:00,13.583
2018-11-23 10:15,14.208
2018-11-23 10:30,14.833
2018-11-23 10:45,15.458
2018-11-23 11:00,16.083
2018-11-23 11:15,16.793
2018-11-23 11:30,17.503
2018-11-23 11:45,18.213
2018-11-23 12:00,18.923
2018-11-23 12:15,19.513
2018-11-23 12:30,20.104
2018-11-23 12:45,20.694
2018-11-23 13:00,21.284
2018-11-23 13:15,21.583
2018-11-23 13:30,21.882
2018-11-23 13:45,22.181
2018-11-23 14:00,22.48
2018-11-23 14:15,22.606
2018-11-23 14:30,22.732
2018-11-23 14:45,22.858
2018-11-23 15:00,22.984
2018-11-23 15:15,22.994
2018-11-23 15:30,23.004
2018-11-23 15:45,23.013
2018-11-23 16:00,23.023
2018-11-23 16:15,23.013
2018-11-23 16:30,23.004
2018-11-23 16:45,22.994
2018-11-23 17:00,22.984
2018-11-23 17:15,22.809
2018-11-23 17:30,22.634
2018-11-23 17:45,22.459
2018-11-23 18:00,22.284
2018-11-23 18:15,21.673
2018-11-23 18:30,21.062
2018-11-23 18:45,20.45
2018-11-23 19:00,19.838
2018-11-23 19:15,19.121
2018-11-23 19:30,18.404
2018-11-23 19:45,17.687
2018-11-23 20:00,16.969
2018-11-23 20:15,16.719
2018-11-23 20:30,16.469
2018-11-23 20:45,16.219
2018-11-23 21:00,15.969
2018-11-23 21:15,15.533
2018-11-23 21:30,15.096
2018-11-23 21:45,14.659
2018-11-23 22:00,14.223
2018-11-23 22:15,14.166
2018-11-23 22:30,14.108
2018-11-23 22:45,14.05
2018-11-23 23:00,13.992
2018-11-23 23:15,13.691
2018-11-23 23:30,13.388
2018-11-23 23:45,13.087
2018-11-24 00:00,12.784
2018-11-24 00:15,12.446
2018-11-24 00:30,12.108
2018-11-24 00:45,11.769
2018-11-24 01:00,11.431
2018-11-24 01:15,11.119
2018-11-24 01:30,10.808
2018-11-24 01:45,10.496
2018-11-24 02:00,10.184
2018-11-24 02:15,9.858
2018-11-24 02:30,9.531
2018-11-24 02:45,9.204
2018-11-24 03:00,8.877
2018-11-24 03:15,8.954
2018-11-24 03:30,9.031
2018-11-24 03:45,9.108
2018-11-24 04:00,9.184
2018-11-24 04:15,8.981
2018-11-24 04:30,8.777
2018-11-24 04:45,8.573
2018-11-24 05:00,8.369
2018-11-24 05:15,8.309
2018-11-24 05:30,8.25
2018-11-24 05:45,8.191
2018-11-24 06:00,8.131
2018-11-24 06:15,7.988
2018-11-24 06:30,7.846
2018-11-24 06:45,7.704
2018-11-24 07:00,7.562
2018-11-24 07:15,7.588
2018-11-24 07:30,7.616
2018-11-24 07:45,7.642
2018-11-24 08:00,7.669
2018-11-24 08:15,7.623
2018-11-24 08:30,7.577
2018-11-24 08:45,7.531
2018-11-24 09:00,7.484
2018-11-24 09:15,7.991
2018-11-24 09:30,8.496
2018-11-24 09:45,9.002
2018-11-24 10:00,9.508
2018-11-24 10:15,10.233
2018-11-24 10:30,10.958
2018-11-24 10:45,11.683
2018-11-24 11:00,12.408
2018-11-24 11:15,13.069
2018-11-24 11:30,13.731
2018-11-24 11:45,14.392
2018-11-24 12:00,15.054
2018-11-24 12:15,15.894
2018-11-24 12:30,16.734
2018-11-24 12:45,17.575
2018-11-24 13:00,18.416
2018-11-24 13:15,18.979
2018-11-24 13:30,19.542
2018-11-24 13:45,20.106
2018-11-24 14:00,20.669
2018-11-24 14:15,21.063
2018-11-24 14:30,21.458
2018-11-24 14:45,21.852
2018-11-24 15:00,22.246
2018-11-24 15:15,22.306
2018-11-24 15:30,22.366
2018-11-24 15:45,22.425
2018-11-24 16:00,22.484
2018-11-24 16:15,22.784
2018-11-24 16:30,23.084
2018-11-24 16:45,23.384
2018-11-24 17:00,23.684
2018-11-24 17:15,23.304
2018-11-24 17:30,22.923
2018-11-24 17:45,22.542
2018-11-24 18:00,22.162
2018-11-24 18:15,21.729
2018-11-24 18:30,21.296
2018-11-24 18:45,20.863
2018-11-24 19:00,20.431
2018-11-24 19:15,20.196
2018-11-24 19:30,19.962
2018-11-24 19:45,19.727
2018-11-24 20:00,19.492
2018-11-24 20:15,19.367
2018-11-24 20:30,19.242
2018-11-24 20:45,19.117
2018-11-24 21:00,18.992
2018-11-24 21:15,18.846
2018-11-24 21:30,18.7
2018-11-24 21:45,18.554
2018-11-24 22:00,18.408
2018-11-24 22:15,18.213
2018-11-24 22:30,18.019
2018-11-24 22:45,17.825
2018-11-24 23:00,17.631
2018-11-24 23:15,17.467
2018-11-24 23:30,17.304
2018-11-24 23:45,17.141
2018-11-25 00:00,16.977
2018-11-25 00:15,16.977
2018-11-25 00:30,16.977
2018-11-25 00:45,16.977
2018-11-25 01:00,16.977
2018-11-25 01:15,16.812
2018-11-25 01:30,16.646
2018-11-25 01:45,16.481
2018-11-25 02:00,16.316
2018-11-25 02:15,16.229
2018-11-25 02:30,16.142
2018-11-25 02:45,16.056
2018-11-25 03:00,15.969
2018-11-25 03:15,15.696
2018-11-25 03:30,15.423
2018-11-25 03:45,15.15
2018-11-25 04:00,14.877
2018-11-25 04:15,14.666
2018-11-25 04:30,14.454
2018-11-25 04:45,14.242
2018-11-25 05:00,14.031
2018-11-25 05:15,14.021
2018-11-25 05:30,14.012
2018-11-25 05:45,14.002
2018-11-25 06:00,13.992
2018-11-25 06:15,14.041
2018-11-25 06:30,14.088
2018-11-25 06:45,14.137
2018-11-25 07:00,14.184
2018-11-25 07:15,13.981
2018-11-25 07:30,13.777
2018-11-25 07:45,13.573
2018-11-25 08:00,13.369
2018-11-25 08:15,13.196
2018-11-25 08:30,13.023
2018-11-25 08:45,12.85
2018-11-25 09:00,12.677
2018-11-25 09:15,12.696
2018-11-25 09:30,12.716
2018-11-25 09:45,12.734
2018-11-25 10:00,12.754
2018-11-25 10:15,12.821
2018-11-25 10:30,12.888
2018-11-25 10:45,12.956
2018-11-25 11:00,13.023
2018-11-25 11:15,13.023
2018-11-25 11:30,13.023
2018-11-25 11:45,13.023
2018-11-25 12:00,13.023
2018-11-25 12:15,13.1
2018-11-25 12:30,13.177
2018-11-25 12:45,13.254
2018-11-25 13:00,13.331
2018-11-25 13:15,13.362
2018-11-25 13:30,13.392
2018-11-25 13:45,13.423
2018-11-25 14:00,13.454
2018-11-25 14:15,13.394
2018-11-25 14:30,13.334
2018-11-25 14:45,13.275
2018-11-25 15:00,13.216
2018-11-25 15:15,12.827
2018-11-25 15:30,12.438
2018-11-25 15:45,12.05
2018-11-25 16:00,11.662
2018-11-25 16:15,11.4
2018-11-25 16:30,11.138
2018-11-25 16:45,10.877
2018-11-25 17:00,10.616
2018-11-25 17:15,10.287
2018-11-25 17:30,9.958
2018-11-25 17:45,9.629
2018-11-25 18:00,9.3
2018-11-25 18:15,8.902
2018-11-25 18:30,8.504
2018-11-25 18:45,8.106
2018-11-25 19:00,7.708
2018-11-25 19:15,7.398
2018-11-25 19:30,7.088
2018-11-25 19:45,6.779
2018-11-25 20:00,6.469
2018-11-25 20:15,6.344
2018-11-25 20:30,6.219
2018-11-25 20:45,6.094
2018-11-25 21:00,5.969
2018-11-25 21:15,5.677
2018-11-25 21:30,5.384
2018-11-25 21:45,5.092
2018-11-25 22:00,4.8
2018-11-25 22:15,4.598
2018-11-25 22:30,4.396
2018-11-25 22:45,4.194
2018-11-25 23:00,3.992
2018-11-25 23:15,3.808
2018-11-25 23:30,3.623
2018-11-25 23:45,3.438
2018-11-26 00:00,3.254
2018-11-26 00:15,3.187
2018-11-26 00:30,3.119
2018-11-26 00:45,3.052
2018-11-26 01:00,2.984
2018-11-26 01:15,2.896
2018-11-26 01:30,2.808
2018-11-26 01:45,2.719
2018-11-26 02:00,2.631
2018-11-26 02:15,2.467
2018-11-26 02:30,2.304
2018-11-26 02:45,2.141
2018-11-26 03:00,1.977
2018-11-26 03:15,1.831
2018-11-26 03:30,1.684
2018-11-26 03:45,1.538
2018-11-26 04:00,1.392
2018-11-26 04:15,1.287
2018-11-26 04:30,1.181
2018-11-26 04:45,1.075
2018-11-26 05:00,0.969
2018-11-26 05:15,0.677
2018-11-26 05:30,0.384
2018-11-26 05:45,0.092
2018-11-26 06:00,-0.2
2018-11-26 06:15,-0.402
2018-11-26 06:30,-0.604
2018-11-26 06:45,-0.806
2018-11-26 07:00,-1.008
2018-11-26 07:15,-1.008
2018-11-26 07:30,-1.008
2018-11-26 07:45,-1.008
2018-11-26 08:00,-1.008
2018-11-26 08:15,-1.017
2018-11-26 08:30,-1.027
2018-11-26 08:45,-1.037
2018-11-26 09:00,-1.046
2018-11-26 09:15,-0.629
2018-11-26 09:30,-0.212
2018-11-26 09:45,0.206
2018-11-26 10:00,0.623
2018-11-26 10:15,0.894
2018-11-26 10:30,1.166
2018-11-26 10:45,1.437
2018-11-26 11:00,1.708
2018-11-26 11:15,2.134
2018-11-26 11:30,2.562
2018-11-26 11:45,2.988
2018-11-26 12:00,3.416
2018-11-26 12:15,3.998
2018-11-26 12:30,4.581
2018-11-26 12:45,5.163
2018-11-26 13:00,5.746
2018-11-26 13:15,6.25
2018-11-26 13:30,6.754
2018-11-26 13:45,7.258
2018-11-26 14:00,7.762
2018-11-26 14:15,8.187
2018-11-26 14:30,8.612
2018-11-26 14:45,9.037
2018-11-26 15:00,9.462
2018-11-26 15:15,9.838
2018-11-26 15:30,10.216
2018-11-26 15:45,10.592
2018-11-26 16:00,10.969
2018-11-26 16:15,10.979
2018-11-26 16:30,10.988
2018-11-26 16:45,10.998
2018-11-26 17:00,11.008
2018-11-26 17:15,10.871
2018-11-26 17:30,10.734
2018-11-26 17:45,10.598
2018-11-26 18:00,10.462
2018-11-26 18:15,9.909
2018-11-26 18:30,9.358
2018-11-26 18:45,8.806
2018-11-26 19:00,8.254
2018-11-26 19:15,8.031
2018-11-26 19:30,7.808
2018-11-26 19:45,7.584
2018-11-26 20:00,7.362
2018-11-26 20:15,7.109
2018-11-26 20:30,6.858
2018-11-26 20:45,6.606
2018-11-26 21:00,6.354
2018-11-26 21:15,6.188
2018-11-26 21:30,6.023
2018-11-26 21:45,5.858
2018-11-26 22:00,5.692
2018-11-26 22:15,5.316
2018-11-26 22:30,4.938
2018-11-26 22:45,4.562
2018-11-26 23:00,4.184
2018-11-26 23:15,4.058
2018-11-26 23:30,3.931
2018-11-26 23:45,3.804
2018-11-27 00:00,3.677
2018-11-27 00:15,3.513
2018-11-27 00:30,3.35
2018-11-27 00:45,3.187
2018-11-27 01:00,3.023
2018-11-27 01:15,2.887
2018-11-27 01:30,2.75
2018-11-27 01:45,2.613
2018-11-27 02:00,2.477
2018-11-27 02:15,2.225
2018-11-27 02:30,1.973
2018-11-27 02:45,1.721
2018-11-27 03:00,1.469
2018-11-27 03:15,1.675
2018-11-27 03:30,1.881
2018-11-27 03:45,2.087
2018-11-27 04:00,2.292
2018-11-27 04:15,2.348
2018-11-27 04:30,2.404
2018-11-27 04:45,2.459
2018-11-27 05:00,2.516
2018-11-27 05:15,2.537
2018-11-27 05:30,2.558
2018-11-27 05:45,2.579
2018-11-27 06:00,2.6
2018-11-27 06:15,2.696
2018-11-27 06:30,2.792
2018-11-27 06:45,2.888
2018-11-27 07:00,2.984
2018-11-27 07:15,2.809
2018-11-27 07:30,2.634
2018-11-27 07:45,2.459
2018-11-27 08:00,2.284
2018-11-27 08:15,2.159
2018-11-27 08:30,2.034
2018-11-27 08:45,1.909
2018-11-27 09:00,1.784
2018-11-27 09:15,2.475
2018-11-27 09:30,3.166
2018-11-27 09:45,3.856
2018-11-27 10:00,4.546
2018-11-27 10:15,5.506
2018-11-27 10:30,6.466
2018-11-27 10:45,7.425
2018-11-27 11:00,8.384
2018-11-27 11:15,9.421
2018-11-27 11:30,10.458
2018-11-27 11:45,11.494
2018-11-27 12:00,12.531
2018-11-27 12:15,13.169
2018-11-27 12:30,13.808
2018-11-27 12:45,14.446
2018-11-27 13:00,15.084
2018-11-27 13:15,15.559
2018-11-27 13:30,16.034
2018-11-27 13:45,16.509
2018-11-27 14:00,16.984
2018-11-27 14:15,17.313
2018-11-27 14:30,17.642
2018-11-27 14:45,17.971
2018-11-27 15:00,18.3
2018-11-27 15:15,18.434
2018-11-27 15:30,18.569
2018-11-27 15:45,18.704
2018-11-27 16:00,18.838
2018-11-27 16:15,18.877
2018-11-27 16:30,18.916
2018-11-27 16:45,18.954
2018-11-27 17:00,18.992
2018-11-27 17:15,18.681
2018-11-27 17:30,18.369
2018-11-27 17:45,18.058
2018-11-27 18:00,17.746
2018-11-27 18:15,16.942
2018-11-27 18:30,16.138
2018-11-27 18:45,15.334
2018-11-27 19:00,14.531
2018-11-27 19:15,14.008
2018-11-27 19:30,13.484
2018-11-27 19:45,12.962
2018-11-27 20:00,12.438
2018-11-27 20:15,12.216
2018-11-27 20:30,11.992
2018-11-27 20:45,11.769
2018-11-27 21:00,11.546
2018-11-27 21:15,11.584
2018-11-27 21:30,11.623
2018-11-27 21:45,11.662
2018-11-27 22:00,11.7
2018-11-27 22:15,11.187
2018-11-27 22:30,10.673
2018-11-27 22:45,10.159
2018-11-27 23:00,9.646
2018-11-27 23:15,9.491
2018-11-27 23:30,9.334
2018-11-27 23:45,9.179
2018-11-28 00:00,9.023
2018-11-28 00:15,8.842
2018-11-28 00:30,8.662
2018-11-28 00:45,8.481
2018-11-28 01:00,8.3
2018-11-28 01:15,8.113
2018-11-28 01:30,7.927
2018-11-28 01:45,7.741
2018-11-28 02:00,7.554
2018-11-28 02:15,7.662
2018-11-28 02:30,7.769
2018-11-28 02:45,7.877
2018-11-28 03:00,7.984
2018-11-28 03:15,7.792
2018-11-28 03:30,7.6
2018-11-28 03:45,7.408
2018-11-28 04:00,7.216
2018-11-28 04:15,7.058
2018-11-28 04:30,6.9
2018-11-28 04:45,6.742
2018-11-28 05:00,6.584
2018-11-28 05:15,6.441
2018-11-28 05:30,6.296
2018-11-28 05:45,6.152
2018-11-28 06:00,6.008
2018-11-28 06:15,5.979
2018-11-28 06:30,5.95
2018-11-28 06:45,5.921
2018-11-28 07:00,5.892
2018-11-28 07:15,5.727
2018-11-28 07:30,5.562
2018-11-28 07:45,5.396
2018-11-28 08:00,5.231
2018-11-28 08:15,5.05
2018-11-28 08:30,4.869
2018-11-28 08:45,4.688
2018-11-28 09:00,4.508
2018-11-28 09:15,5.438
2018-11-28 09:30,6.369
2018-11-28 09:45,7.3
2018-11-28 10:00,8.231
2018-11-28 10:15,9.054
2018-11-28 10:30,9.877
2018-11-28 10:45,10.7
2018-11-28 11:00,11.523
2018-11-28 11:15,12.279
2018-11-28 11:30,13.034
2018-11-28 11:45,13.791
2018-11-28 12:00,14.546
2018-11-28 12:15,15.194
2018-11-28 12:30,15.842
2018-11-28 12:45,16.491
2018-11-28 13:00,17.138
2018-11-28 13:15,17.534
2018-11-28 13:30,17.931
2018-11-28 13:45,18.327
2018-11-28 14:00,18.723
2018-11-28 14:15,19.217
2018-11-28 14:30,19.712
2018-11-28 14:45,20.206
2018-11-28 15:00,20.7
2018-11-28 15:15,20.962
2018-11-28 15:30,21.223
2018-11-28 15:45,21.484
2018-11-28 16:00,21.746
2018-11-28 16:15,21.804
2018-11-28 16:30,21.862
2018-11-28 16:45,21.919
2018-11-28 17:00,21.977
2018-11-28 17:15,21.733
2018-11-28 17:30,21.488
2018-11-28 17:45,21.244
2018-11-28 18:00,21.0
2018-11-28 18:15,20.409
2018-11-28 18:30,19.819
2018-11-28 18:45,19.229
2018-11-28 19:00,18.638
2018-11-28 19:15,18.271
2018-11-28 19:30,17.904
2018-11-28 19:45,17.537
2018-11-28 20:00,17.169
2018-11-28 20:15,17.121
2018-11-28 20:30,17.073
2018-11-28 20:45,17.025
2018-11-28 21:00,16.977
2018-11-28 21:15,16.919
2018-11-28 21:30,16.862
2018-11-28 21:45,16.804
2018-11-28 22:00,16.746
2018-11-28 22:15,16.609
2018-11-28 22:30,16.473
2018-11-28 22:45,16.337
2018-11-28 23:00,16.2
2018-11-28 23:15,15.831
2018-11-28 23:30,15.462
2018-11-28 23:45,15.092
2018-11-29 00:00,14.723
2018-11-29 00:15,14.541
2018-11-29 00:30,14.358
2018-11-29 00:45,14.175
2018-11-29 01:00,13.992
2018-11-29 01:15,13.923
2018-11-29 01:30,13.854
2018-11-29 01:45,13.784
2018-11-29 02:00,13.716
2018-11-29 02:15,13.533
2018-11-29 02:30,13.35
2018-11-29 02:45,13.167
2018-11-29 03:00,12.984
2018-11-29 03:15,12.781
2018-11-29 03:30,12.577
2018-11-29 03:45,12.373
2018-11-29 04:00,12.169
2018-11-29 04:15,12.071
2018-11-29 04:30,11.973
2018-11-29 04:45,11.875
2018-11-29 05:00,11.777
2018-11-29 05:15,11.584
2018-11-29 05:30,11.392
2018-11-29 05:45,11.2
2018-11-29 06:00,11.008
2018-11-29 06:15,10.998
2018-11-29 06:30,10.988
2018-11-29 06:45,10.979
2018-11-29 07:00,10.969
2018-11-29 07:15,10.766
2018-11-29 07:30,10.562
2018-11-29 07:45,10.358
2018-11-29 08:00,10.154
2018-11-29 08:15,10.204
2018-11-29 08:30,10.254
2018-11-29 08:45,10.304
2018-11-29 09:00,10.354
2018-11-29 09:15,10.848
2018-11-29 09:30,11.342
2018-11-29 09:45,11.837
2018-11-29 10:00,12.331
2018-11-29 10:15,13.069
2018-11-29 10:30,13.808
2018-11-29 10:45,14.546
2018-11-29 11:00,15.284
2018-11-29 11:15,16.059
2018-11-29 11:30,16.834
2018-11-29 11:45,17.609
2018-11-29 12:00,18.384
2018-11-29 12:15,19.053
2018-11-29 12:30,19.722
2018-11-29 12:45,20.39
2018-11-29 13:00,21.058
2018-11-29 13:15,21.488
2018-11-29 13:30,21.917
2018-11-29 13:45,22.346
2018-11-29 14:00,22.775
2018-11-29 14:15,23.266
2018-11-29 14:30,23.757
2018-11-29 14:45,24.248
2018-11-29 15:00,24.738
2018-11-29 15:15,25.075
2018-11-29 15:30,25.412
2018-11-29 15:45,25.748
2018-11-29 16:00,26.084
2018-11-29 16:15,26.066
2018-11-29 16:30,26.046
2018-11-29 16:45,26.027
2018-11-29 17:00,26.008
2018-11-29 17:15,25.773
2018-11-29 17:30,25.538
2018-11-29 17:45,25.304
2018-11-29 18:00,25.069
2018-11-29 18:15,24.373
2018-11-29 18:30,23.677
2018-11-29 18:45,22.981
2018-11-29 19:00,22.284
2018-11-29 19:15,21.731
2018-11-29 19:30,21.177
2018-11-29 19:45,20.623
2018-11-29 20:00,20.069
2018-11-29 20:15,19.925
2018-11-29 20:30,19.781
2018-11-29 20:45,19.637
2018-11-29 21:00,19.492
2018-11-29 21:15,19.348
2018-11-29 21:30,19.204
2018-11-29 21:45,19.059
2018-11-29 22:00,18.916
2018-11-29 22:15,18.877
2018-11-29 22:30,18.838
2018-11-29 22:45,18.8
2018-11-29 23:00,18.762
2018-11-29 23:15,18.596
2018-11-29 23:30,18.431
2018-11-29 23:45,18.266
2018-11-30 00:00,18.1
2018-11-30 00:15,18.081
2018-11-30 00:30,18.062
2018-11-30 00:45,18.042
2018-11-30 01:00,18.023
2018-11-30 01:15,17.848
2018-11-30 01:30,17.673
2018-11-30 01:45,17.498
2018-11-30 02:00,17.323
2018-11-30 02:15,17.102
2018-11-30 02:30,16.881
2018-11-30 02:45,16.659
2018-11-30 03:00,16.438
2018-11-30 03:15,16.506
2018-11-30 03:30,16.573
2018-11-30 03:45,16.64
2018-11-30 04:00,16.707
2018-11-30 04:15,16.784
2018-11-30 04:30,16.861
2018-11-30 04:45,16.938
2018-11-30 05:00,17.016
2018-11-30 05:15,17.065
2018-11-30 05:30,17.115
2018-11-30 05:45,17.164
2018-11-30 06:00,17.214
2018-11-30 06:15,17.368
2018-11-30 06:30,17.523
2018-11-30 06:45,17.677
2018-11-30 07:00,17.831
2018-11-30 07:15,17.83
2018-11-30 07:30,17.829
2018-11-30 07:45,17.829
2018-11-30 08:00,17.828
2018-11-30 08:15,17.868
2018-11-30 08:30,17.907
2018-11-30 08:45,17.946
2018-11-30 09:00,17.984
2018-11-30 09:15,18.063
2018-11-30 09:30,18.142
2018-11-30 09:45,18.221
2018-11-30 10:00,18.3
2018-11-30 10:15,18.483
2018-11-30 10:30,18.666
2018-11-30 10:45,18.848
2018-11-30 11:00,19.031
2018-11-30 11:15,19.381
2018-11-30 11:30,19.731
2018-11-30 11:45,20.081
2018-11-30 12:00,20.431
2018-11-30 12:15,20.575
2018-11-30 12:30,20.719
2018-11-30 12:45,20.863
2018-11-30 13:00,21.008
2018-11-30 13:15,21.173
2018-11-30 13:30,21.338
2018-11-30 13:45,21.504
2018-11-30 14:00,21.669
2018-11-30 14:15,21.775
2018-11-30 14:30,21.881
2018-11-30 14:45,21.987
2018-11-30 15:00,22.092
2018-11-30 15:15,22.266
2018-11-30 15:30,22.438
2018-11-30 15:45,22.612
2018-11-30 16:00,22.784
2018-11-30 16:15,22.688
2018-11-30 16:30,22.592
2018-11-30 16:45,22.496
2018-11-30 17:00,22.4
2018-11-30 17:15,22.327
2018-11-30 17:30,22.253
2018-11-30 17:45,22.18
2018-11-30 18:00,22.107
2018-11-30 18:15,21.967
2018-11-30 18:30,21.827
2018-11-30 18:45,21.686
2018-11-30 19:00,21.546
2018-11-30 19:15,21.402
2018-11-30 19:30,21.258
2018-11-30 19:45,21.113
2018-11-30 20:00,20.969
2018-11-30 20:15,20.969
2018-11-30 20:30,20.969
2018-11-30 20:45,20.969
2018-11-30 21:00,20.969
2018-11-30 21:15,20.938
2018-11-30 21:30,20.908
2018-11-30 21:45,20.877
2018-11-30 22:00,20.846
2018-11-30 22:15,20.272
2018-11-30 22:30,19.698
2018-11-30 22:45,19.124
2018-11-30 23:00,18.55
2018-11-30 23:15,18.641
2018-11-30 23:30,18.733
2018-11-30 23:45,18.824
2018-12-01 00:00,18.916
2018-12-01 00:15,18.652
2018-12-01 00:30,18.388
2018-12-01 00:45,18.125
2018-12-01 01:00,17.862
2018-12-01 01:15,17.621
2018-12-01 01:30,17.381
2018-12-01 01:45,17.141
2018-12-01 02:00,16.9
2018-12-01 02:15,16.617
2018-12-01 02:30,16.334
2018-12-01 02:45,16.052
2018-12-01 03:00,15.769
2018-12-01 03:15,15.412
2018-12-01 03:30,15.054
2018-12-01 03:45,14.696
2018-12-01 04:00,14.338
2018-12-01 04:15,14.262
2018-12-01 04:30,14.184
2018-12-01 04:45,14.108
2018-12-01 05:00,14.031
2018-12-01 05:15,13.931
2018-12-01 05:30,13.831
2018-12-01 05:45,13.731
2018-12-01 06:00,13.631
2018-12-01 06:15,13.491
2018-12-01 06:30,13.35
2018-12-01 06:45,13.209
2018-12-01 07:00,13.069
2018-12-01 07:15,13.154
2018-12-01 07:30,13.238
2018-12-01 07:45,13.323
2018-12-01 08:00,13.408
2018-12-01 08:15,13.381
2018-12-01 08:30,13.354
2018-12-01 08:45,13.327
2018-12-01 09:00,13.3
2018-12-01 09:15,13.842
2018-12-01 09:30,14.384
2018-12-01 09:45,14.927
2018-12-01 10:00,15.469
2018-12-01 10:15,15.925
2018-12-01 10:30,16.381
2018-12-01 10:45,16.837
2018-12-01 11:00,17.292
2018-12-01 11:15,17.544
2018-12-01 11:30,17.796
2018-12-01 11:45,18.048
2018-12-01 12:00,18.3
2018-12-01 12:15,18.513
2018-12-01 12:30,18.727
2018-12-01 12:45,18.941
2018-12-01 13:00,19.154
2018-12-01 13:15,19.492
2018-12-01 13:30,19.831
2018-12-01 13:45,20.169
2018-12-01 14:00,20.508
2018-12-01 14:15,20.623
2018-12-01 14:30,20.738
2018-12-01 14:45,20.854
2018-12-01 15:00,20.969
2018-12-01 15:15,20.979
2018-12-01 15:30,20.988
2018-12-01 15:45,20.998
2018-12-01 16:00,21.008
2018-12-01 16:15,21.008
2018-12-01 16:30,21.008
2018-12-01 16:45,21.008
2018-12-01 17:00,21.008
2018-12-01 17:15,20.948
2018-12-01 17:30,20.888
2018-12-01 17:45,20.829
2018-12-01 18:00,20.769
2018-12-01 18:15,20.138
2018-12-01 18:30,19.508
2018-12-01 18:45,18.877
2018-12-01 19:00,18.246
2018-12-01 19:15,17.937
2018-12-01 19:30,17.627
2018-12-01 19:45,17.317
2018-12-01 20:00,17.008
2018-12-01 20:15,16.729
2018-12-01 20:30,16.45
2018-12-01 20:45,16.171
2018-12-01 21:00,15.892
2018-12-01 21:15,15.912
2018-12-01 21:30,15.931
2018-12-01 21:45,15.95
2018-12-01 22:00,15.969
2018-12-01 22:15,15.754
2018-12-01 22:30,15.538
2018-12-01 22:45,15.323
2018-12-01 23:00,15.108
2018-12-01 23:15,14.906
2018-12-01 23:30,14.704
2018-12-01 23:45,14.502
2018-12-02 00:00,14.3
2018-12-02 00:15,14.0
2018-12-02 00:30,13.7
2018-12-02 00:45,13.4
2018-12-02 01:00,13.1
2018-12-02 01:15,13.071
2018-12-02 01:30,13.042
2018-12-02 01:45,13.013
2018-12-02 02:00,12.984
2018-12-02 02:15,12.896
2018-12-02 02:30,12.808
2018-12-02 02:45,12.719
2018-12-02 03:00,12.631
2018-12-02 03:15,12.487
2018-12-02 03:30,12.342
2018-12-02 03:45,12.198
2018-12-02 04:00,12.054
2018-12-02 04:15,11.675
2018-12-02 04:30,11.296
2018-12-02 04:45,10.917
2018-12-02 05:00,10.538
2018-12-02 05:15,10.025
2018-12-02 05:30,9.512
2018-12-02 05:45,8.998
2018-12-02 06:00,8.484
2018-12-02 06:15,8.127
2018-12-02 06:30,7.769
2018-12-02 06:45,7.412
2018-12-02 07:00,7.054
2018-12-02 07:15,7.016
2018-12-02 07:30,6.977
2018-12-02 07:45,6.938
2018-12-02 08:00,6.9
2018-12-02 08:15,6.658
2018-12-02 08:30,6.416
2018-12-02 08:45,6.173
2018-12-02 09:00,5.931
2018-12-02 09:15,6.408
2018-12-02 09:30,6.884
2018-12-02 09:45,7.362
2018-12-02 10:00,7.838
2018-12-02 10:15,8.333
2018-12-02 10:30,8.827
2018-12-02 10:45,9.321
2018-12-02 11:00,9.816
2018-12-02 11:15,10.163
2018-12-02 11:30,10.512
2018-12-02 11:45,10.859
2018-12-02 12:00,11.208
2018-12-02 12:15,11.479
2018-12-02 12:30,11.75
2018-12-02 12:45,12.021
2018-12-02 13:00,12.292
2018-12-02 13:15,12.466
2018-12-02 13:30,12.638
2018-12-02 13:45,12.812
2018-12-02 14:00,12.984
2018-12-02 14:15,13.217
2018-12-02 14:30,13.45
2018-12-02 14:45,13.683
2018-12-02 15:00,13.916
2018-12-02 15:15,13.944
2018-12-02 15:30,13.973
2018-12-02 15:45,14.002
2018-12-02 16:00,14.031
2018-12-02 16:15,14.196
2018-12-02 16:30,14.362
2018-12-02 16:45,14.527
2018-12-02 17:00,14.692
2018-12-02 17:15,14.544
2018-12-02 17:30,14.396
2018-12-02 17:45,14.248
2018-12-02 18:00,14.1
2018-12-02 18:15,13.383
2018-12-02 18:30,12.666
2018-12-02 18:45,11.948
2018-12-02 19:00,11.231
2018-12-02 19:15,11.175
2018-12-02 19:30,11.119
2018-12-02 19:45,11.063
2018-12-02 20:00,11.008
2018-12-02 20:15,11.008
2018-12-02 20:30,11.008
2018-12-02 20:45,11.008
2018-12-02 21:00,11.008
2018-12-02 21:15,10.756
2018-12-02 21:30,10.504
2018-12-02 21:45,10.252
2018-12-02 22:00,10.0
2018-12-02 22:15,10.019
2018-12-02 22:30,10.038
2018-12-02 22:45,10.058
2018-12-02 23:00,10.077
2018-12-02 23:15,9.95
2018-12-02 23:30,9.823
2018-12-02 23:45,9.696
2018-12-03 00:00,9.569
2018-12-03 00:15,9.425
2018-12-03 00:30,9.281
2018-12-03 00:45,9.137
2018-12-03 01:00,8.992
2018-12-03 01:15,9.002
2018-12-03 01:30,9.012
2018-12-03 01:45,9.021
2018-12-03 02:00,9.031
2018-12-03 02:15,9.031
2018-12-03 02:30,9.031
2018-12-03 02:45,9.031
2018-12-03 03:00,9.031
2018-12-03 03:15,9.031
2018-12-03 03:30,9.031
2018-12-03 03:45,9.031
2018-12-03 04:00,9.031
2018-12-03 04:15,9.002
2018-12-03 04:30,8.973
2018-12-03 04:45,8.944
2018-12-03 05:00,8.916
2018-12-03 05:15,8.687
2018-12-03 05:30,8.458
2018-12-03 05:45,8.229
2018-12-03 06:00,8.0
2018-12-03 06:15,7.927
2018-12-03 06:30,7.854
2018-12-03 06:45,7.781
2018-12-03 07:00,7.708
2018-12-03 07:15,7.525
2018-12-03 07:30,7.342
2018-12-03 07:45,7.159
2018-12-03 08:00,6.977
2018-12-03 08:15,6.977
2018-12-03 08:30,6.977
2018-12-03 08:45,6.977
2018-12-03 09:00,6.977
2018-12-03 09:15,7.133
2018-12-03 09:30,7.288
2018-12-03 09:45,7.444
2018-12-03 10:00,7.6
2018-12-03 10:15,7.804
2018-12-03 10:30,8.008
2018-12-03 10:45,8.212
2018-12-03 11:00,8.416
2018-12-03 11:15,8.502
2018-12-03 11:30,8.588
2018-12-03 11:45,8.675
2018-12-03 12:00,8.762
2018-12-03 12:15,8.829
2018-12-03 12:30,8.896
2018-12-03 12:45,8.963
2018-12-03 13:00,9.031
2018-12-03 13:15,9.4
2018-12-03 13:30,9.769
2018-12-03 13:45,10.138
2018-12-03 14:00,10.508
2018-12-03 14:15,10.808
2018-12-03 14:30,11.108
2018-12-03 14:45,11.408
2018-12-03 15:00,11.708
2018-12-03 15:15,11.775
2018-12-03 15:30,11.842
2018-12-03 15:45,11.909
2018-12-03 16:00,11.977
2018-12-03 16:15,11.85
2018-12-03 16:30,11.723
2018-12-03 16:45,11.596
2018-12-03 17:00,11.469
2018-12-03 17:15,11.275
2018-12-03 17:30,11.081
2018-12-03 17:45,10.887
2018-12-03 18:00,10.692
2018-12-03 18:15,10.256
2018-12-03 18:30,9.819
2018-12-03 18:45,9.383
2018-12-03 19:00,8.946
2018-12-03 19:15,8.656
2018-12-03 19:30,8.366
2018-12-03 19:45,8.075
2018-12-03 20:00,7.784
2018-12-03 20:15,7.466
2018-12-03 20:30,7.146
2018-12-03 20:45,6.827
2018-12-03 21:00,6.508
2018-12-03 21:15,6.284
2018-12-03 21:30,6.062
2018-12-03 21:45,5.838
2018-12-03 22:00,5.616
2018-12-03 22:15,5.229
2018-12-03 22:30,4.842
2018-12-03 22:45,4.456
2018-12-03 23:00,4.069
2018-12-03 23:15,3.837
2018-12-03 23:30,3.604
2018-12-03 23:45,3.371
2018-12-04 00:00,3.138
2018-12-04 00:15,2.915
2018-12-04 00:30,2.692
2018-12-04 00:45,2.469
2018-12-04 01:00,2.246
2018-12-04 01:15,1.965
2018-12-04 01:30,1.684
2018-12-04 01:45,1.404
2018-12-04 02:00,1.123
2018-12-04 02:15,0.9
2018-12-04 02:30,0.677
2018-12-04 02:45,0.454
2018-12-04 03:00,0.231
2018-12-04 03:15,0.066
2018-12-04 03:30,-0.1
2018-12-04 03:45,-0.266
2018-12-04 04:00,-0.431
2018-12-04 04:15,-0.575
2018-12-04 04:30,-0.719
2018-12-04 04:45,-0.863
2018-12-04 05:00,-1.008
2018-12-04 05:15,-1.008
2018-12-04 05:30,-1.008
2018-12-04 05:45,-1.008
2018-12-04 06:00,-1.008
2018-12-04 06:15,-1.241
2018-12-04 06:30,-1.473
2018-12-04 06:45,-1.706
2018-12-04 07:00,-1.938
2018-12-04 07:15,-1.958
2018-12-04 07:30,-1.977
2018-12-04 07:45,-1.996
2018-12-04 08:00,-2.016
2018-12-04 08:15,-1.975
2018-12-04 08:30,-1.934
2018-12-04 08:45,-1.894
2018-12-04 09:00,-1.854
2018-12-04 09:15,-1.437
2018-12-04 09:30,-1.019
2018-12-04 09:45,-0.602
2018-12-04 10:00,-0.184
2018-12-04 10:15,0.241
2018-12-04 10:30,0.666
2018-12-04 10:45,1.091
2018-12-04 11:00,1.516
2018-12-04 11:15,1.834
2018-12-04 11:30,2.154
2018-12-04 11:45,2.473
2018-12-04 12:00,2.792
2018-12-04 12:15,3.075
2018-12-04 12:30,3.358
2018-12-04 12:45,3.641
2018-12-04 13:00,3.923
2018-12-04 13:15,4.437
2018-12-04 13:30,4.95
2018-12-04 13:45,5.463
2018-12-04 14:00,5.977
2018-12-04 14:15,6.256
2018-12-04 14:30,6.534
2018-12-04 14:45,6.813
2018-12-04 15:00,7.092
2018-12-04 15:15,7.073
2018-12-04 15:30,7.054
2018-12-04 15:45,7.034
2018-12-04 16:00,7.016
2018-12-04 16:15,7.006
2018-12-04 16:30,6.996
2018-12-04 16:45,6.987
2018-12-04 17:00,6.977
2018-12-04 17:15,6.977
2018-12-04 17:30,6.977
2018-12-04 17:45,6.977
2018-12-04 18:00,6.977
2018-12-04 18:15,6.831
2018-12-04 18:30,6.684
2018-12-04 18:45,6.538
2018-12-04 19:00,6.392
2018-12-04 19:15,6.296
2018-12-04 19:30,6.2
2018-12-04 19:45,6.104
2018-12-04 20:00,6.008
2018-12-04 20:15,5.998
2018-12-04 20:30,5.988
2018-12-04 20:45,5.979
2018-12-04 21:00,5.969
2018-12-04 21:15,5.969
2018-12-04 21:30,5.969
2018-12-04 21:45,5.969
2018-12-04 22:00,5.969
2018-12-04 22:15,5.95
2018-12-04 22:30,5.931
2018-12-04 22:45,5.912
2018-12-04 23:00,5.892
2018-12-04 23:15,5.444
2018-12-04 23:30,4.996
2018-12-04 23:45,4.548
2018-12-05 00:00,4.1
2018-12-05 00:15,3.684
2018-12-05 00:30,3.269
2018-12-05 00:45,2.854
2018-12-05 01:00,2.438
2018-12-05 01:15,2.246
2018-12-05 01:30,2.054
2018-12-05 01:45,1.862
2018-12-05 02:00,1.669
2018-12-05 02:15,1.523
2018-12-05 02:30,1.377
2018-12-05 02:45,1.231
2018-12-05 03:00,1.084
2018-12-05 03:15,0.871
2018-12-05 03:30,0.658
2018-12-05 03:45,0.444
2018-12-05 04:00,0.231
2018-12-05 04:15,0.192
2018-12-05 04:30,0.154
2018-12-05 04:45,0.116
2018-12-05 05:00,0.077
2018-12-05 05:15,-0.069
2018-12-05 05:30,-0.216
2018-12-05 05:45,-0.362
2018-12-05 06:00,-0.508
2018-12-05 06:15,-0.498
2018-12-05 06:30,-0.488
2018-12-05 06:45,-0.479
2018-12-05 07:00,-0.469
2018-12-05 07:15,-0.527
2018-12-05 07:30,-0.584
2018-12-05 07:45,-0.642
2018-12-05 08:00,-0.7
2018-12-05 08:15,-0.758
2018-12-05 08:30,-0.816
2018-12-05 08:45,-0.873
2018-12-05 09:00,-0.931
2018-12-05 09:15,-0.652
2018-12-05 09:30,-0.373
2018-12-05 09:45,-0.093
2018-12-05 10:00,0.186
2018-12-05 10:15,0.887
2018-12-05 10:30,1.589
2018-12-05 10:45,2.291
2018-12-05 11:00,2.992
2018-12-05 11:15,3.642
2018-12-05 11:30,4.292
2018-12-05 11:45,4.942
2018-12-05 12:00,5.592
2018-12-05 12:15,6.017
2018-12-05 12:30,6.442
2018-12-05 12:45,6.867
2018-12-05 13:00,7.292
2018-12-05 13:15,7.708
2018-12-05 13:30,8.123
2018-12-05 13:45,8.538
2018-12-05 14:00,8.954
2018-12-05 14:15,9.409
2018-12-05 14:30,9.866
2018-12-05 14:45,10.321
2018-12-05 15:00,10.777
2018-12-05 15:15,10.962
2018-12-05 15:30,11.146
2018-12-05 15:45,11.331
2018-12-05 16:00,11.516
2018-12-05 16:15,11.6
2018-12-05 16:30,11.684
2018-12-05 16:45,11.769
2018-12-05 17:00,11.854
2018-12-05 17:15,11.563
2018-12-05 17:30,11.273
2018-12-05 17:45,10.983
2018-12-05 18:00,10.692
2018-12-05 18:15,10.519
2018-12-05 18:30,10.346
2018-12-05 18:45,10.173
2018-12-05 19:00,10.0
2018-12-05 19:15,9.873
2018-12-05 19:30,9.746
2018-12-05 19:45,9.619
2018-12-05 20:00,9.492
2018-12-05 20:15,9.183
2018-12-05 20:30,8.873
2018-12-05 20:45,8.563
2018-12-05 21:00,8.254
2018-12-05 21:15,8.187
2018-12-05 21:30,8.119
2018-12-05 21:45,8.052
2018-12-05 22:00,7.984
2018-12-05 22:15,7.994
2018-12-05 22:30,8.004
2018-12-05 22:45,8.013
2018-12-05 23:00,8.023
2018-12-05 23:15,8.112
2018-12-05 23:30,8.2
2018-12-05 23:45,8.288
2018-12-06 00:00,8.377
2018-12-06 00:15,8.541
2018-12-06 00:30,8.704
2018-12-06 00:45,8.867
2018-12-06 01:00,9.031
2018-12-06 01:15,9.05
2018-12-06 01:30,9.069
2018-12-06 01:45,9.088
2018-12-06 02:00,9.108
2018-12-06 02:15,9.223
2018-12-06 02:30,9.338
2018-12-06 02:45,9.454
2018-12-06 03:00,9.569
2018-12-06 03:15,9.677
2018-12-06 03:30,9.784
2018-12-06 03:45,9.892
2018-12-06 04:00,10.0
2018-12-06 04:15,10.0
2018-12-06 04:30,10.0
2018-12-06 04:45,10.0
2018-12-06 05:00,10.0
2018-12-06 05:15,9.981
2018-12-06 05:30,9.962
2018-12-06 05:45,9.942
2018-12-06 06:00,9.923
2018-12-06 06:15,9.846
2018-12-06 06:30,9.769
2018-12-06 06:45,9.692
2018-12-06 07:00,9.616
2018-12-06 07:15,9.662
2018-12-06 07:30,9.708
2018-12-06 07:45,9.754
2018-12-06 08:00,9.8
2018-12-06 08:15,9.85
2018-12-06 08:30,9.9
2018-12-06 08:45,9.95
2018-12-06 09:00,10.0
2018-12-06 09:15,10.05
2018-12-06 09:30,10.1
2018-12-06 09:45,10.15
2018-12-06 10:00,10.2
2018-12-06 10:15,10.392
2018-12-06 10:30,10.584
2018-12-06 10:45,10.777
2018-12-06 11:00,10.969
2018-12-06 11:15,10.969
2018-12-06 11:30,10.969
2018-12-06 11:45,10.969
2018-12-06 12:00,10.969
2018-12-06 12:15,10.979
2018-12-06 12:30,10.988
2018-12-06 12:45,10.998
2018-12-06 13:00,11.008
2018-12-06 13:15,10.998
2018-12-06 13:30,10.988
2018-12-06 13:45,10.979
2018-12-06 14:00,10.969
2018-12-06 14:15,10.888
2018-12-06 14:30,10.806
2018-12-06 14:45,10.724
2018-12-06 15:00,10.643
2018-12-06 15:15,10.482
2018-12-06 15:30,10.322
2018-12-06 15:45,10.161
2018-12-06 16:00,10.0
2018-12-06 16:15,10.0
2018-12-06 16:30,10.0
2018-12-06 16:45,10.0
2018-12-06 17:00,10.0
2018-12-06 17:15,10.0
2018-12-06 17:30,10.0
2018-12-06 17:45,10.0
2018-12-06 18:00,10.0
2018-12-06 18:15,10.275
2018-12-06 18:30,10.55
2018-12-06 18:45,10.825
2018-12-06 19:00,11.1
2018-12-06 19:15,11.1
2018-12-06 19:30,11.1
2018-12-06 19:45,11.1
2018-12-06 20:00,11.1
2018-12-06 20:15,11.1
2018-12-06 20:30,11.1
2018-12-06 20:45,11.1
2018-12-06 21:00,11.1
2018-12-06 21:15,11.1
2018-12-06 21:30,11.1
2018-12-06 21:45,11.1
2018-12-06 22:00,11.1
2018-12-06 22:15,11.1
2018-12-06 22:30,11.1
2018-12-06 22:45,11.1
2018-12-06 23:00,11.1
2018-12-06 23:15,10.743
2018-12-06 23:30,10.386
2018-12-06 23:45,10.028
2018-12-07 00:00,9.672
2018-12-07 00:15,9.452
2018-12-07 00:30,9.232
2018-12-07 00:45,9.012
2018-12-07 01:00,8.792
2018-12-07 01:15,8.591
2018-12-07 01:30,8.388
2018-12-07 01:45,8.187
2018-12-07 02:00,7.984
2018-12-07 02:15,7.799
2018-12-07 02:30,7.614
2018-12-07 02:45,7.428
2018-12-07 03:00,7.243
2018-12-07 03:15,7.186
2018-12-07 03:30,7.129
2018-12-07 03:45,7.072
2018-12-07 04:00,7.016
2018-12-07 04:15,7.027
2018-12-07 04:30,7.038
2018-12-07 04:45,7.05
2018-12-07 05:00,7.062
2018-12-07 05:15,7.05
2018-12-07 05:30,7.038
2018-12-07 05:45,7.027
2018-12-07 06:00,7.016
2018-12-07 06:15,7.016
2018-12-07 06:30,7.016
2018-12-07 06:45,7.016
2018-12-07 07:00,7.016
2018-12-07 07:15,7.016
2018-12-07 07:30,7.016
2018-12-07 07:45,7.016
2018-12-07 08:00,7.016
2018-12-07 08:15,7.016
2018-12-07 08:30,7.016
2018-12-07 08:45,7.016
2018-12-07 09:00,7.016
2018-12-07 09:15,7.006
2018-12-07 09:30,6.995
2018-12-07 09:45,6.985
2018-12-07 10:00,6.975
2018-12-07 10:15,6.971
2018-12-07 10:30,6.966
2018-12-07 10:45,6.962
2018-12-07 11:00,6.957
2018-12-07 11:15,6.962
2018-12-07 11:30,6.967
2018-12-07 11:45,6.972
2018-12-07 12:00,6.977
2018-12-07 12:15,6.977
2018-12-07 12:30,6.977
2018-12-07 12:45,6.977
2018-12-07 13:00,6.977
2018-12-07 13:15,6.926
2018-12-07 13:30,6.874
2018-12-07 13:45,6.823
2018-12-07 14:00,6.772
2018-12-07 14:15,6.677
2018-12-07 14:30,6.582
2018-12-07 14:45,6.487
2018-12-07 15:00,6.392
2018-12-07 15:15,6.287
2018-12-07 15:30,6.181
2018-12-07 15:45,6.075
2018-12-07 16:00,5.969
2018-12-07 16:15,5.969
2018-12-07 16:30,5.969
2018-12-07 16:45,5.969
2018-12-07 17:00,5.969
2018-12-07 17:15,5.969
2018-12-07 17:30,5.969
2018-12-07 17:45,5.969
2018-12-07 18:00,5.969
2018-12-07 18:15,5.784
2018-12-07 18:30,5.6
2018-12-07 18:45,5.416
2018-12-07 19:00,5.231
2018-12-07 19:15,5.173
2018-12-07 19:30,5.116
2018-12-07 19:45,5.058
2018-12-07 20:00,5.0
2018-12-07 20:15,5.0
2018-12-07 20:30,5.0
2018-12-07 20:45,5.0
2018-12-07 21:00,5.0
2018-12-07 21:15,5.0
2018-12-07 21:30,5.0
2018-12-07 21:45,5.0
2018-12-07 22:00,5.0
2018-12-07 22:15,5.0
2018-12-07 22:30,5.0
2018-12-07 22:45,5.0
2018-12-07 23:00,5.0
2018-12-07 23:15,5.0
2018-12-07 23:30,5.0
2018-12-07 23:45,5.0
2018-12-08 00:00,5.0
2018-12-08 00:15,5.0
2018-12-08 00:30,5.0
2018-12-08 00:45,5.0
2018-12-08 01:00,5.0
2018-12-08 01:15,5.0
2018-12-08 01:30,5.0
2018-12-08 01:45,5.0
2018-12-08 02:00,5.0
2018-12-08 02:15,4.957
2018-12-08 02:30,4.913
2018-12-08 02:45,4.87
2018-12-08 03:00,4.827
2018-12-08 03:15,4.628
2018-12-08 03:30,4.429
2018-12-08 03:45,4.23
2018-12-08 04:00,4.031
2018-12-08 04:15,4.021
2018-12-08 04:30,4.012
2018-12-08 04:45,4.002
2018-12-08 05:00,3.992
2018-12-08 05:15,3.992
2018-12-08 05:30,3.992
2018-12-08 05:45,3.992
2018-12-08 06:00,3.992
2018-12-08 06:15,3.992
2018-12-08 06:30,3.992
2018-12-08 06:45,3.992
2018-12-08 07:00,3.992
2018-12-08 07:15,3.75
2018-12-08 07:30,3.508
2018-12-08 07:45,3.266
2018-12-08 08:00,3.023
2018-12-08 08:15,3.023
2018-12-08 08:30,3.023
2018-12-08 08:45,3.023
2018-12-08 09:00,3.023
2018-12-08 09:15,3.028
2018-12-08 09:30,3.033
2018-12-08 09:45,3.038
2018-12-08 10:00,3.043
2018-12-08 10:15,3.053
2018-12-08 10:30,3.064
2018-12-08 10:45,3.075
2018-12-08 11:00,3.086
2018-12-08 11:15,3.257
2018-12-08 11:30,3.428
2018-12-08 11:45,3.6
2018-12-08 12:00,3.772
2018-12-08 12:15,3.825
2018-12-08 12:30,3.878
2018-12-08 12:45,3.932
2018-12-08 13:00,3.986
2018-12-08 13:15,3.968
2018-12-08 13:30,3.951
2018-12-08 13:45,3.933
2018-12-08 14:00,3.916
2018-12-08 14:15,3.825
2018-12-08 14:30,3.734
2018-12-08 14:45,3.644
2018-12-08 15:00,3.554
2018-12-08 15:15,3.421
2018-12-08 15:30,3.288
2018-12-08 15:45,3.156
2018-12-08 16:00,3.023
2018-12-08 16:15,3.023
2018-12-08 16:30,3.023
2018-12-08 16:45,3.023
2018-12-08 17:00,3.023
2018-12-08 17:15,3.013
2018-12-08 17:30,3.004
2018-12-08 17:45,2.994
2018-12-08 18:00,2.984
2018-12-08 18:15,2.984
2018-12-08 18:30,2.984
2018-12-08 18:45,2.984
2018-12-08 19:00,2.984
2018-12-08 19:15,2.871
2018-12-08 19:30,2.757
2018-12-08 19:45,2.643
2018-12-08 20:00,2.528
2018-12-08 20:15,2.603
2018-12-08 20:30,2.678
2018-12-08 20:45,2.753
2018-12-08 21:00,2.828
2018-12-08 21:15,2.868
2018-12-08 21:30,2.907
2018-12-08 21:45,2.946
2018-12-08 22:00,2.984
2018-12-08 22:15,2.973
2018-12-08 22:30,2.962
2018-12-08 22:45,2.95
2018-12-08 23:00,2.938
2018-12-08 23:15,2.834
2018-12-08 23:30,2.731
2018-12-08 23:45,2.627
2018-12-09 00:00,2.523
2018-12-09 00:15,2.399
2018-12-09 00:30,2.275
2018-12-09 00:45,2.151
2018-12-09 01:00,2.027
2018-12-09 01:15,2.027
2018-12-09 01:30,2.028
2018-12-09 01:45,2.028
2018-12-09 02:00,2.028
2018-12-09 02:15,2.019
2018-12-09 02:30,2.011
2018-12-09 02:45,2.002
2018-12-09 03:00,1.993
2018-12-09 03:15,1.998
2018-12-09 03:30,2.004
2018-12-09 03:45,2.01
2018-12-09 04:00,2.016
2018-12-09 04:15,2.019
2018-12-09 04:30,2.022
2018-12-09 04:45,2.025
2018-12-09 05:00,2.028
2018-12-09 05:15,2.025
2018-12-09 05:30,2.022
2018-12-09 05:45,2.019
2018-12-09 06:00,2.016
2018-12-09 06:15,2.016
2018-12-09 06:30,2.016
2018-12-09 06:45,2.016
2018-12-09 07:00,2.016
2018-12-09 07:15,2.016
2018-12-09 07:30,2.016
2018-12-09 07:45,2.016
2018-12-09 08:00,2.016
2018-12-09 08:15,2.066
2018-12-09 08:30,2.116
2018-12-09 08:45,2.166
2018-12-09 09:00,2.216
2018-12-09 09:15,2.408
2018-12-09 09:30,2.6
2018-12-09 09:45,2.792
2018-12-09 10:00,2.984
2018-12-09 10:15,3.131
2018-12-09 10:30,3.277
2018-12-09 10:45,3.423
2018-12-09 11:00,3.569
2018-12-09 11:15,3.862
2018-12-09 11:30,4.154
2018-12-09 11:45,4.446
2018-12-09 12:00,4.738
2018-12-09 12:15,5.087
2018-12-09 12:30,5.434
2018-12-09 12:45,5.783
2018-12-09 13:00,6.131
2018-12-09 13:15,6.488
2018-12-09 13:30,6.846
2018-12-09 13:45,7.204
2018-12-09 14:00,7.562
2018-12-09 14:15,7.881
2018-12-09 14:30,8.2
2018-12-09 14:45,8.519
2018-12-09 15:00,8.838
2018-12-09 15:15,8.887
2018-12-09 15:30,8.934
2018-12-09 15:45,8.983
2018-12-09 16:00,9.031
2018-12-09 16:15,9.05
2018-12-09 16:30,9.069
2018-12-09 16:45,9.088
2018-12-09 17:00,9.108
2018-12-09 17:15,8.971
2018-12-09 17:30,8.834
2018-12-09 17:45,8.698
2018-12-09 18:00,8.562
2018-12-09 18:15,8.173
2018-12-09 18:30,7.784
2018-12-09 18:45,7.396
2018-12-09 19:00,7.008
2018-12-09 19:15,6.613
2018-12-09 19:30,6.219
2018-12-09 19:45,5.825
2018-12-09 20:00,5.431
2018-12-09 20:15,5.119
2018-12-09 20:30,4.808
2018-12-09 20:45,4.496
2018-12-09 21:00,4.184
2018-12-09 21:15,4.067
2018-12-09 21:30,3.95
2018-12-09 21:45,3.833
2018-12-09 22:00,3.716
2018-12-09 22:15,3.542
2018-12-09 22:30,3.369
2018-12-09 22:45,3.196
2018-12-09 23:00,3.023
2018-12-09 23:15,3.013
2018-12-09 23:30,3.004
2018-12-09 23:45,2.994
2018-12-10 00:00,2.984
2018-12-10 00:15,2.934
2018-12-10 00:30,2.884
2018-12-10 00:45,2.834
2018-12-10 01:00,2.784
2018-12-10 01:15,2.631
2018-12-10 01:30,2.477
2018-12-10 01:45,2.323
2018-12-10 02:00,2.169
2018-12-10 02:15,2.15
2018-12-10 02:30,2.131
2018-12-10 02:45,2.112
2018-12-10 03:00,2.092
2018-12-10 03:15,1.987
2018-12-10 03:30,1.881
2018-12-10 03:45,1.775
2018-12-10 04:00,1.669
2018-12-10 04:15,1.562
2018-12-10 04:30,1.454
2018-12-10 04:45,1.346
2018-12-10 05:00,1.238
2018-12-10 05:15,1.113
2018-12-10 05:30,0.988
2018-12-10 05:45,0.863
2018-12-10 06:00,0.738
2018-12-10 06:15,0.727
2018-12-10 06:30,0.716
2018-12-10 06:45,0.704
2018-12-10 07:00,0.692
2018-12-10 07:15,0.441
2018-12-10 07:30,0.188
2018-12-10 07:45,-0.063
2018-12-10 08:00,-0.316
2018-12-10 08:15,-0.294
2018-12-10 08:30,-0.273
2018-12-10 08:45,-0.252
2018-12-10 09:00,-0.231
2018-12-10 09:15,0.138
2018-12-10 09:30,0.508
2018-12-10 09:45,0.877
2018-12-10 10:00,1.246
2018-12-10 10:15,2.129
2018-12-10 10:30,3.012
2018-12-10 10:45,3.894
2018-12-10 11:00,4.777
2018-12-10 11:15,5.492
2018-12-10 11:30,6.208
2018-12-10 11:45,6.923
2018-12-10 12:00,7.638
2018-12-10 12:15,8.231
2018-12-10 12:30,8.823
2018-12-10 12:45,9.416
2018-12-10 13:00,10.008
2018-12-10 13:15,10.491
2018-12-10 13:30,10.973
2018-12-10 13:45,11.456
2018-12-10 14:00,11.938
2018-12-10 14:15,12.183
2018-12-10 14:30,12.427
2018-12-10 14:45,12.671
2018-12-10 15:00,12.916
2018-12-10 15:15,13.088
2018-12-10 15:30,13.262
2018-12-10 15:45,13.434
2018-12-10 16:00,13.608
2018-12-10 16:15,13.704
2018-12-10 16:30,13.8
2018-12-10 16:45,13.896
2018-12-10 17:00,13.992
2018-12-10 17:15,13.875
2018-12-10 17:30,13.758
2018-12-10 17:45,13.641
2018-12-10 18:00,13.523
2018-12-10 18:15,12.873
2018-12-10 18:30,12.223
2018-12-10 18:45,11.573
2018-12-10 19:00,10.923
2018-12-10 19:15,10.527
2018-12-10 19:30,10.131
2018-12-10 19:45,9.734
2018-12-10 20:00,9.338
2018-12-10 20:15,9.144
2018-12-10 20:30,8.95
2018-12-10 20:45,8.756
2018-12-10 21:00,8.562
2018-12-10 21:15,8.329
2018-12-10 21:30,8.096
2018-12-10 21:45,7.863
2018-12-10 22:00,7.631
2018-12-10 22:15,7.516
2018-12-10 22:30,7.4
2018-12-10 22:45,7.284
2018-12-10 23:00,7.169
2018-12-10 23:15,7.208
2018-12-10 23:30,7.246
2018-12-10 23:45,7.284
2018-12-11 00:00,7.323
2018-12-11 00:15,6.946
2018-12-11 00:30,6.569
2018-12-11 00:45,6.192
2018-12-11 01:00,5.816
2018-12-11 01:15,5.638
2018-12-11 01:30,5.462
2018-12-11 01:45,5.284
2018-12-11 02:00,5.108
2018-12-11 02:15,4.838
2018-12-11 02:30,4.569
2018-12-11 02:45,4.3
2018-12-11 03:00,4.031
2018-12-11 03:15,3.963
2018-12-11 03:30,3.896
2018-12-11 03:45,3.829
2018-12-11 04:00,3.762
2018-12-11 04:15,3.683
2018-12-11 04:30,3.604
2018-12-11 04:45,3.525
2018-12-11 05:00,3.446
2018-12-11 05:15,3.184
2018-12-11 05:30,2.923
2018-12-11 05:45,2.662
2018-12-11 06:00,2.4
2018-12-11 06:15,2.367
2018-12-11 06:30,2.333
2018-12-11 06:45,2.3
2018-12-11 07:00,2.267
2018-12-11 07:15,2.288
2018-12-11 07:30,2.308
2018-12-11 07:45,2.329
2018-12-11 08:00,2.35
2018-12-11 08:15,2.383
2018-12-11 08:30,2.417
2018-12-11 08:45,2.45
2018-12-11 09:00,2.483
2018-12-11 09:15,3.115
2018-12-11 09:30,3.746
2018-12-11 09:45,4.378
2018-12-11 10:00,5.009
2018-12-11 10:15,5.786
2018-12-11 10:30,6.563
2018-12-11 10:45,7.34
2018-12-11 11:00,8.117
2018-12-11 11:15,8.997
2018-12-11 11:30,9.878
2018-12-11 11:45,10.758
2018-12-11 12:00,11.638
2018-12-11 12:15,12.217
2018-12-11 12:30,12.796
2018-12-11 12:45,13.375
2018-12-11 13:00,13.954
2018-12-11 13:15,14.208
2018-12-11 13:30,14.462
2018-12-11 13:45,14.716
2018-12-11 14:00,14.969
2018-12-11 14:15,15.092
2018-12-11 14:30,15.216
2018-12-11 14:45,15.338
2018-12-11 15:00,15.462
2018-12-11 15:15,15.327
2018-12-11 15:30,15.192
2018-12-11 15:45,15.058
2018-12-11 16:00,14.923
2018-12-11 16:15,14.729
2018-12-11 16:30,14.534
2018-12-11 16:45,14.341
2018-12-11 17:00,14.146
2018-12-11 17:15,13.981
2018-12-11 17:30,13.816
2018-12-11 17:45,13.65
2018-12-11 18:00,13.484
2018-12-11 18:15,13.291
2018-12-11 18:30,13.096
2018-12-11 18:45,12.902
2018-12-11 19:00,12.708
2018-12-11 19:15,12.475
2018-12-11 19:30,12.242
2018-12-11 19:45,12.009
2018-12-11 20:00,11.777
2018-12-11 20:15,11.623
2018-12-11 20:30,11.469
2018-12-11 20:45,11.316
2018-12-11 21:00,11.162
2018-12-11 21:15,11.181
2018-12-11 21:30,11.2
2018-12-11 21:45,11.219
2018-12-11 22:00,11.238
2018-12-11 22:15,11.181
2018-12-11 22:30,11.123
2018-12-11 22:45,11.066
2018-12-11 23:00,11.008
2018-12-11 23:15,10.998
2018-12-11 23:30,10.988
2018-12-11 23:45,10.979
2018-12-12 00:00,10.969
2018-12-12 00:15,10.754
2018-12-12 00:30,10.538
2018-12-12 00:45,10.323
2018-12-12 01:00,10.108
2018-12-12 01:15,9.829
2018-12-12 01:30,9.55
2018-12-12 01:45,9.271
2018-12-12 02:00,8.992
2018-12-12 02:15,8.992
2018-12-12 02:30,8.992
2018-12-12 02:45,8.992
2018-12-12 03:00,8.992
2018-12-12 03:15,9.002
2018-12-12 03:30,9.012
2018-12-12 03:45,9.021
2018-12-12 04:00,9.031
2018-12-12 04:15,9.031
2018-12-12 04:30,9.031
2018-12-12 04:45,9.031
2018-12-12 05:00,9.031
2018-12-12 05:15,9.021
2018-12-12 05:30,9.012
2018-12-12 05:45,9.002
2018-12-12 06:00,8.992
2018-12-12 06:15,8.934
2018-12-12 06:30,8.877
2018-12-12 06:45,8.819
2018-12-12 07:00,8.762
2018-12-12 07:15,8.673
2018-12-12 07:30,8.584
2018-12-12 07:45,8.496
2018-12-12 08:00,8.408
2018-12-12 08:15,8.484
2018-12-12 08:30,8.562
2018-12-12 08:45,8.638
2018-12-12 09:00,8.716
2018-12-12 09:15,8.844
2018-12-12 09:30,8.973
2018-12-12 09:45,9.102
2018-12-12 10:00,9.231
2018-12-12 10:15,9.55
2018-12-12 10:30,9.869
2018-12-12 10:45,10.188
2018-12-12 11:00,10.508
2018-12-12 11:15,10.741
2018-12-12 11:30,10.973
2018-12-12 11:45,11.206
2018-12-12 12:00,11.438
2018-12-12 12:15,11.695
2018-12-12 12:30,11.951
2018-12-12 12:45,12.208
2018-12-12 13:00,12.464
2018-12-12 13:15,12.741
2018-12-12 13:30,13.017
2018-12-12 13:45,13.293
2018-12-12 14:00,13.569
2018-12-12 14:15,13.958
2018-12-12 14:30,14.346
2018-12-12 14:45,14.734
2018-12-12 15:00,15.123
2018-12-12 15:15,15.452
2018-12-12 15:30,15.781
2018-12-12 15:45,16.109
2018-12-12 16:00,16.438
2018-12-12 16:15,16.573
2018-12-12 16:30,16.708
2018-12-12 16:45,16.842
2018-12-12 17:00,16.977
2018-12-12 17:15,16.888
2018-12-12 17:30,16.8
2018-12-12 17:45,16.712
2018-12-12 18:00,16.623
2018-12-12 18:15,16.459
2018-12-12 18:30,16.296
2018-12-12 18:45,16.133
2018-12-12 19:00,15.969
2018-12-12 19:15,15.919
2018-12-12 19:30,15.869
2018-12-12 19:45,15.819
2018-12-12 20:00,15.769
2018-12-12 20:15,15.577
2018-12-12 20:30,15.384
2018-12-12 20:45,15.192
2018-12-12 21:00,15.0
2018-12-12 21:15,15.0
2018-12-12 21:30,15.0
2018-12-12 21:45,15.0
2018-12-12 22:00,15.0
2018-12-12 22:15,15.088
2018-12-12 22:30,15.177
2018-12-12 22:45,15.266
2018-12-12 23:00,15.354
2018-12-12 23:15,15.508
2018-12-12 23:30,15.662
2018-12-12 23:45,15.816
2018-12-13 00:00,15.969
2018-12-13 00:15,15.969
2018-12-13 00:30,15.969
2018-12-13 00:45,15.969
2018-12-13 01:00,15.969
2018-12-13 01:15,15.716
2018-12-13 01:30,15.462
2018-12-13 01:45,15.208
2018-12-13 02:00,14.954
2018-12-13 02:15,14.713
2018-12-13 02:30,14.473
2018-12-13 02:45,14.233
2018-12-13 03:00,13.992
2018-12-13 03:15,14.126
2018-12-13 03:30,14.261
2018-12-13 03:45,14.394
2018-12-13 04:00,14.528
2018-12-13 04:15,14.663
2018-12-13 04:30,14.798
2018-12-13 04:45,14.932
2018-12-13 05:00,15.067
2018-12-13 05:15,15.184
2018-12-13 05:30,15.303
2018-12-13 05:45,15.421
2018-12-13 06:00,15.538
2018-12-13 06:15,15.384
2018-12-13 06:30,15.231
2018-12-13 06:45,15.077
2018-12-13 07:00,14.923
2018-12-13 07:15,14.719
2018-12-13 07:30,14.516
2018-12-13 07:45,14.312
2018-12-13 08:00,14.108
2018-12-13 08:15,14.095
2018-12-13 08:30,14.082
2018-12-13 08:45,14.07
2018-12-13 09:00,14.057
2018-12-13 09:15,14.233
2018-12-13 09:30,14.408
2018-12-13 09:45,14.584
2018-12-13 10:00,14.76
2018-12-13 10:15,14.987
2018-12-13 10:30,15.214
2018-12-13 10:45,15.442
2018-12-13 11:00,15.669
2018-12-13 11:15,15.938
2018-12-13 11:30,16.208
2018-12-13 11:45,16.477
2018-12-13 12:00,16.746
2018-12-13 12:15,16.808
2018-12-13 12:30,16.869
2018-12-13 12:45,16.931
2018-12-13 13:00,16.993
2018-12-13 13:15,16.933
2018-12-13 13:30,16.873
2018-12-13 13:45,16.813
2018-12-13 14:00,16.754
2018-12-13 14:15,16.587
2018-12-13 14:30,16.42
2018-12-13 14:45,16.253
2018-12-13 15:00,16.086
2018-12-13 15:15,15.141
2018-12-13 15:30,14.196
2018-12-13 15:45,13.252
2018-12-13 16:00,12.307
2018-12-13 16:15,11.477
2018-12-13 16:30,10.646
2018-12-13 16:45,9.816
2018-12-13 17:00,8.986
2018-12-13 17:15,8.754
2018-12-13 17:30,8.524
2018-12-13 17:45,8.293
2018-12-13 18:00,8.062
2018-12-13 18:15,7.819
2018-12-13 18:30,7.577
2018-12-13 18:45,7.334
2018-12-13 19:00,7.092
2018-12-13 19:15,7.073
2018-12-13 19:30,7.054
2018-12-13 19:45,7.034
2018-12-13 20:00,7.016
2018-12-13 20:15,7.006
2018-12-13 20:30,6.996
2018-12-13 20:45,6.987
2018-12-13 21:00,6.977
2018-12-13 21:15,6.987
2018-12-13 21:30,6.996
2018-12-13 21:45,7.006
2018-12-13 22:00,7.016
2018-12-13 22:15,6.956
2018-12-13 22:30,6.896
2018-12-13 22:45,6.837
2018-12-13 23:00,6.777
2018-12-13 23:15,6.586
2018-12-13 23:30,6.396
2018-12-13 23:45,6.205
2018-12-14 00:00,6.014
2018-12-14 00:15,6.014
2018-12-14 00:30,6.014
2018-12-14 00:45,6.013
2018-12-14 01:00,6.013
2018-12-14 01:15,6.013
2018-12-14 01:30,6.013
2018-12-14 01:45,6.013
2018-12-14 02:00,6.013
2018-12-14 02:15,6.013
2018-12-14 02:30,6.014
2018-12-14 02:45,6.014
2018-12-14 03:00,6.014
2018-12-14 03:15,6.013
2018-12-14 03:30,6.011
2018-12-14 03:45,6.009
2018-12-14 04:00,6.008
2018-12-14 04:15,5.998
2018-12-14 04:30,5.988
2018-12-14 04:45,5.979
2018-12-14 05:00,5.969
2018-12-14 05:15,5.956
2018-12-14 05:30,5.942
2018-12-14 05:45,5.928
2018-12-14 06:00,5.914
2018-12-14 06:15,5.821
2018-12-14 06:30,5.726
2018-12-14 06:45,5.632
2018-12-14 07:00,5.538
2018-12-14 07:15,5.161
2018-12-14 07:30,4.783
2018-12-14 07:45,4.406
2018-12-14 08:00,4.028
2018-12-14 08:15,4.029
2018-12-14 08:30,4.029
2018-12-14 08:45,4.03
2018-12-14 09:00,4.031
2018-12-14 09:15,4.037
2018-12-14 09:30,4.044
2018-12-14 09:45,4.051
2018-12-14 10:00,4.057
2018-12-14 10:15,4.222
2018-12-14 10:30,4.386
2018-12-14 10:45,4.55
2018-12-14 11:00,4.714
2018-12-14 11:15,5.028
2018-12-14 11:30,5.342
2018-12-14 11:45,5.656
2018-12-14 12:00,5.969
2018-12-14 12:15,5.814
2018-12-14 12:30,5.659
2018-12-14 12:45,5.505
2018-12-14 13:00,5.35
2018-12-14 13:15,5.37
2018-12-14 13:30,5.391
2018-12-14 13:45,5.411
2018-12-14 14:00,5.431
2018-12-14 14:15,5.644
2018-12-14 14:30,5.858
2018-12-14 14:45,6.071
2018-12-14 15:00,6.284
2018-12-14 15:15,6.498
2018-12-14 15:30,6.712
2018-12-14 15:45,6.925
2018-12-14 16:00,7.138
2018-12-14 16:15,7.359
2018-12-14 16:30,7.581
2018-12-14 16:45,7.802
2018-12-14 17:00,8.023
2018-12-14 17:15,8.074
2018-12-14 17:30,8.126
2018-12-14 17:45,8.177
2018-12-14 18:00,8.228
2018-12-14 18:15,8.419
2018-12-14 18:30,8.611
2018-12-14 18:45,8.801
2018-12-14 19:00,8.992
2018-12-14 19:15,9.002
2018-12-14 19:30,9.012
2018-12-14 19:45,9.021
2018-12-14 20:00,9.031
2018-12-14 20:15,9.031
2018-12-14 20:30,9.031
2018-12-14 20:45,9.031
2018-12-14 21:00,9.031
2018-12-14 21:15,9.197
2018-12-14 21:30,9.362
2018-12-14 21:45,9.528
2018-12-14 22:00,9.693
2018-12-14 22:15,9.661
2018-12-14 22:30,9.629
2018-12-14 22:45,9.597
2018-12-14 23:00,9.564
2018-12-14 23:15,9.188
2018-12-14 23:30,8.813
2018-12-14 23:45,8.437
2018-12-15 00:00,8.062
2018-12-15 00:15,7.759
2018-12-15 00:30,7.458
2018-12-15 00:45,7.156
2018-12-15 01:00,6.854
2018-12-15 01:15,6.642
2018-12-15 01:30,6.431
2018-12-15 01:45,6.219
2018-12-15 02:00,6.008
2018-12-15 02:15,5.948
2018-12-15 02:30,5.888
2018-12-15 02:45,5.829
2018-12-15 03:00,5.769
2018-12-15 03:15,5.479
2018-12-15 03:30,5.188
2018-12-15 03:45,4.898
2018-12-15 04:00,4.608
2018-12-15 04:15,4.366
2018-12-15 04:30,4.123
2018-12-15 04:45,3.881
2018-12-15 05:00,3.638
2018-12-15 05:15,3.484
2018-12-15 05:30,3.331
2018-12-15 05:45,3.177
2018-12-15 06:00,3.023
2018-12-15 06:15,3.013
2018-12-15 06:30,3.004
2018-12-15 06:45,2.994
2018-12-15 07:00,2.984
2018-12-15 07:15,2.934
2018-12-15 07:30,2.884
2018-12-15 07:45,2.834
2018-12-15 08:00,2.784
2018-12-15 08:15,2.592
2018-12-15 08:30,2.4
2018-12-15 08:45,2.208
2018-12-15 09:00,2.016
2018-12-15 09:15,2.317
2018-12-15 09:30,2.619
2018-12-15 09:45,2.921
2018-12-15 10:00,3.223
2018-12-15 10:15,3.784
2018-12-15 10:30,4.346
2018-12-15 10:45,4.908
2018-12-15 11:00,5.469
2018-12-15 11:15,5.954
2018-12-15 11:30,6.438
2018-12-15 11:45,6.923
2018-12-15 12:00,7.408
2018-12-15 12:15,8.096
2018-12-15 12:30,8.784
2018-12-15 12:45,9.473
2018-12-15 13:00,10.162
2018-12-15 13:15,10.656
2018-12-15 13:30,11.15
2018-12-15 13:45,11.644
2018-12-15 14:00,12.138
2018-12-15 14:15,12.448
2018-12-15 14:30,12.758
2018-12-15 14:45,13.067
2018-12-15 15:00,13.377
2018-12-15 15:15,13.667
2018-12-15 15:30,13.958
2018-12-15 15:45,14.248
2018-12-15 16:00,14.538
2018-12-15 16:15,14.808
2018-12-15 16:30,15.077
2018-12-15 16:45,15.346
2018-12-15 17:00,15.616
2018-12-15 17:15,15.344
2018-12-15 17:30,15.073
2018-12-15 17:45,14.802
2018-12-15 18:00,14.531
2018-12-15 18:15,14.221
2018-12-15 18:30,13.912
2018-12-15 18:45,13.602
2018-12-15 19:00,13.292
2018-12-15 19:15,12.731
2018-12-15 19:30,12.169
2018-12-15 19:45,11.608
2018-12-15 20:00,11.046
2018-12-15 20:15,10.442
2018-12-15 20:30,9.838
2018-12-15 20:45,9.234
2018-12-15 21:00,8.631
2018-12-15 21:15,8.284
2018-12-15 21:30,7.938
2018-12-15 21:45,7.592
2018-12-15 22:00,7.246
2018-12-15 22:15,7.304
2018-12-15 22:30,7.362
2018-12-15 22:45,7.419
2018-12-15 23:00,7.477
2018-12-15 23:15,7.127
2018-12-15 23:30,6.777
2018-12-15 23:45,6.427
2018-12-16 00:00,6.077
2018-12-16 00:15,6.033
2018-12-16 00:30,5.988
2018-12-16 00:45,5.944
2018-12-16 01:00,5.9
2018-12-16 01:15,5.937
2018-12-16 01:30,5.973
2018-12-16 01:45,6.009
2018-12-16 02:00,6.046
2018-12-16 02:15,6.221
2018-12-16 02:30,6.396
2018-12-16 02:45,6.571
2018-12-16 03:00,6.746
2018-12-16 03:15,6.708
2018-12-16 03:30,6.669
2018-12-16 03:45,6.631
2018-12-16 04:00,6.592
2018-12-16 04:15,6.552
2018-12-16 04:30,6.512
2018-12-16 04:45,6.471
2018-12-16 05:00,6.431
2018-12-16 05:15,5.908
2018-12-16 05:30,5.384
2018-12-16 05:45,4.862
2018-12-16 06:00,4.338
2018-12-16 06:15,4.477
2018-12-16 06:30,4.616
2018-12-16 06:45,4.754
2018-12-16 07:00,4.892
2018-12-16 07:15,5.183
2018-12-16 07:30,5.473
2018-12-16 07:45,5.763
2018-12-16 08:00,6.054
2018-12-16 08:15,5.841
2018-12-16 08:30,5.627
2018-12-16 08:45,5.413
2018-12-16 09:00,5.2
2018-12-16 09:15,5.492
2018-12-16 09:30,5.784
2018-12-16 09:45,6.077
2018-12-16 10:00,6.369
2018-12-16 10:15,7.154
2018-12-16 10:30,7.938
2018-12-16 10:45,8.723
2018-12-16 11:00,9.508
2018-12-16 11:15,10.291
2018-12-16 11:30,11.073
2018-12-16 11:45,11.856
2018-12-16 12:00,12.638
2018-12-16 12:15,13.291
2018-12-16 12:30,13.942
2018-12-16 12:45,14.594
2018-12-16 13:00,15.246
2018-12-16 13:15,15.931
2018-12-16 13:30,16.616
2018-12-16 13:45,17.3
2018-12-16 14:00,17.984
2018-12-16 14:15,17.8
2018-12-16 14:30,17.616
2018-12-16 14:45,17.431
2018-12-16 15:00,17.246
2018-12-16 15:15,17.188
2018-12-16 15:30,17.131
2018-12-16 15:45,17.073
2018-12-16 16:00,17.016
2018-12-16 16:15,16.917
2018-12-16 16:30,16.819
2018-12-16 16:45,16.721
2018-12-16 17:00,16.623
2018-12-16 17:15,16.167
2018-12-16 17:30,15.712
2018-12-16 17:45,15.256
2018-12-16 18:00,14.8
2018-12-16 18:15,14.548
2018-12-16 18:30,14.296
2018-12-16 18:45,14.044
2018-12-16 19:00,13.792
2018-12-16 19:15,13.521
2018-12-16 19:30,13.25
2018-12-16 19:45,12.979
2018-12-16 20:00,12.708
2018-12-16 20:15,12.533
2018-12-16 20:30,12.358
2018-12-16 20:45,12.183
2018-12-16 21:00,12.008
2018-12-16 21:15,11.737
2018-12-16 21:30,11.466
2018-12-16 21:45,11.194
2018-12-16 22:00,10.923
2018-12-16 22:15,10.527
2018-12-16 22:30,10.131
2018-12-16 22:45,9.734
2018-12-16 23:00,9.338
2018-12-16 23:15,9.252
2018-12-16 23:30,9.166
2018-12-16 23:45,9.079
2018-12-17 00:00,8.992
2018-12-17 00:15,8.884
2018-12-17 00:30,8.777
2018-12-17 00:45,8.669
2018-12-17 01:00,8.562
2018-12-17 01:15,8.406
2018-12-17 01:30,8.25
2018-12-17 01:45,8.094
2018-12-17 02:00,7.938
2018-12-17 02:15,7.833
2018-12-17 02:30,7.727
2018-12-17 02:45,7.621
2018-12-17 03:00,7.516
2018-12-17 03:15,7.302
2018-12-17 03:30,7.088
2018-12-17 03:45,6.875
2018-12-17 04:00,6.662
2018-12-17 04:15,6.537
2018-12-17 04:30,6.412
2018-12-17 04:45,6.287
2018-12-17 05:00,6.162
2018-12-17 05:15,6.094
2018-12-17 05:30,6.027
2018-12-17 05:45,5.959
2018-12-17 06:00,5.892
2018-12-17 06:15,5.854
2018-12-17 06:30,5.816
2018-12-17 06:45,5.777
2018-12-17 07:00,5.738
2018-12-17 07:15,5.758
2018-12-17 07:30,5.777
2018-12-17 07:45,5.796
2018-12-17 08:00,5.816
2018-12-17 08:15,5.784
2018-12-17 08:30,5.754
2018-12-17 08:45,5.723
2018-12-17 09:00,5.692
2018-12-17 09:15,5.771
2018-12-17 09:30,5.85
2018-12-17 09:45,5.929
2018-12-17 10:00,6.008
2018-12-17 10:15,6.163
2018-12-17 10:30,6.319
2018-12-17 10:45,6.475
2018-12-17 11:00,6.631
2018-12-17 11:15,7.029
2018-12-17 11:30,7.427
2018-12-17 11:45,7.825
2018-12-17 12:00,8.223
2018-12-17 12:15,8.444
2018-12-17 12:30,8.666
2018-12-17 12:45,8.887
2018-12-17 13:00,9.108
2018-12-17 13:15,9.312
2018-12-17 13:30,9.516
2018-12-17 13:45,9.719
2018-12-17 14:00,9.923
2018-12-17 14:15,10.05
2018-12-17 14:30,10.177
2018-12-17 14:45,10.304
2018-12-17 15:00,10.431
2018-12-17 15:15,10.546
2018-12-17 15:30,10.662
2018-12-17 15:45,10.777
2018-12-17 16:00,10.892
2018-12-17 16:15,11.029
2018-12-17 16:30,11.166
2018-12-17 16:45,11.302
2018-12-17 17:00,11.438
2018-12-17 17:15,11.466
2018-12-17 17:30,11.492
2018-12-17 17:45,11.519
2018-12-17 18:00,11.546
2018-12-17 18:15,11.206
2018-12-17 18:30,10.866
2018-12-17 18:45,10.525
2018-12-17 19:00,10.184
2018-12-17 19:15,9.798
2018-12-17 19:30,9.412
2018-12-17 19:45,9.025
2018-12-17 20:00,8.638
2018-12-17 20:15,8.494
2018-12-17 20:30,8.35
2018-12-17 20:45,8.206
2018-12-17 21:00,8.062
2018-12-17 21:15,8.052
2018-12-17 21:30,8.042
2018-12-17 21:45,8.033
2018-12-17 22:00,8.023
2018-12-17 22:15,7.867
2018-12-17 22:30,7.712
2018-12-17 22:45,7.556
2018-12-17 23:00,7.4
2018-12-17 23:15,7.284
2018-12-17 23:30,7.169
2018-12-17 23:45,7.054
2018-12-18 00:00,6.938
2018-12-18 00:15,6.756
2018-12-18 00:30,6.573
2018-12-18 00:45,6.391
2018-12-18 01:00,6.208
2018-12-18 01:15,6.077
2018-12-18 01:30,5.946
2018-12-18 01:45,5.816
2018-12-18 02:00,5.684
2018-12-18 02:15,5.463
2018-12-18 02:30,5.242
2018-12-18 02:45,5.021
2018-12-18 03:00,4.8
2018-12-18 03:15,4.548
2018-12-18 03:30,4.296
2018-12-18 03:45,4.044
2018-12-18 04:00,3.792
2018-12-18 04:15,3.669
2018-12-18 04:30,3.546
2018-12-18 04:45,3.423
2018-12-18 05:00,3.3
2018-12-18 05:15,3.171
2018-12-18 05:30,3.042
2018-12-18 05:45,2.913
2018-12-18 06:00,2.784
2018-12-18 06:15,2.719
2018-12-18 06:30,2.654
2018-12-18 06:45,2.588
2018-12-18 07:00,2.523
2018-12-18 07:15,2.512
2018-12-18 07:30,2.5
2018-12-18 07:45,2.488
2018-12-18 08:00,2.477
2018-12-18 08:15,2.469
2018-12-18 08:30,2.462
2018-12-18 08:45,2.454
2018-12-18 09:00,2.447
2018-12-18 09:15,2.437
2018-12-18 09:30,2.427
2018-12-18 09:45,2.417
2018-12-18 10:00,2.408
2018-12-18 10:15,3.291
2018-12-18 10:30,4.173
2018-12-18 10:45,5.056
2018-12-18 11:00,5.938
2018-12-18 11:15,6.742
2018-12-18 11:30,7.546
2018-12-18 11:45,8.35
2018-12-18 12:00,9.154
2018-12-18 12:15,9.792
2018-12-18 12:30,10.431
2018-12-18 12:45,11.069
2018-12-18 13:00,11.708
2018-12-18 13:15,12.183
2018-12-18 13:30,12.658
2018-12-18 13:45,13.133
2018-12-18 14:00,13.608
2018-12-18 14:15,13.977
2018-12-18 14:30,14.346
2018-12-18 14:45,14.716
2018-12-18 15:00,15.084
2018-12-18 15:15,15.548
2018-12-18 15:30,16.012
2018-12-18 15:45,16.475
2018-12-18 16:00,16.938
2018-12-18 16:15,16.948
2018-12-18 16:30,16.958
2018-12-18 16:45,16.967
2018-12-18 17:00,16.977
2018-12-18 17:15,16.783
2018-12-18 17:30,16.588
2018-12-18 17:45,16.394
2018-12-18 18:00,16.2
2018-12-18 18:15,15.617
2018-12-18 18:30,15.034
2018-12-18 18:45,14.452
2018-12-18 19:00,13.869
2018-12-18 19:15,13.521
2018-12-18 19:30,13.173
2018-12-18 19:45,12.825
2018-12-18 20:00,12.477
2018-12-18 20:15,12.352
2018-12-18 20:30,12.227
2018-12-18 20:45,12.102
2018-12-18 21:00,11.977
2018-12-18 21:15,11.812
2018-12-18 21:30,11.646
2018-12-18 21:45,11.481
2018-12-18 22:00,11.316
2018-12-18 22:15,11.258
2018-12-18 22:30,11.2
2018-12-18 22:45,11.142
2018-12-18 23:00,11.084
2018-12-18 23:15,11.056
2018-12-18 23:30,11.027
2018-12-18 23:45,10.998
2018-12-19 00:00,10.969
2018-12-19 00:15,10.979
2018-12-19 00:30,10.988
2018-12-19 00:45,10.998
2018-12-19 01:00,11.008
2018-12-19 01:15,10.902
2018-12-19 01:30,10.796
2018-12-19 01:45,10.691
2018-12-19 02:00,10.584
2018-12-19 02:15,10.674
2018-12-19 02:30,10.764
2018-12-19 02:45,10.853
2018-12-19 03:00,10.943
2018-12-19 03:15,10.959
2018-12-19 03:30,10.975
2018-12-19 03:45,10.992
2018-12-19 04:00,11.008
2018-12-19 04:15,10.998
2018-12-19 04:30,10.988
2018-12-19 04:45,10.979
2018-12-19 05:00,10.969
2018-12-19 05:15,10.95
2018-12-19 05:30,10.931
2018-12-19 05:45,10.912
2018-12-19 06:00,10.893
2018-12-19 06:15,11.095
2018-12-19 06:30,11.297
2018-12-19 06:45,11.498
2018-12-19 07:00,11.7
2018-12-19 07:15,11.721
2018-12-19 07:30,11.742
2018-12-19 07:45,11.763
2018-12-19 08:00,11.783
2018-12-19 08:15,11.596
2018-12-19 08:30,11.407
2018-12-19 08:45,11.219
2018-12-19 09:00,11.032
2018-12-19 09:15,11.026
2018-12-19 09:30,11.019
2018-12-19 09:45,11.014
2018-12-19 10:00,11.008
2018-12-19 10:15,11.306
2018-12-19 10:30,11.604
2018-12-19 10:45,11.902
2018-12-19 11:00,12.2
2018-12-19 11:15,11.902
2018-12-19 11:30,11.604
2018-12-19 11:45,11.306
2018-12-19 12:00,11.008
2018-12-19 12:15,11.456
2018-12-19 12:30,11.904
2018-12-19 12:45,12.352
2018-12-19 13:00,12.8
2018-12-19 13:15,12.8
2018-12-19 13:30,12.8
2018-12-19 13:45,12.8
2018-12-19 14:00,12.8
2018-12-19 14:15,12.607
2018-12-19 14:30,12.414
2018-12-19 14:45,12.222
2018-12-19 15:00,12.028
2018-12-19 15:15,12.083
2018-12-19 15:30,12.137
2018-12-19 15:45,12.192
2018-12-19 16:00,12.246
2018-12-19 16:15,12.277
2018-12-19 16:30,12.308
2018-12-19 16:45,12.338
2018-12-19 17:00,12.369
2018-12-19 17:15,12.427
2018-12-19 17:30,12.484
2018-12-19 17:45,12.542
2018-12-19 18:00,12.6
2018-12-19 18:15,12.448
2018-12-19 18:30,12.297
2018-12-19 18:45,12.144
2018-12-19 19:00,11.993
2018-12-19 19:15,11.989
2018-12-19 19:30,11.985
2018-12-19 19:45,11.981
2018-12-19 20:00,11.977
2018-12-19 20:15,11.754
2018-12-19 20:30,11.531
2018-12-19 20:45,11.308
2018-12-19 21:00,11.084
2018-12-19 21:15,11.171
2018-12-19 21:30,11.258
2018-12-19 21:45,11.344
2018-12-19 22:00,11.431
2018-12-19 22:15,11.325
2018-12-19 22:30,11.219
2018-12-19 22:45,11.113
2018-12-19 23:00,11.008
2018-12-19 23:15,11.104
2018-12-19 23:30,11.2
2018-12-19 23:45,11.296
2018-12-20 00:00,11.392
2018-12-20 00:15,11.287
2018-12-20 00:30,11.181
2018-12-20 00:45,11.075
2018-12-20 01:00,10.969
2018-12-20 01:15,10.9
2018-12-20 01:30,10.831
2018-12-20 01:45,10.762
2018-12-20 02:00,10.692
2018-12-20 02:15,10.5
2018-12-20 02:30,10.308
2018-12-20 02:45,10.116
2018-12-20 03:00,9.923
2018-12-20 03:15,9.729
2018-12-20 03:30,9.534
2018-12-20 03:45,9.341
2018-12-20 04:00,9.146
2018-12-20 04:15,9.038
2018-12-20 04:30,8.931
2018-12-20 04:45,8.823
2018-12-20 05:00,8.716
2018-12-20 05:15,8.533
2018-12-20 05:30,8.35
2018-12-20 05:45,8.167
2018-12-20 06:00,7.984
2018-12-20 06:15,7.984
2018-12-20 06:30,7.984
2018-12-20 06:45,7.984
2018-12-20 07:00,7.984
2018-12-20 07:15,7.954
2018-12-20 07:30,7.923
2018-12-20 07:45,7.892
2018-12-20 08:00,7.862
2018-12-20 08:15,7.669
2018-12-20 08:30,7.477
2018-12-20 08:45,7.284
2018-12-20 09:00,7.092
2018-12-20 09:15,7.267
2018-12-20 09:30,7.442
2018-12-20 09:45,7.617
2018-12-20 10:00,7.792
2018-12-20 10:15,8.171
2018-12-20 10:30,8.55
2018-12-20 10:45,8.929
2018-12-20 11:00,9.308
2018-12-20 11:15,9.763
2018-12-20 11:30,10.219
2018-12-20 11:45,10.675
2018-12-20 12:00,11.131
2018-12-20 12:15,11.459
2018-12-20 12:30,11.788
2018-12-20 12:45,12.117
2018-12-20 13:00,12.446
2018-12-20 13:15,12.659
2018-12-20 13:30,12.873
2018-12-20 13:45,13.087
2018-12-20 14:00,13.3
2018-12-20 14:15,13.483
2018-12-20 14:30,13.666
2018-12-20 14:45,13.848
2018-12-20 15:00,14.031
2018-12-20 15:15,14.05
2018-12-20 15:30,14.069
2018-12-20 15:45,14.088
2018-12-20 16:00,14.108
2018-12-20 16:15,14.088
2018-12-20 16:30,14.069
2018-12-20 16:45,14.05
2018-12-20 17:00,14.031
2018-12-20 17:15,13.991
2018-12-20 17:30,13.95
2018-12-20 17:45,13.909
2018-12-20 18:00,13.869
2018-12-20 18:15,13.629
2018-12-20 18:30,13.388
2018-12-20 18:45,13.148
2018-12-20 19:00,12.908
2018-12-20 19:15,12.675
2018-12-20 19:30,12.442
2018-12-20 19:45,12.209
2018-12-20 20:00,11.977
2018-12-20 20:15,11.763
2018-12-20 20:30,11.55
2018-12-20 20:45,11.337
2018-12-20 21:00,11.123
2018-12-20 21:15,10.919
2018-12-20 21:30,10.716
2018-12-20 21:45,10.512
2018-12-20 22:00,10.308
2018-12-20 22:15,10.066
2018-12-20 22:30,9.823
2018-12-20 22:45,9.581
2018-12-20 23:00,9.338
2018-12-20 23:15,9.163
2018-12-20 23:30,8.988
2018-12-20 23:45,8.813
2018-12-21 00:00,8.638
2018-12-21 00:15,8.475
2018-12-21 00:30,8.312
2018-12-21 00:45,8.148
2018-12-21 01:00,7.984
2018-12-21 01:15,7.858
2018-12-21 01:30,7.731
2018-12-21 01:45,7.604
2018-12-21 02:00,7.477
2018-12-21 02:15,7.273
2018-12-21 02:30,7.069
2018-12-21 02:45,6.866
2018-12-21 03:00,6.662
2018-12-21 03:15,6.488
2018-12-21 03:30,6.316
2018-12-21 03:45,6.142
2018-12-21 04:00,5.969
2018-12-21 04:15,5.754
2018-12-21 04:30,5.538
2018-12-21 04:45,5.323
2018-12-21 05:00,5.108
2018-12-21 05:15,4.829
2018-12-21 05:30,4.55
2018-12-21 05:45,4.271
2018-12-21 06:00,3.992
2018-12-21 06:15,3.923
2018-12-21 06:30,3.854
2018-12-21 06:45,3.784
2018-12-21 07:00,3.716
2018-12-21 07:15,3.571
2018-12-21 07:30,3.427
2018-12-21 07:45,3.283
2018-12-21 08:00,3.138
2018-12-21 08:15,3.1
2018-12-21 08:30,3.062
2018-12-21 08:45,3.023
2018-12-21 09:00,2.984
2018-12-21 09:15,3.423
2018-12-21 09:30,3.862
2018-12-21 09:45,4.3
2018-12-21 10:00,4.738
2018-12-21 10:15,5.3
2018-12-21 10:30,5.862
2018-12-21 10:45,6.423
2018-12-21 11:00,6.984
2018-12-21 11:15,7.508
2018-12-21 11:30,8.031
2018-12-21 11:45,8.554
2018-12-21 12:00,9.077
2018-12-21 12:15,9.521
2018-12-21 12:30,9.966
2018-12-21 12:45,10.409
2018-12-21 13:00,10.854
2018-12-21 13:15,11.137
2018-12-21 13:30,11.419
2018-12-21 13:45,11.702
2018-12-21 14:00,11.984
2018-12-21 14:15,12.313
2018-12-21 14:30,12.642
2018-12-21 14:45,12.971
2018-12-21 15:00,13.3
2018-12-21 15:15,13.483
2018-12-21 15:30,13.666
2018-12-21 15:45,13.848
2018-12-21 16:00,14.031
2018-12-21 16:15,14.254
2018-12-21 16:30,14.477
2018-12-21 16:45,14.7
2018-12-21 17:00,14.923
2018-12-21 17:15,14.729
2018-12-21 17:30,14.534
2018-12-21 17:45,14.341
2018-12-21 18:00,14.146
2018-12-21 18:15,13.698
2018-12-21 18:30,13.25
2018-12-21 18:45,12.802
2018-12-21 19:00,12.354
2018-12-21 19:15,12.017
2018-12-21 19:30,11.681
2018-12-21 19:45,11.344
2018-12-21 20:00,11.008
2018-12-21 20:15,10.891
2018-12-21 20:30,10.773
2018-12-21 20:45,10.656
2018-12-21 21:00,10.538
2018-12-21 21:15,10.373
2018-12-21 21:30,10.208
2018-12-21 21:45,10.042
2018-12-21 22:00,9.877
2018-12-21 22:15,9.656
2018-12-21 22:30,9.434
2018-12-21 22:45,9.213
2018-12-21 23:00,8.992
2018-12-21 23:15,8.923
2018-12-21 23:30,8.854
2018-12-21 23:45,8.784
2018-12-22 00:00,8.716
2018-12-22 00:15,8.717
2018-12-22 00:30,8.719
2018-12-22 00:45,8.721
2018-12-22 01:00,8.723
2018-12-22 01:15,8.733
2018-12-22 01:30,8.742
2018-12-22 01:45,8.752
2018-12-22 02:00,8.762
2018-12-22 02:15,9.121
2018-12-22 02:30,9.481
2018-12-22 02:45,9.841
2018-12-22 03:00,10.2
2018-12-22 03:15,10.071
2018-12-22 03:30,9.942
2018-12-22 03:45,9.813
2018-12-22 04:00,9.684
2018-12-22 04:15,9.327
2018-12-22 04:30,8.969
2018-12-22 04:45,8.612
2018-12-22 05:00,8.254
2018-12-22 05:15,8.167
2018-12-22 05:30,8.081
2018-12-22 05:45,7.994
2018-12-22 06:00,7.908
2018-12-22 06:15,7.8
2018-12-22 06:30,7.692
2018-12-22 06:45,7.584
2018-12-22 07:00,7.477
2018-12-22 07:15,7.642
2018-12-22 07:30,7.808
2018-12-22 07:45,7.973
2018-12-22 08:00,8.138
2018-12-22 08:15,8.023
2018-12-22 08:30,7.908
2018-12-22 08:45,7.792
2018-12-22 09:00,7.677
2018-12-22 09:15,7.834
2018-12-22 09:30,7.992
2018-12-22 09:45,8.15
2018-12-22 10:00,8.308
2018-12-22 10:15,9.073
2018-12-22 10:30,9.838
2018-12-22 10:45,10.604
2018-12-22 11:00,11.369
2018-12-22 11:15,12.252
2018-12-22 11:30,13.134
2018-12-22 11:45,14.017
2018-12-22 12:00,14.9
2018-12-22 12:15,15.517
2018-12-22 12:30,16.134
2018-12-22 12:45,16.752
2018-12-22 13:00,17.369
2018-12-22 13:15,17.281
2018-12-22 13:30,17.192
2018-12-22 13:45,17.104
2018-12-22 14:00,17.016
2018-12-22 14:15,16.975
2018-12-22 14:30,16.934
2018-12-22 14:45,16.894
2018-12-22 15:00,16.854
2018-12-22 15:15,16.681
2018-12-22 15:30,16.508
2018-12-22 15:45,16.334
2018-12-22 16:00,16.162
2018-12-22 16:15,15.775
2018-12-22 16:30,15.388
2018-12-22 16:45,15.002
2018-12-22 17:00,14.616
2018-12-22 17:15,14.391
2018-12-22 17:30,14.166
2018-12-22 17:45,13.941
2018-12-22 18:00,13.716
2018-12-22 18:15,13.242
2018-12-22 18:30,12.769
2018-12-22 18:45,12.296
2018-12-22 19:00,11.823
2018-12-22 19:15,11.559
2018-12-22 19:30,11.296
2018-12-22 19:45,11.033
2018-12-22 20:00,10.769
2018-12-22 20:15,10.275
2018-12-22 20:30,9.781
2018-12-22 20:45,9.287
2018-12-22 21:00,8.792
2018-12-22 21:15,8.591
2018-12-22 21:30,8.388
2018-12-22 21:45,8.187
2018-12-22 22:00,7.984
2018-12-22 22:15,7.858
2018-12-22 22:30,7.731
2018-12-22 22:45,7.604
2018-12-22 23:00,7.477
2018-12-22 23:15,7.448
2018-12-22 23:30,7.419
2018-12-22 23:45,7.391
2018-12-23 00:00,7.362
2018-12-23 00:15,7.246
2018-12-23 00:30,7.131
2018-12-23 00:45,7.016
2018-12-23 01:00,6.9
2018-12-23 01:15,6.891
2018-12-23 01:30,6.881
2018-12-23 01:45,6.871
2018-12-23 02:00,6.862
2018-12-23 02:15,6.852
2018-12-23 02:30,6.842
2018-12-23 02:45,6.833
2018-12-23 03:00,6.823
2018-12-23 03:15,6.617
2018-12-23 03:30,6.412
2018-12-23 03:45,6.206
2018-12-23 04:00,6.0
2018-12-23 04:15,6.012
2018-12-23 04:30,6.023
2018-12-23 04:45,6.034
2018-12-23 05:00,6.046
2018-12-23 05:15,6.027
2018-12-23 05:30,6.008
2018-12-23 05:45,5.988
2018-12-23 06:00,5.969
2018-12-23 06:15,5.969
2018-12-23 06:30,5.969
2018-12-23 06:45,5.969
2018-12-23 07:00,5.969
2018-12-23 07:15,5.938
2018-12-23 07:30,5.908
2018-12-23 07:45,5.877
2018-12-23 08:00,5.846
2018-12-23 08:15,5.508
2018-12-23 08:30,5.169
2018-12-23 08:45,4.831
2018-12-23 09:00,4.492
2018-12-23 09:15,4.775
2018-12-23 09:30,5.058
2018-12-23 09:45,5.341
2018-12-23 10:00,5.623
2018-12-23 10:15,6.021
2018-12-23 10:30,6.419
2018-12-23 10:45,6.817
2018-12-23 11:00,7.216
2018-12-23 11:15,7.487
2018-12-23 11:30,7.758
2018-12-23 11:45,8.029
2018-12-23 12:00,8.3
2018-12-23 12:15,8.717
2018-12-23 12:30,9.134
2018-12-23 12:45,9.552
2018-12-23 13:00,9.969
2018-12-23 13:15,10.279
2018-12-23 13:30,10.588
2018-12-23 13:45,10.898
2018-12-23 14:00,11.208
2018-12-23 14:15,11.391
2018-12-23 14:30,11.573
2018-12-23 14:45,11.756
2018-12-23 15:00,11.938
2018-12-23 15:15,11.996
2018-12-23 15:30,12.054
2018-12-23 15:45,12.112
2018-12-23 16:00,12.169
2018-12-23 16:15,12.284
2018-12-23 16:30,12.4
2018-12-23 16:45,12.516
2018-12-23 17:00,12.631
2018-12-23 17:15,12.487
2018-12-23 17:30,12.342
2018-12-23 17:45,12.198
2018-12-23 18:00,12.054
2018-12-23 18:15,11.706
2018-12-23 18:30,11.358
2018-12-23 18:45,11.009
2018-12-23 19:00,10.662
2018-12-23 19:15,10.592
2018-12-23 19:30,10.523
2018-12-23 19:45,10.454
2018-12-23 20:00,10.384
2018-12-23 20:15,9.619
2018-12-23 20:30,8.854
2018-12-23 20:45,8.088
2018-12-23 21:00,7.323
2018-12-23 21:15,7.333
2018-12-23 21:30,7.342
2018-12-23 21:45,7.352
2018-12-23 22:00,7.362
2018-12-23 22:15,7.119
2018-12-23 22:30,6.877
2018-12-23 22:45,6.634
2018-12-23 23:00,6.392
2018-12-23 23:15,6.373
2018-12-23 23:30,6.354
2018-12-23 23:45,6.334
2018-12-24 00:00,6.316
2018-12-24 00:15,6.121
2018-12-24 00:30,5.927
2018-12-24 00:45,5.733
2018-12-24 01:00,5.538
2018-12-24 01:15,5.538
2018-12-24 01:30,5.538
2018-12-24 01:45,5.538
2018-12-24 02:00,5.538
2018-12-24 02:15,5.209
2018-12-24 02:30,4.881
2018-12-24 02:45,4.552
2018-12-24 03:00,4.223
2018-12-24 03:15,3.973
2018-12-24 03:30,3.723
2018-12-24 03:45,3.473
2018-12-24 04:00,3.223
2018-12-24 04:15,3.192
2018-12-24 04:30,3.162
2018-12-24 04:45,3.131
2018-12-24 05:00,3.1
2018-12-24 05:15,2.898
2018-12-24 05:30,2.696
2018-12-24 05:45,2.494
2018-12-24 06:00,2.292
2018-12-24 06:15,2.204
2018-12-24 06:30,2.116
2018-12-24 06:45,2.027
2018-12-24 07:00,1.938
2018-12-24 07:15,1.898
2018-12-24 07:30,1.858
2018-12-24 07:45,1.817
2018-12-24 08:00,1.777
2018-12-24 08:15,1.767
2018-12-24 08:30,1.758
2018-12-24 08:45,1.748
2018-12-24 09:00,1.738
2018-12-24 09:15,2.054
2018-12-24 09:30,2.369
2018-12-24 09:45,2.684
2018-12-24 10:00,3.0
2018-12-24 10:15,3.967
2018-12-24 10:30,4.934
2018-12-24 10:45,5.902
2018-12-24 11:00,6.869
2018-12-24 11:15,7.731
2018-12-24 11:30,8.592
2018-12-24 11:45,9.454
2018-12-24 12:00,10.316
2018-12-24 12:15,10.838
2018-12-24 12:30,11.362
2018-12-24 12:45,11.884
2018-12-24 13:00,12.408
2018-12-24 13:15,12.794
2018-12-24 13:30,13.181
2018-12-24 13:45,13.567
2018-12-24 14:00,13.954
2018-12-24 14:15,14.1
2018-12-24 14:30,14.246
2018-12-24 14:45,14.392
2018-12-24 15:00,14.538
2018-12-24 15:15,14.742
2018-12-24 15:30,14.946
2018-12-24 15:45,15.15
2018-12-24 16:00,15.354
2018-12-24 16:15,15.469
2018-12-24 16:30,15.584
2018-12-24 16:45,15.7
2018-12-24 17:00,15.816
2018-12-24 17:15,15.784
2018-12-24 17:30,15.754
2018-12-24 17:45,15.723
2018-12-24 18:00,15.692
2018-12-24 18:15,15.15
2018-12-24 18:30,14.608
2018-12-24 18:45,14.066
2018-12-24 19:00,13.523
2018-12-24 19:15,13.485
2018-12-24 19:30,13.447
2018-12-24 19:45,13.409
2018-12-24 20:00,13.372
2018-12-24 20:15,13.148
2018-12-24 20:30,12.924
2018-12-24 20:45,12.701
2018-12-24 21:00,12.477
2018-12-24 21:15,12.244
2018-12-24 21:30,12.012
2018-12-24 21:45,11.779
2018-12-24 22:00,11.546
2018-12-24 22:15,11.412
2018-12-24 22:30,11.277
2018-12-24 22:45,11.142
2018-12-24 23:00,11.008
2018-12-24 23:15,11.027
2018-12-24 23:30,11.046
2018-12-24 23:45,11.066
2018-12-25 00:00,11.084
2018-12-25 00:15,11.304
2018-12-25 00:30,11.524
2018-12-25 00:45,11.744
2018-12-25 01:00,11.964
2018-12-25 01:15,12.229
2018-12-25 01:30,12.494
2018-12-25 01:45,12.758
2018-12-25 02:00,13.023
2018-12-25 02:15,13.042
2018-12-25 02:30,13.062
2018-12-25 02:45,13.081
2018-12-25 03:00,13.1
2018-12-25 03:15,13.052
2018-12-25 03:30,13.004
2018-12-25 03:45,12.956
2018-12-25 04:00,12.908
2018-12-25 04:15,12.838
2018-12-25 04:30,12.769
2018-12-25 04:45,12.7
2018-12-25 05:00,12.631
2018-12-25 05:15,12.48
2018-12-25 05:30,12.329
2018-12-25 05:45,12.179
2018-12-25 06:00,12.028
2018-12-25 06:15,12.219
2018-12-25 06:30,12.411
2018-12-25 06:45,12.602
2018-12-25 07:00,12.793
2018-12-25 07:15,12.884
2018-12-25 07:30,12.977
2018-12-25 07:45,13.068
2018-12-25 08:00,13.16
2018-12-25 08:15,13.113
2018-12-25 08:30,13.066
2018-12-25 08:45,13.018
2018-12-25 09:00,12.972
2018-12-25 09:15,12.984
2018-12-25 09:30,12.997
2018-12-25 09:45,13.01
2018-12-25 10:00,13.023
2018-12-25 10:15,13.246
2018-12-25 10:30,13.469
2018-12-25 10:45,13.692
2018-12-25 11:00,13.916
2018-12-25 11:15,14.013
2018-12-25 11:30,14.112
2018-12-25 11:45,14.209
2018-12-25 12:00,14.308
2018-12-25 12:15,14.963
2018-12-25 12:30,15.618
2018-12-25 12:45,16.273
2018-12-25 13:00,16.928
2018-12-25 13:15,16.981
2018-12-25 13:30,17.033
2018-12-25 13:45,17.086
2018-12-25 14:00,17.138
2018-12-25 14:15,17.242
2018-12-25 14:30,17.346
2018-12-25 14:45,17.45
2018-12-25 15:00,17.554
2018-12-25 15:15,17.438
2018-12-25 15:30,17.323
2018-12-25 15:45,17.208
2018-12-25 16:00,17.092
2018-12-25 16:15,17.063
2018-12-25 16:30,17.034
2018-12-25 16:45,17.006
2018-12-25 17:00,16.977
2018-12-25 17:15,16.765
2018-12-25 17:30,16.553
2018-12-25 17:45,16.341
2018-12-25 18:00,16.128
2018-12-25 18:15,16.082
2018-12-25 18:30,16.036
2018-12-25 18:45,15.989
2018-12-25 19:00,15.943
2018-12-25 19:15,15.959
2018-12-25 19:30,15.975
2018-12-25 19:45,15.992
2018-12-25 20:00,16.008
2018-12-25 20:15,16.009
2018-12-25 20:30,16.011
2018-12-25 20:45,16.013
2018-12-25 21:00,16.014
2018-12-25 21:15,16.013
2018-12-25 21:30,16.011
2018-12-25 21:45,16.009
2018-12-25 22:00,16.008
2018-12-25 22:15,16.245
2018-12-25 22:30,16.482
2018-12-25 22:45,16.72
2018-12-25 23:00,16.957
2018-12-25 23:15,16.962
2018-12-25 23:30,16.967
2018-12-25 23:45,16.972
2018-12-26 00:00,16.977
2018-12-26 00:15,16.977
2018-12-26 00:30,16.977
2018-12-26 00:45,16.977
2018-12-26 01:00,16.977
2018-12-26 01:15,16.831
2018-12-26 01:30,16.684
2018-12-26 01:45,16.538
2018-12-26 02:00,16.392
2018-12-26 02:15,16.296
2018-12-26 02:30,16.2
2018-12-26 02:45,16.104
2018-12-26 03:00,16.008
2018-12-26 03:15,16.008
2018-12-26 03:30,16.008
2018-12-26 03:45,16.008
2018-12-26 04:00,16.008
2018-12-26 04:15,16.008
2018-12-26 04:30,16.008
2018-12-26 04:45,16.008
2018-12-26 05:00,16.008
2018-12-26 05:15,15.998
2018-12-26 05:30,15.988
2018-12-26 05:45,15.979
2018-12-26 06:00,15.969
2018-12-26 06:15,15.969
2018-12-26 06:30,15.969
2018-12-26 06:45,15.969
2018-12-26 07:00,15.969
2018-12-26 07:15,15.979
2018-12-26 07:30,15.988
2018-12-26 07:45,15.998
2018-12-26 08:00,16.008
2018-12-26 08:15,16.008
2018-12-26 08:30,16.008
2018-12-26 08:45,16.008
2018-12-26 09:00,16.008
2018-12-26 09:15,16.008
2018-12-26 09:30,16.008
2018-12-26 09:45,16.008
2018-12-26 10:00,16.008
2018-12-26 10:15,15.998
2018-12-26 10:30,15.988
2018-12-26 10:45,15.979
2018-12-26 11:00,15.969
2018-12-26 11:15,16.029
2018-12-26 11:30,16.088
2018-12-26 11:45,16.148
2018-12-26 12:00,16.208
2018-12-26 12:15,16.431
2018-12-26 12:30,16.654
2018-12-26 12:45,16.877
2018-12-26 13:00,17.1
2018-12-26 13:15,17.292
2018-12-26 13:30,17.483
2018-12-26 13:45,17.675
2018-12-26 14:00,17.867
2018-12-26 14:15,17.8
2018-12-26 14:30,17.733
2018-12-26 14:45,17.667
2018-12-26 15:00,17.6
2018-12-26 15:15,17.5
2018-12-26 15:30,17.4
2018-12-26 15:45,17.3
2018-12-26 16:00,17.2
2018-12-26 16:15,17.138
2018-12-26 16:30,17.075
2018-12-26 16:45,17.013
2018-12-26 17:00,16.95
2018-12-26 17:15,16.917
2018-12-26 17:30,16.885
2018-12-26 17:45,16.853
2018-12-26 18:00,16.82
2018-12-26 18:15,16.79
2018-12-26 18:30,16.76
2018-12-26 18:45,16.73
2018-12-26 19:00,16.7
2018-12-26 19:15,16.625
2018-12-26 19:30,16.55
2018-12-26 19:45,16.475
2018-12-26 20:00,16.4
2018-12-26 20:15,16.0
2018-12-26 20:30,15.6
2018-12-26 20:45,15.2
2018-12-26 21:00,14.8
2018-12-26 21:15,14.225
2018-12-26 21:30,13.65
2018-12-26 21:45,13.075
2018-12-26 22:00,12.5
2018-12-26 22:15,12.575
2018-12-26 22:30,12.65
2018-12-26 22:45,12.725
2018-12-26 23:00,12.8
2018-12-26 23:15,12.925
2018-12-26 23:30,13.05
2018-12-26 23:45,13.175
2018-12-27 00:00,13.3
2018-12-27 00:15,13.088
2018-12-27 00:30,12.875
2018-12-27 00:45,12.663
2018-12-27 01:00,12.45
2018-12-27 01:15,12.327
2018-12-27 01:30,12.205
2018-12-27 01:45,12.083
2018-12-27 02:00,11.96
2018-12-27 02:15,11.883
2018-12-27 02:30,11.805
2018-12-27 02:45,11.728
2018-12-27 03:00,11.65
2018-12-27 03:15,11.663
2018-12-27 03:30,11.675
2018-12-27 03:45,11.687
2018-12-27 04:00,11.7
2018-12-27 04:15,11.55
2018-12-27 04:30,11.4
2018-12-27 04:45,11.25
2018-12-27 05:00,11.1
2018-12-27 05:15,11.1
2018-12-27 05:30,11.1
2018-12-27 05:45,11.1
2018-12-27 06:00,11.1
2018-12-27 06:15,10.975
2018-12-27 06:30,10.85
2018-12-27 06:45,10.725
2018-12-27 07:00,10.6
2018-12-27 07:15,10.45
2018-12-27 07:30,10.3
2018-12-27 07:45,10.15
2018-12-27 08:00,10.0
2018-12-27 08:15,10.0
2018-12-27 08:30,10.0
2018-12-27 08:45,10.0
2018-12-27 09:00,10.0
2018-12-27 09:15,10.425
2018-12-27 09:30,10.85
2018-12-27 09:45,11.275
2018-12-27 10:00,11.7
2018-12-27 10:15,12.1
2018-12-27 10:30,12.5
2018-12-27 10:45,12.9
2018-12-27 11:00,13.3
2018-12-27 11:15,13.725
2018-12-27 11:30,14.15
2018-12-27 11:45,14.575
2018-12-27 12:00,15.0
2018-12-27 12:15,15.15
2018-12-27 12:30,15.3
2018-12-27 12:45,15.45
2018-12-27 13:00,15.6
2018-12-27 13:15,15.45
2018-12-27 13:30,15.3
2018-12-27 13:45,15.15
2018-12-27 14:00,15.0
2018-12-27 14:15,14.744
2018-12-27 14:30,14.488
2018-12-27 14:45,14.231
2018-12-27 15:00,13.975
2018-12-27 15:15,13.766
2018-12-27 15:30,13.557
2018-12-27 15:45,13.348
2018-12-27 16:00,13.138
2018-12-27 16:15,12.887
2018-12-27 16:30,12.634
2018-12-27 16:45,12.383
2018-12-27 17:00,12.131
2018-12-27 17:15,11.791
2018-12-27 17:30,11.45
2018-12-27 17:45,11.109
2018-12-27 18:00,10.769
2018-12-27 18:15,10.313
2018-12-27 18:30,9.858
2018-12-27 18:45,9.402
2018-12-27 19:00,8.946
2018-12-27 19:15,8.617
2018-12-27 19:30,8.288
2018-12-27 19:45,7.959
2018-12-27 20:00,7.631
2018-12-27 20:15,7.388
2018-12-27 20:30,7.146
2018-12-27 20:45,6.904
2018-12-27 21:00,6.662
2018-12-27 21:15,6.458
2018-12-27 21:30,6.254
2018-12-27 21:45,6.05
2018-12-27 22:00,5.846
2018-12-27 22:15,5.616
2018-12-27 22:30,5.384
2018-12-27 22:45,5.154
2018-12-27 23:00,4.923
2018-12-27 23:15,4.691
2018-12-27 23:30,4.458
2018-12-27 23:45,4.225
2018-12-28 00:00,3.992
2018-12-28 00:15,3.837
2018-12-28 00:30,3.681
2018-12-28 00:45,3.525
2018-12-28 01:00,3.369
2018-12-28 01:15,3.273
2018-12-28 01:30,3.177
2018-12-28 01:45,3.081
2018-12-28 02:00,2.984
2018-12-28 02:15,2.888
2018-12-28 02:30,2.792
2018-12-28 02:45,2.696
2018-12-28 03:00,2.6
2018-12-28 03:15,2.454
2018-12-28 03:30,2.308
2018-12-28 03:45,2.162
2018-12-28 04:00,2.016
2018-12-28 04:15,2.006
2018-12-28 04:30,1.996
2018-12-28 04:45,1.987
2018-12-28 05:00,1.977
2018-12-28 05:15,1.792
2018-12-28 05:30,1.608
2018-12-28 05:45,1.423
2018-12-28 06:00,1.238
2018-12-28 06:15,1.063
2018-12-28 06:30,0.888
2018-12-28 06:45,0.713
2018-12-28 07:00,0.538
2018-12-28 07:15,0.404
2018-12-28 07:30,0.269
2018-12-28 07:45,0.134
2018-12-28 08:00,0.0
2018-12-28 08:15,0.031
2018-12-28 08:30,0.062
2018-12-28 08:45,0.092
2018-12-28 09:00,0.123
2018-12-28 09:15,0.344
2018-12-28 09:30,0.566
2018-12-28 09:45,0.787
2018-12-28 10:00,1.008
2018-12-28 10:15,1.259
2018-12-28 10:30,1.512
2018-12-28 10:45,1.763
2018-12-28 11:00,2.016
2018-12-28 11:15,2.248
2018-12-28 11:30,2.481
2018-12-28 11:45,2.713
2018-12-28 12:00,2.946
2018-12-28 12:15,3.217
2018-12-28 12:30,3.488
2018-12-28 12:45,3.759
2018-12-28 13:00,4.031
2018-12-28 13:15,4.304
2018-12-28 13:30,4.577
2018-12-28 13:45,4.85
2018-12-28 14:00,5.123
2018-12-28 14:15,5.394
2018-12-28 14:30,5.666
2018-12-28 14:45,5.937
2018-12-28 15:00,6.208
2018-12-28 15:15,6.371
2018-12-28 15:30,6.534
2018-12-28 15:45,6.698
2018-12-28 16:00,6.862
2018-12-28 16:15,6.891
2018-12-28 16:30,6.919
2018-12-28 16:45,6.948
2018-12-28 17:00,6.977
2018-12-28 17:15,6.908
2018-12-28 17:30,6.838
2018-12-28 17:45,6.769
2018-12-28 18:00,6.7
2018-12-28 18:15,6.341
2018-12-28 18:30,5.981
2018-12-28 18:45,5.621
2018-12-28 19:00,5.262
2018-12-28 19:15,4.944
2018-12-28 19:30,4.627
2018-12-28 19:45,4.309
2018-12-28 20:00,3.992
2018-12-28 20:15,3.904
2018-12-28 20:30,3.816
2018-12-28 20:45,3.727
2018-12-28 21:00,3.638
2018-12-28 21:15,3.484
2018-12-28 21:30,3.331
2018-12-28 21:45,3.177
2018-12-28 22:00,3.023
2018-12-28 22:15,3.023
2018-12-28 22:30,3.023
2018-12-28 22:45,3.023
2018-12-28 23:00,3.023
2018-12-28 23:15,3.023
2018-12-28 23:30,3.023
2018-12-28 23:45,3.023
2018-12-29 00:00,3.023
2018-12-29 00:15,3.013
2018-12-29 00:30,3.004
2018-12-29 00:45,2.994
2018-12-29 01:00,2.984
2018-12-29 01:15,2.984
2018-12-29 01:30,2.984
2018-12-29 01:45,2.984
2018-12-29 02:00,2.984
2018-12-29 02:15,2.792
2018-12-29 02:30,2.6
2018-12-29 02:45,2.408
2018-12-29 03:00,2.216
2018-12-29 03:15,2.262
2018-12-29 03:30,2.308
2018-12-29 03:45,2.354
2018-12-29 04:00,2.4
2018-12-29 04:15,2.304
2018-12-29 04:30,2.208
2018-12-29 04:45,2.112
2018-12-29 05:00,2.016
2018-12-29 05:15,2.006
2018-12-29 05:30,1.996
2018-12-29 05:45,1.987
2018-12-29 06:00,1.977
2018-12-29 06:15,1.927
2018-12-29 06:30,1.877
2018-12-29 06:45,1.827
2018-12-29 07:00,1.777
2018-12-29 07:15,1.584
2018-12-29 07:30,1.392
2018-12-29 07:45,1.2
2018-12-29 08:00,1.008
2018-12-29 08:15,0.998
2018-12-29 08:30,0.988
2018-12-29 08:45,0.979
2018-12-29 09:00,0.969
2018-12-29 09:15,0.969
2018-12-29 09:30,0.969
2018-12-29 09:45,0.969
2018-12-29 10:00,0.969
2018-12-29 10:15,0.979
2018-12-29 10:30,0.988
2018-12-29 10:45,0.998
2018-12-29 11:00,1.008
2018-12-29 11:15,1.008
2018-12-29 11:30,1.008
2018-12-29 11:45,1.008
2018-12-29 12:00,1.008
2018-12-29 12:15,1.008
2018-12-29 12:30,1.008
2018-12-29 12:45,1.008
2018-12-29 13:00,1.008
2018-12-29 13:15,1.221
2018-12-29 13:30,1.434
2018-12-29 13:45,1.648
2018-12-29 14:00,1.862
2018-12-29 14:15,2.066
2018-12-29 14:30,2.269
2018-12-29 14:45,2.473
2018-12-29 15:00,2.677
2018-12-29 15:15,2.821
2018-12-29 15:30,2.966
2018-12-29 15:45,3.109
2018-12-29 16:00,3.254
2018-12-29 16:15,3.381
2018-12-29 16:30,3.508
2018-12-29 16:45,3.634
2018-12-29 17:00,3.762
2018-12-29 17:15,3.819
2018-12-29 17:30,3.877
2018-12-29 17:45,3.934
2018-12-29 18:00,3.992
2018-12-29 18:15,3.75
2018-12-29 18:30,3.508
2018-12-29 18:45,3.266
2018-12-29 19:00,3.023
2018-12-29 19:15,3.013
2018-12-29 19:30,3.004
2018-12-29 19:45,2.994
2018-12-29 20:00,2.984
2018-12-29 20:15,2.752
2018-12-29 20:30,2.519
2018-12-29 20:45,2.287
2018-12-29 21:00,2.054
2018-12-29 21:15,2.034
2018-12-29 21:30,2.016
2018-12-29 21:45,1.996
2018-12-29 22:00,1.977
2018-12-29 22:15,1.977
2018-12-29 22:30,1.977
2018-12-29 22:45,1.977
2018-12-29 23:00,1.977
2018-12-29 23:15,1.977
2018-12-29 23:30,1.977
2018-12-29 23:45,1.977
2018-12-30 00:00,1.977
2018-12-30 00:15,1.888
2018-12-30 00:30,1.8
2018-12-30 00:45,1.712
2018-12-30 01:00,1.623
2018-12-30 01:15,1.469
2018-12-30 01:30,1.316
2018-12-30 01:45,1.162
2018-12-30 02:00,1.008
2018-12-30 02:15,0.998
2018-12-30 02:30,0.988
2018-12-30 02:45,0.979
2018-12-30 03:00,0.969
2018-12-30 03:15,0.979
2018-12-30 03:30,0.988
2018-12-30 03:45,0.998
2018-12-30 04:00,1.008
2018-12-30 04:15,1.008
2018-12-30 04:30,1.008
2018-12-30 04:45,1.008
2018-12-30 05:00,1.008
2018-12-30 05:15,1.008
2018-12-30 05:30,1.008
2018-12-30 05:45,1.008
2018-12-30 06:00,1.008
2018-12-30 06:15,1.008
2018-12-30 06:30,1.008
2018-12-30 06:45,1.008
2018-12-30 07:00,1.008
2018-12-30 07:15,1.077
2018-12-30 07:30,1.146
2018-12-30 07:45,1.216
2018-12-30 08:00,1.284
2018-12-30 08:15,1.458
2018-12-30 08:30,1.631
2018-12-30 08:45,1.804
2018-12-30 09:00,1.977
2018-12-30 09:15,1.977
2018-12-30 09:30,1.977
2018-12-30 09:45,1.977
2018-12-30 10:00,1.977
2018-12-30 10:15,1.99
2018-12-30 10:30,2.003
2018-12-30 10:45,2.016
2018-12-30 11:00,2.028
2018-12-30 11:15,2.229
2018-12-30 11:30,2.429
2018-12-30 11:45,2.63
2018-12-30 12:00,2.831
2018-12-30 12:15,2.879
2018-12-30 12:30,2.927
2018-12-30 12:45,2.975
2018-12-30 13:00,3.023
2018-12-30 13:15,3.131
2018-12-30 13:30,3.238
2018-12-30 13:45,3.346
2018-12-30 14:00,3.454
2018-12-30 14:15,3.598
2018-12-30 14:30,3.742
2018-12-30 14:45,3.887
2018-12-30 15:00,4.031
2018-12-30 15:15,4.081
2018-12-30 15:30,4.131
2018-12-30 15:45,4.181
2018-12-30 16:00,4.231
2018-12-30 16:15,4.423
2018-12-30 16:30,4.616
2018-12-30 16:45,4.808
2018-12-30 17:00,5.0
2018-12-30 17:15,5.0
2018-12-30 17:30,5.0
2018-12-30 17:45,5.0
2018-12-30 18:00,5.0
2018-12-30 18:15,4.796
2018-12-30 18:30,4.592
2018-12-30 18:45,4.388
2018-12-30 19:00,4.184
2018-12-30 19:15,4.146
2018-12-30 19:30,4.108
2018-12-30 19:45,4.069
2018-12-30 20:00,4.031
2018-12-30 20:15,4.031
2018-12-30 20:30,4.031
2018-12-30 20:45,4.031
2018-12-30 21:00,4.031
2018-12-30 21:15,4.028
2018-12-30 21:30,4.026
2018-12-30 21:45,4.024
2018-12-30 22:00,4.022
2018-12-30 22:15,3.877
2018-12-30 22:30,3.732
2018-12-30 22:45,3.587
2018-12-30 23:00,3.443
2018-12-30 23:15,3.682
2018-12-30 23:30,3.922
2018-12-30 23:45,4.161
2018-12-31 00:00,4.4
2018-12-31 00:15,4.065
2018-12-31 00:30,3.73
2018-12-31 00:45,3.395
2018-12-31 01:00,3.06
2018-12-31 01:15,3.395
2018-12-31 01:30,3.73
2018-12-31 01:45,4.065
2018-12-31 02:00,4.4
2018-12-31 02:15,4.38
2018-12-31 02:30,4.36
2018-12-31 02:45,4.34
2018-12-31 03:00,4.32
2018-12-31 03:15,4.39
2018-12-31 03:30,4.46
2018-12-31 03:45,4.53
2018-12-31 04:00,4.6
2018-12-31 04:15,4.411
2018-12-31 04:30,4.222
2018-12-31 04:45,4.032
2018-12-31 05:00,3.843
2018-12-31 05:15,3.877
2018-12-31 05:30,3.912
2018-12-31 05:45,3.946
2018-12-31 06:00,3.98
2018-12-31 06:15,3.999
2018-12-31 06:30,4.018
2018-12-31 06:45,4.038
2018-12-31 07:00,4.057
2018-12-31 07:15,4.185
2018-12-31 07:30,4.313
2018-12-31 07:45,4.441
2018-12-31 08:00,4.569
2018-12-31 08:15,4.425
2018-12-31 08:30,4.281
2018-12-31 08:45,4.137
2018-12-31 09:00,3.992
2018-12-31 09:15,4.033
2018-12-31 09:30,4.073
2018-12-31 09:45,4.113
2018-12-31 10:00,4.154
2018-12-31 10:15,4.746
2018-12-31 10:30,5.338
2018-12-31 10:45,5.931
2018-12-31 11:00,6.523
2018-12-31 11:15,7.181
2018-12-31 11:30,7.838
2018-12-31 11:45,8.496
2018-12-31 12:00,9.154
2018-12-31 12:15,9.773
2018-12-31 12:30,10.392
2018-12-31 12:45,11.012
2018-12-31 13:00,11.631
2018-12-31 13:15,12.009
2018-12-31 13:30,12.388
2018-12-31 13:45,12.767
2018-12-31 14:00,13.146
2018-12-31 14:15,13.348
2018-12-31 14:30,13.55
2018-12-31 14:45,13.752
2018-12-31 15:00,13.954
2018-12-31 15:15,14.246
2018-12-31 15:30,14.538
2018-12-31 15:45,14.831
2018-12-31 16:00,15.123
2018-12-31 16:15,15.047
2018-12-31 16:30,14.972
2018-12-31 16:45,14.896
2018-12-31 17:00,14.821
2018-12-31 17:15,14.745
2018-12-31 17:30,14.669
2018-12-31 17:45,14.593
2018-12-31 18:00,14.518
2018-12-31 18:15,14.442
2018-12-31 18:30,14.367
2018-12-31 18:45,14.291
2018-12-31 19:00,14.216
2018-12-31 19:15,13.598
2018-12-31 19:30,12.981
2018-12-31 19:45,12.363
2018-12-31 20:00,11.746
2018-12-31 20:15,11.463
2018-12-31 20:30,11.181
2018-12-31 20:45,10.898
2018-12-31 21:00,10.616
2018-12-31 21:15,10.237
2018-12-31 21:30,9.858
2018-12-31 21:45,9.479
2018-12-31 22:00,9.1
2018-12-31 22:15,8.713
2018-12-31 22:30,8.327
2018-12-31 22:45,7.941
2018-12-31 23:00,7.554
2018-12-31 23:15,7.409
2018-12-31 23:30,7.266
2018-12-31 23:45,7.121
2019-01-01 00:00,6.977
